TestSet,Experiment,Kind,Family,Members,Weights,Mode,Fusion,Feature,PTM,Duration,EER (%),MinDCF,Used Pairs,Missing Pairs,BankAlias,ResolvedMembers
full_length,ENS_representation_ptm_train_raw_ptm_mfcc_pitch__wav2vec2_wavlm__a70,ensemble,representation_ptm,train_raw__wav2vec2__mfcc_pitch | train_raw__wavlm__mfcc_pitch,"0.7000,0.3000",ensemble,ensemble,ensemble,ensemble,multi,4.253722258756657,0.528829290744246,9895,0,,grid_film_raw_w2v2_mfccpitch_bdrop0p05_aug_aam_C_augOn_ap0p3_fn0p003_en0p002_m0p18_s30 | Mode3_film_train_raw_wavlm_mfcc_pitch
full_length,ENS_representation_ptm_train_raw_ptm_mfcc_pitch__wav2vec2_wavlm__a60,ensemble,representation_ptm,train_raw__wav2vec2__mfcc_pitch | train_raw__wavlm__mfcc_pitch,"0.6000,0.4000",ensemble,ensemble,ensemble,ensemble,multi,4.253722258756657,0.5316911059527497,9895,0,,grid_film_raw_w2v2_mfccpitch_bdrop0p05_aug_aam_C_augOn_ap0p3_fn0p003_en0p002_m0p18_s30 | Mode3_film_train_raw_wavlm_mfcc_pitch
full_length,ENS_representation_ptm_train_raw_ptm_mfcc_pitch__wav2vec2_wavlm_hubert__a60,ensemble,representation_ptm,train_raw__wav2vec2__mfcc_pitch | train_raw__wavlm__mfcc_pitch | train_raw__hubert__mfcc_pitch,"0.6000,0.2500,0.1500",ensemble,ensemble,ensemble,ensemble,multi,4.260434569133889,0.5251498140475984,9895,0,,grid_film_raw_w2v2_mfccpitch_bdrop0p05_aug_aam_C_augOn_ap0p3_fn0p003_en0p002_m0p18_s30 | Mode3_film_train_raw_wavlm_mfcc_pitch | Mode3_film_train_raw_hubert_mfcc_pitch
full_length,ENS_representation_ptm_train_raw_ptm_mfcc_pitch__wav2vec2_wavlm_hubert__a50,ensemble,representation_ptm,train_raw__wav2vec2__mfcc_pitch | train_raw__wavlm__mfcc_pitch | train_raw__hubert__mfcc_pitch,"0.5000,0.3000,0.2000",ensemble,ensemble,ensemble,ensemble,multi,4.334879195427242,0.5267055003733748,9895,0,,grid_film_raw_w2v2_mfccpitch_bdrop0p05_aug_aam_C_augOn_ap0p3_fn0p003_en0p002_m0p18_s30 | Mode3_film_train_raw_wavlm_mfcc_pitch | Mode3_film_train_raw_hubert_mfcc_pitch
full_length,ENS_representation_ptm_train_raw_ptm_mfcc_pitch__wav2vec2_wavlm__eq,ensemble,representation_ptm,train_raw__wav2vec2__mfcc_pitch | train_raw__wavlm__mfcc_pitch,"0.5000,0.5000",ensemble,ensemble,ensemble,ensemble,multi,4.334879195427242,0.5428272295216092,9895,0,,grid_film_raw_w2v2_mfccpitch_bdrop0p05_aug_aam_C_augOn_ap0p3_fn0p003_en0p002_m0p18_s30 | Mode3_film_train_raw_wavlm_mfcc_pitch
full_length,ENS_representation_ptm_train_raw_ptm_mfcc_pitch__wav2vec2_hubert__a70,ensemble,representation_ptm,train_raw__wav2vec2__mfcc_pitch | train_raw__hubert__mfcc_pitch,"0.7000,0.3000",ensemble,ensemble,ensemble,ensemble,multi,4.416036132097828,0.5334421792363595,9895,0,,grid_film_raw_w2v2_mfccpitch_bdrop0p05_aug_aam_C_augOn_ap0p3_fn0p003_en0p002_m0p18_s30 | Mode3_film_train_raw_hubert_mfcc_pitch
full_length,grid_film_raw_w2v2_mfccpitch_bdrop0p05_aug_aam_C_augOn_ap0p3_fn0p003_en0p002_m0p18_s30,single,single,grid_film_raw_w2v2_mfccpitch_bdrop0p05_aug_aam_C_augOn_ap0p3_fn0p003_en0p002_m0p18_s30,1.0,3,film,mfcc_pitch,wav2vec2,train_raw,4.416036132097828,0.5345093981675567,9895,0,train_raw__wav2vec2__mfcc_pitch,
full_length,ENS_representation_hc_train_raw_hc_wav2vec2__mfcc_pitch_mfcc_pitch__a60,ensemble,representation_hc,train_raw__wav2vec2__mfcc_pitch | train_raw__wav2vec2__mfcc_only | train_raw__wav2vec2__pitch_only,"0.6000,0.2500,0.1500",ensemble,ensemble,ensemble,ensemble,multi,4.416036132097828,0.5494842717340823,9895,0,,grid_film_raw_w2v2_mfccpitch_bdrop0p05_aug_aam_C_augOn_ap0p3_fn0p003_en0p002_m0p18_s30 | Mode3_film_train_raw_wav2vec2_mfcc_only | Mode3_film_train_raw_wav2vec2_pitch_only
full_length,ENS_representation_hc_train_raw_hc_wav2vec2__mfcc_pitch_mfcc__a70,ensemble,representation_hc,train_raw__wav2vec2__mfcc_pitch | train_raw__wav2vec2__mfcc_only,"0.7000,0.3000",ensemble,ensemble,ensemble,ensemble,multi,4.449902290055891,0.5428633431784217,9895,0,,grid_film_raw_w2v2_mfccpitch_bdrop0p05_aug_aam_C_augOn_ap0p3_fn0p003_en0p002_m0p18_s30 | Mode3_film_train_raw_wav2vec2_mfcc_only
full_length,ENS_representation_ptm_train_raw_ptm_mfcc_pitch__wav2vec2_wavlm_hubert__eq,ensemble,representation_ptm,train_raw__wav2vec2__mfcc_pitch | train_raw__wavlm__mfcc_pitch | train_raw__hubert__mfcc_pitch,"0.3333,0.3333,0.3333",ensemble,ensemble,ensemble,ensemble,multi,4.456614600433124,0.532411073961977,9895,0,,grid_film_raw_w2v2_mfccpitch_bdrop0p05_aug_aam_C_augOn_ap0p3_fn0p003_en0p002_m0p18_s30 | Mode3_film_train_raw_wavlm_mfcc_pitch | Mode3_film_train_raw_hubert_mfcc_pitch
full_length,ENS_representation_hc_train_raw_hc_wav2vec2__mfcc_pitch_mfcc__a60,ensemble,representation_hc,train_raw__wav2vec2__mfcc_pitch | train_raw__wav2vec2__mfcc_only,"0.6000,0.4000",ensemble,ensemble,ensemble,ensemble,multi,4.456614600433124,0.5436810046665657,9895,0,,grid_film_raw_w2v2_mfccpitch_bdrop0p05_aug_aam_C_augOn_ap0p3_fn0p003_en0p002_m0p18_s30 | Mode3_film_train_raw_wav2vec2_mfcc_only
full_length,ENS_representation_hc_train_raw_hc_wav2vec2__mfcc_pitch_mfcc__eq,ensemble,representation_hc,train_raw__wav2vec2__mfcc_pitch | train_raw__wav2vec2__mfcc_only,"0.5000,0.5000",ensemble,ensemble,ensemble,ensemble,multi,4.456614600433124,0.5471470375769725,9895,0,,grid_film_raw_w2v2_mfccpitch_bdrop0p05_aug_aam_C_augOn_ap0p3_fn0p003_en0p002_m0p18_s30 | Mode3_film_train_raw_wav2vec2_mfcc_only
full_length,ENS_representation_hc_train_raw_hc_wav2vec2__mfcc_pitch_mfcc_mfbe__a60,ensemble,representation_hc,train_raw__wav2vec2__mfcc_pitch | train_raw__wav2vec2__mfcc_only | train_raw__wav2vec2__mfbe_only,"0.6000,0.2500,0.1500",ensemble,ensemble,ensemble,ensemble,multi,4.490480758391182,0.5446759962841355,9895,0,,grid_film_raw_w2v2_mfccpitch_bdrop0p05_aug_aam_C_augOn_ap0p3_fn0p003_en0p002_m0p18_s30 | Mode3_film_train_raw_wav2vec2_mfcc_only | Mode3_film_train_raw_wav2vec2_mfbe_only
full_length,ENS_representation_ptm_train_raw_ptm_mfcc_pitch__wav2vec2_hubert__a60,ensemble,representation_ptm,train_raw__wav2vec2__mfcc_pitch | train_raw__hubert__mfcc_pitch,"0.6000,0.4000",ensemble,ensemble,ensemble,ensemble,multi,4.497193068768414,0.5325448810977063,9895,0,,grid_film_raw_w2v2_mfccpitch_bdrop0p05_aug_aam_C_augOn_ap0p3_fn0p003_en0p002_m0p18_s30 | Mode3_film_train_raw_hubert_mfcc_pitch
full_length,ENS_representation_hc_train_raw_hc_wav2vec2__mfcc_pitch_mfbe_pitch_mfcc__a60,ensemble,representation_hc,train_raw__wav2vec2__mfcc_pitch | train_raw__wav2vec2__mfbe_pitch | train_raw__wav2vec2__mfcc_only,"0.6000,0.2500,0.1500",ensemble,ensemble,ensemble,ensemble,multi,4.497193068768414,0.5508265142736202,9895,0,,grid_film_raw_w2v2_mfccpitch_bdrop0p05_aug_aam_C_augOn_ap0p3_fn0p003_en0p002_m0p18_s30 | Mode3_film_train_raw_wav2vec2_mfbe_pitch | Mode3_film_train_raw_wav2vec2_mfcc_only
full_length,ENS_representation_hc_train_raw_hc_wav2vec2__mfcc_pitch_mfbe_pitch_mfcc__a50,ensemble,representation_hc,train_raw__wav2vec2__mfcc_pitch | train_raw__wav2vec2__mfbe_pitch | train_raw__wav2vec2__mfcc_only,"0.5000,0.3000,0.2000",ensemble,ensemble,ensemble,ensemble,multi,4.497193068768414,0.5525595307288247,9895,0,,grid_film_raw_w2v2_mfccpitch_bdrop0p05_aug_aam_C_augOn_ap0p3_fn0p003_en0p002_m0p18_s30 | Mode3_film_train_raw_wav2vec2_mfbe_pitch | Mode3_film_train_raw_wav2vec2_mfcc_only
full_length,ENS_representation_hc_train_raw_hc_wav2vec2__mfcc_pitch_mfbe_pitch__a70,ensemble,representation_hc,train_raw__wav2vec2__mfcc_pitch | train_raw__wav2vec2__mfbe_pitch,"0.7000,0.3000",ensemble,ensemble,ensemble,ensemble,multi,4.497193068768414,0.5530044751297092,9895,0,,grid_film_raw_w2v2_mfccpitch_bdrop0p05_aug_aam_C_augOn_ap0p3_fn0p003_en0p002_m0p18_s30 | Mode3_film_train_raw_wav2vec2_mfbe_pitch
full_length,ENS_representation_hc_train_raw_hc_wav2vec2__mfcc_pitch_mfcc_pitch__a50,ensemble,representation_hc,train_raw__wav2vec2__mfcc_pitch | train_raw__wav2vec2__mfcc_only | train_raw__wav2vec2__pitch_only,"0.5000,0.3000,0.2000",ensemble,ensemble,ensemble,ensemble,multi,4.497193068768414,0.554701377928101,9895,0,,grid_film_raw_w2v2_mfccpitch_bdrop0p05_aug_aam_C_augOn_ap0p3_fn0p003_en0p002_m0p18_s30 | Mode3_film_train_raw_wav2vec2_mfcc_only | Mode3_film_train_raw_wav2vec2_pitch_only
full_length,ENS_duration_raw_vi_full_3s__a60,ensemble,duration,train_raw__wav2vec2__mfcc_pitch | train_vi_full__wav2vec2__mfcc_pitch | train_vi_3s__wav2vec2__mfcc_pitch,"0.6000,0.2500,0.1500",ensemble,ensemble,ensemble,ensemble,multi,4.503905379145647,0.5423387621270258,9895,0,,grid_film_raw_w2v2_mfccpitch_bdrop0p05_aug_aam_C_augOn_ap0p3_fn0p003_en0p002_m0p18_s30 | Mode3_film_train_vi_full_wav2vec2_mfcc_pitch_bdrop0p1 | Mode3_film_train_vi_3s_wav2vec2_mfcc_pitch
full_length,ENS_representation_hc_train_raw_hc_wav2vec2__mfcc_pitch_mfbe__a70,ensemble,representation_hc,train_raw__wav2vec2__mfcc_pitch | train_raw__wav2vec2__mfbe_only,"0.7000,0.3000",ensemble,ensemble,ensemble,ensemble,multi,4.503905379145647,0.5453524412996661,9895,0,,grid_film_raw_w2v2_mfccpitch_bdrop0p05_aug_aam_C_augOn_ap0p3_fn0p003_en0p002_m0p18_s30 | Mode3_film_train_raw_wav2vec2_mfbe_only
full_length,ENS_representation_hc_train_raw_hc_wav2vec2__mfcc_pitch_mfcc_mfbe_pitch__a50,ensemble,representation_hc,train_raw__wav2vec2__mfcc_pitch | train_raw__wav2vec2__mfcc_only | train_raw__wav2vec2__mfbe_only | train_raw__wav2vec2__pitch_only,"0.5000,0.2000,0.1500,0.1500",ensemble,ensemble,ensemble,ensemble,multi,4.503905379145647,0.5516261189333588,9895,0,,grid_film_raw_w2v2_mfccpitch_bdrop0p05_aug_aam_C_augOn_ap0p3_fn0p003_en0p002_m0p18_s30 | Mode3_film_train_raw_wav2vec2_mfcc_only | Mode3_film_train_raw_wav2vec2_mfbe_only | Mode3_film_train_raw_wav2vec2_pitch_only
full_length,ENS_representation_hc_train_raw_hc_wav2vec2__mfcc_pitch_mfcc_mfbe__a50,ensemble,representation_hc,train_raw__wav2vec2__mfcc_pitch | train_raw__wav2vec2__mfcc_only | train_raw__wav2vec2__mfbe_only,"0.5000,0.3000,0.2000",ensemble,ensemble,ensemble,ensemble,multi,4.531059226726477,0.5515464822828495,9895,0,,grid_film_raw_w2v2_mfccpitch_bdrop0p05_aug_aam_C_augOn_ap0p3_fn0p003_en0p002_m0p18_s30 | Mode3_film_train_raw_wav2vec2_mfcc_only | Mode3_film_train_raw_wav2vec2_mfbe_only
full_length,ENS_duration_raw_vi_full__a70,ensemble,duration,train_raw__wav2vec2__mfcc_pitch | train_vi_full__wav2vec2__mfcc_pitch,"0.7000,0.3000",ensemble,ensemble,ensemble,ensemble,multi,4.531059226726477,0.5518576195480047,9895,0,,grid_film_raw_w2v2_mfccpitch_bdrop0p05_aug_aam_C_augOn_ap0p3_fn0p003_en0p002_m0p18_s30 | Mode3_film_train_vi_full_wav2vec2_mfcc_pitch_bdrop0p1
full_length,ENS_representation_hc_train_raw_hc_wav2vec2__mfcc_pitch_mfbe_pitch_mfbe__a60,ensemble,representation_hc,train_raw__wav2vec2__mfcc_pitch | train_raw__wav2vec2__mfbe_pitch | train_raw__wav2vec2__mfbe_only,"0.6000,0.2500,0.1500",ensemble,ensemble,ensemble,ensemble,multi,4.537771537103709,0.549520385390895,9895,0,,grid_film_raw_w2v2_mfccpitch_bdrop0p05_aug_aam_C_augOn_ap0p3_fn0p003_en0p002_m0p18_s30 | Mode3_film_train_raw_wav2vec2_mfbe_pitch | Mode3_film_train_raw_wav2vec2_mfbe_only
full_length,ENS_representation_hc_train_raw_hc_wav2vec2__mfcc_pitch_mfbe_pitch_mfcc_mfbe__a50,ensemble,representation_hc,train_raw__wav2vec2__mfcc_pitch | train_raw__wav2vec2__mfbe_pitch | train_raw__wav2vec2__mfcc_only | train_raw__wav2vec2__mfbe_only,"0.5000,0.2000,0.1500,0.1500",ensemble,ensemble,ensemble,ensemble,multi,4.537771537103709,0.5520710633342434,9895,0,,grid_film_raw_w2v2_mfccpitch_bdrop0p05_aug_aam_C_augOn_ap0p3_fn0p003_en0p002_m0p18_s30 | Mode3_film_train_raw_wav2vec2_mfbe_pitch | Mode3_film_train_raw_wav2vec2_mfcc_only | Mode3_film_train_raw_wav2vec2_mfbe_only
full_length,ENS_representation_hc_train_raw_hc_wav2vec2__mfcc_pitch_mfcc_mfbe_pitch__a45,ensemble,representation_hc,train_raw__wav2vec2__mfcc_pitch | train_raw__wav2vec2__mfcc_only | train_raw__wav2vec2__mfbe_only | train_raw__wav2vec2__pitch_only,"0.4500,0.2500,0.1500,0.1500",ensemble,ensemble,ensemble,ensemble,multi,4.537771537103709,0.5545856276207791,9895,0,,grid_film_raw_w2v2_mfccpitch_bdrop0p05_aug_aam_C_augOn_ap0p3_fn0p003_en0p002_m0p18_s30 | Mode3_film_train_raw_wav2vec2_mfcc_only | Mode3_film_train_raw_wav2vec2_mfbe_only | Mode3_film_train_raw_wav2vec2_pitch_only
full_length,ENS_representation_hc_train_raw_hc_wav2vec2__mfcc_pitch_mfbe_pitch_mfcc_mfbe__a45,ensemble,representation_hc,train_raw__wav2vec2__mfcc_pitch | train_raw__wav2vec2__mfbe_pitch | train_raw__wav2vec2__mfcc_only | train_raw__wav2vec2__mfbe_only,"0.4500,0.2500,0.1500,0.1500",ensemble,ensemble,ensemble,ensemble,multi,4.537771537103709,0.555341709286819,9895,0,,grid_film_raw_w2v2_mfccpitch_bdrop0p05_aug_aam_C_augOn_ap0p3_fn0p003_en0p002_m0p18_s30 | Mode3_film_train_raw_wav2vec2_mfbe_pitch | Mode3_film_train_raw_wav2vec2_mfcc_only | Mode3_film_train_raw_wav2vec2_mfbe_only
full_length,ENS_representation_hc_train_raw_hc_wav2vec2__mfcc_pitch_mfbe_pitch_pitch__a60,ensemble,representation_hc,train_raw__wav2vec2__mfcc_pitch | train_raw__wav2vec2__mfbe_pitch | train_raw__wav2vec2__pitch_only,"0.6000,0.2500,0.1500",ensemble,ensemble,ensemble,ensemble,multi,4.537771537103709,0.5578562735733548,9895,0,,grid_film_raw_w2v2_mfccpitch_bdrop0p05_aug_aam_C_augOn_ap0p3_fn0p003_en0p002_m0p18_s30 | Mode3_film_train_raw_wav2vec2_mfbe_pitch | Mode3_film_train_raw_wav2vec2_pitch_only
full_length,ENS_representation_hc_train_raw_hc_wav2vec2__mfcc_pitch_mfbe_pitch_mfcc__eq,ensemble,representation_hc,train_raw__wav2vec2__mfcc_pitch | train_raw__wav2vec2__mfbe_pitch | train_raw__wav2vec2__mfcc_only,"0.3333,0.3333,0.3333",ensemble,ensemble,ensemble,ensemble,multi,4.537771537103709,0.5609315325680971,9895,0,,grid_film_raw_w2v2_mfccpitch_bdrop0p05_aug_aam_C_augOn_ap0p3_fn0p003_en0p002_m0p18_s30 | Mode3_film_train_raw_wav2vec2_mfbe_pitch | Mode3_film_train_raw_wav2vec2_mfcc_only
full_length,ENS_representation_hc_train_raw_hc_wav2vec2__mfcc_pitch_mfbe_pitch_mfcc_mfbe_pitch__a45,ensemble,representation_hc,train_raw__wav2vec2__mfcc_pitch | train_raw__wav2vec2__mfbe_pitch | train_raw__wav2vec2__mfcc_only | train_raw__wav2vec2__mfbe_only | train_raw__wav2vec2__pitch_only,"0.4500,0.2000,0.1500,0.1000,0.1000",ensemble,ensemble,ensemble,ensemble,multi,4.5716376950617725,0.5558482335098076,9895,0,,grid_film_raw_w2v2_mfccpitch_bdrop0p05_aug_aam_C_augOn_ap0p3_fn0p003_en0p002_m0p18_s30 | Mode3_film_train_raw_wav2vec2_mfbe_pitch | Mode3_film_train_raw_wav2vec2_mfcc_only | Mode3_film_train_raw_wav2vec2_mfbe_only | Mode3_film_train_raw_wav2vec2_pitch_only
full_length,ENS_representation_hc_train_raw_hc_wav2vec2__mfcc_pitch_mfbe_pitch_mfcc_pitch__a50,ensemble,representation_hc,train_raw__wav2vec2__mfcc_pitch | train_raw__wav2vec2__mfbe_pitch | train_raw__wav2vec2__mfcc_only | train_raw__wav2vec2__pitch_only,"0.5000,0.2000,0.1500,0.1500",ensemble,ensemble,ensemble,ensemble,multi,4.5716376950617725,0.5592165729412999,9895,0,,grid_film_raw_w2v2_mfccpitch_bdrop0p05_aug_aam_C_augOn_ap0p3_fn0p003_en0p002_m0p18_s30 | Mode3_film_train_raw_wav2vec2_mfbe_pitch | Mode3_film_train_raw_wav2vec2_mfcc_only | Mode3_film_train_raw_wav2vec2_pitch_only
full_length,ENS_representation_hc_train_raw_hc_wav2vec2__mfcc_pitch_mfcc_mfbe__eq,ensemble,representation_hc,train_raw__wav2vec2__mfcc_pitch | train_raw__wav2vec2__mfcc_only | train_raw__wav2vec2__mfbe_only,"0.3333,0.3333,0.3333",ensemble,ensemble,ensemble,ensemble,multi,4.5716376950617725,0.5630117999452695,9895,0,,grid_film_raw_w2v2_mfccpitch_bdrop0p05_aug_aam_C_augOn_ap0p3_fn0p003_en0p002_m0p18_s30 | Mode3_film_train_raw_wav2vec2_mfcc_only | Mode3_film_train_raw_wav2vec2_mfbe_only
full_length,ENS_representation_ptm_train_raw_ptm_mfcc_only__wav2vec2_wavlm_hubert__a50,ensemble,representation_ptm,train_raw__wav2vec2__mfcc_only | train_raw__wavlm__mfcc_only | train_raw__hubert__mfcc_only,"0.5000,0.3000,0.2000",ensemble,ensemble,ensemble,ensemble,multi,4.578350005439,0.5390320025176376,9895,0,,Mode3_film_train_raw_wav2vec2_mfcc_only | Mode3_film_train_raw_wavlm_mfcc_only | Mode3_film_train_raw_hubert_mfcc_only
full_length,ENS_representation_hc_train_raw_hc_wav2vec2__mfcc_pitch_mfbe_pitch__a60,ensemble,representation_hc,train_raw__wav2vec2__mfcc_pitch | train_raw__wav2vec2__mfbe_pitch,"0.6000,0.4000",ensemble,ensemble,ensemble,ensemble,multi,4.578350005439,0.5566658949979516,9895,0,,grid_film_raw_w2v2_mfccpitch_bdrop0p05_aug_aam_C_augOn_ap0p3_fn0p003_en0p002_m0p18_s30 | Mode3_film_train_raw_wav2vec2_mfbe_pitch
full_length,ENS_representation_hc_train_raw_hc_wav2vec2__mfcc_pitch_pitch__a70,ensemble,representation_hc,train_raw__wav2vec2__mfcc_pitch | train_raw__wav2vec2__pitch_only,"0.7000,0.3000",ensemble,ensemble,ensemble,ensemble,multi,4.578350005439,0.5591804592844873,9895,0,,grid_film_raw_w2v2_mfccpitch_bdrop0p05_aug_aam_C_augOn_ap0p3_fn0p003_en0p002_m0p18_s30 | Mode3_film_train_raw_wav2vec2_pitch_only
full_length,ENS_duration_raw_vi_full_3s_5s__a50,ensemble,duration,train_raw__wav2vec2__mfcc_pitch | train_vi_full__wav2vec2__mfcc_pitch | train_vi_3s__wav2vec2__mfcc_pitch | train_vi_5s__wav2vec2__mfcc_pitch,"0.5000,0.2000,0.1500,0.1500",ensemble,ensemble,ensemble,ensemble,multi,4.578350005439,0.5618649443635628,9895,0,,grid_film_raw_w2v2_mfccpitch_bdrop0p05_aug_aam_C_augOn_ap0p3_fn0p003_en0p002_m0p18_s30 | Mode3_film_train_vi_full_wav2vec2_mfcc_pitch_bdrop0p1 | Mode3_film_train_vi_3s_wav2vec2_mfcc_pitch | Mode3_film_train_vi_5s_wav2vec2_mfcc_pitch
full_length,ENS_duration_raw_vi_full_3s_7s__a50,ensemble,duration,train_raw__wav2vec2__mfcc_pitch | train_vi_full__wav2vec2__mfcc_pitch | train_vi_3s__wav2vec2__mfcc_pitch | train_vi_7s__wav2vec2__mfcc_pitch,"0.5000,0.2000,0.1500,0.1500",ensemble,ensemble,ensemble,ensemble,multi,4.578350005439,0.5710004372057593,9895,0,,grid_film_raw_w2v2_mfccpitch_bdrop0p05_aug_aam_C_augOn_ap0p3_fn0p003_en0p002_m0p18_s30 | Mode3_film_train_vi_full_wav2vec2_mfcc_pitch_bdrop0p1 | Mode3_film_train_vi_3s_wav2vec2_mfcc_pitch | Mode3_film_train_vi_7s_wav2vec2_mfcc_pitch
full_length,ENS_representation_hc_train_raw_hc_wav2vec2__mfcc_pitch_mfbe_pitch_mfcc_pitch__a45,ensemble,representation_hc,train_raw__wav2vec2__mfcc_pitch | train_raw__wav2vec2__mfbe_pitch | train_raw__wav2vec2__mfcc_only | train_raw__wav2vec2__pitch_only,"0.4500,0.2500,0.1500,0.1500",ensemble,ensemble,ensemble,ensemble,multi,4.5850623158162325,0.5629937431168642,9895,0,,grid_film_raw_w2v2_mfccpitch_bdrop0p05_aug_aam_C_augOn_ap0p3_fn0p003_en0p002_m0p18_s30 | Mode3_film_train_raw_wav2vec2_mfbe_pitch | Mode3_film_train_raw_wav2vec2_mfcc_only | Mode3_film_train_raw_wav2vec2_pitch_only
full_length,ENS_representation_hc_train_raw_hc_wav2vec2__mfcc_pitch_mfbe_pitch_mfcc_mfbe__eq,ensemble,representation_hc,train_raw__wav2vec2__mfcc_pitch | train_raw__wav2vec2__mfbe_pitch | train_raw__wav2vec2__mfcc_only | train_raw__wav2vec2__mfbe_only,"0.2500,0.2500,0.2500,0.2500",ensemble,ensemble,ensemble,ensemble,multi,4.5850623158162325,0.5699619225944927,9895,0,,grid_film_raw_w2v2_mfccpitch_bdrop0p05_aug_aam_C_augOn_ap0p3_fn0p003_en0p002_m0p18_s30 | Mode3_film_train_raw_wav2vec2_mfbe_pitch | Mode3_film_train_raw_wav2vec2_mfcc_only | Mode3_film_train_raw_wav2vec2_mfbe_only
full_length,ENS_representation_ptm_train_raw_ptm_mfcc_only__wav2vec2_wavlm_hubert__a60,ensemble,representation_ptm,train_raw__wav2vec2__mfcc_only | train_raw__wavlm__mfcc_only | train_raw__hubert__mfcc_only,"0.6000,0.2500,0.1500",ensemble,ensemble,ensemble,ensemble,multi,4.612216163397062,0.5451644636787168,9895,0,,Mode3_film_train_raw_wav2vec2_mfcc_only | Mode3_film_train_raw_wavlm_mfcc_only | Mode3_film_train_raw_hubert_mfcc_only
full_length,ENS_representation_ptm_train_raw_ptm_mfcc_only__wav2vec2_wavlm__eq,ensemble,representation_ptm,train_raw__wav2vec2__mfcc_only | train_raw__wavlm__mfcc_only,"0.5000,0.5000",ensemble,ensemble,ensemble,ensemble,multi,4.612216163397062,0.5464270695677453,9895,0,,Mode3_film_train_raw_wav2vec2_mfcc_only | Mode3_film_train_raw_wavlm_mfcc_only
full_length,ENS_duration_raw_vi_full_3s__a50,ensemble,duration,train_raw__wav2vec2__mfcc_pitch | train_vi_full__wav2vec2__mfcc_pitch | train_vi_3s__wav2vec2__mfcc_pitch,"0.5000,0.3000,0.2000",ensemble,ensemble,ensemble,ensemble,multi,4.612216163397062,0.550399626701143,9895,0,,grid_film_raw_w2v2_mfccpitch_bdrop0p05_aug_aam_C_augOn_ap0p3_fn0p003_en0p002_m0p18_s30 | Mode3_film_train_vi_full_wav2vec2_mfcc_pitch_bdrop0p1 | Mode3_film_train_vi_3s_wav2vec2_mfcc_pitch
full_length,ENS_representation_hc_train_raw_hc_wav2vec2__mfcc_pitch_mfbe_pitch_mfcc_mfbe_pitch__a40,ensemble,representation_hc,train_raw__wav2vec2__mfcc_pitch | train_raw__wav2vec2__mfbe_pitch | train_raw__wav2vec2__mfcc_only | train_raw__wav2vec2__mfbe_only | train_raw__wav2vec2__pitch_only,"0.4000,0.2500,0.1500,0.1000,0.1000",ensemble,ensemble,ensemble,ensemble,multi,4.612216163397062,0.5603453716945991,9895,0,,grid_film_raw_w2v2_mfccpitch_bdrop0p05_aug_aam_C_augOn_ap0p3_fn0p003_en0p002_m0p18_s30 | Mode3_film_train_raw_wav2vec2_mfbe_pitch | Mode3_film_train_raw_wav2vec2_mfcc_only | Mode3_film_train_raw_wav2vec2_mfbe_only | Mode3_film_train_raw_wav2vec2_pitch_only
full_length,ENS_representation_ptm_train_raw_ptm_mfcc_only__wav2vec2_wavlm_hubert__eq,ensemble,representation_ptm,train_raw__wav2vec2__mfcc_only | train_raw__wavlm__mfcc_only | train_raw__hubert__mfcc_only,"0.3333,0.3333,0.3333",ensemble,ensemble,ensemble,ensemble,multi,4.618928473774295,0.5427475928710979,9895,0,,Mode3_film_train_raw_wav2vec2_mfcc_only | Mode3_film_train_raw_wavlm_mfcc_only | Mode3_film_train_raw_hubert_mfcc_only
full_length,ENS_representation_hc_train_raw_hc_wav2vec2__mfcc_pitch_mfbe__a60,ensemble,representation_hc,train_raw__wav2vec2__mfcc_pitch | train_raw__wav2vec2__mfbe_only,"0.6000,0.4000",ensemble,ensemble,ensemble,ensemble,multi,4.618928473774295,0.5487027239027511,9895,0,,grid_film_raw_w2v2_mfccpitch_bdrop0p05_aug_aam_C_augOn_ap0p3_fn0p003_en0p002_m0p18_s30 | Mode3_film_train_raw_wav2vec2_mfbe_only
full_length,ENS_representation_hc_train_raw_hc_wav2vec2__mfcc_pitch_mfbe_pitch__a60,ensemble,representation_hc,train_raw__wav2vec2__mfcc_pitch | train_raw__wav2vec2__mfbe_only | train_raw__wav2vec2__pitch_only,"0.6000,0.2500,0.1500",ensemble,ensemble,ensemble,ensemble,multi,4.618928473774295,0.5505153770084649,9895,0,,grid_film_raw_w2v2_mfccpitch_bdrop0p05_aug_aam_C_augOn_ap0p3_fn0p003_en0p002_m0p18_s30 | Mode3_film_train_raw_wav2vec2_mfbe_only | Mode3_film_train_raw_wav2vec2_pitch_only
full_length,ENS_representation_ptm_train_raw_ptm_mfcc_only__wav2vec2_wavlm__a70,ensemble,representation_ptm,train_raw__wav2vec2__mfcc_only | train_raw__wavlm__mfcc_only,"0.7000,0.3000",ensemble,ensemble,ensemble,ensemble,multi,4.618928473774295,0.5522664502920768,9895,0,,Mode3_film_train_raw_wav2vec2_mfcc_only | Mode3_film_train_raw_wavlm_mfcc_only
full_length,ENS_representation_hc_train_raw_hc_wav2vec2__mfcc_pitch_mfbe_pitch_mfbe__a50,ensemble,representation_hc,train_raw__wav2vec2__mfcc_pitch | train_raw__wav2vec2__mfbe_pitch | train_raw__wav2vec2__mfbe_only,"0.5000,0.3000,0.2000",ensemble,ensemble,ensemble,ensemble,multi,4.618928473774295,0.5555551530730576,9895,0,,grid_film_raw_w2v2_mfccpitch_bdrop0p05_aug_aam_C_augOn_ap0p3_fn0p003_en0p002_m0p18_s30 | Mode3_film_train_raw_wav2vec2_mfbe_pitch | Mode3_film_train_raw_wav2vec2_mfbe_only
full_length,ENS_duration_raw_vi_full_5s__a60,ensemble,duration,train_raw__wav2vec2__mfcc_pitch | train_vi_full__wav2vec2__mfcc_pitch | train_vi_5s__wav2vec2__mfcc_pitch,"0.6000,0.2500,0.1500",ensemble,ensemble,ensemble,ensemble,multi,4.618928473774295,0.5651355903161385,9895,0,,grid_film_raw_w2v2_mfccpitch_bdrop0p05_aug_aam_C_augOn_ap0p3_fn0p003_en0p002_m0p18_s30 | Mode3_film_train_vi_full_wav2vec2_mfcc_pitch_bdrop0p1 | Mode3_film_train_vi_5s_wav2vec2_mfcc_pitch
full_length,ENS_representation_hc_train_raw_hc_wav2vec2__mfcc_pitch_mfbe_pitch_pitch__a50,ensemble,representation_hc,train_raw__wav2vec2__mfcc_pitch | train_raw__wav2vec2__mfbe_pitch | train_raw__wav2vec2__pitch_only,"0.5000,0.3000,0.2000",ensemble,ensemble,ensemble,ensemble,multi,4.618928473774295,0.5681747356540704,9895,0,,grid_film_raw_w2v2_mfccpitch_bdrop0p05_aug_aam_C_augOn_ap0p3_fn0p003_en0p002_m0p18_s30 | Mode3_film_train_raw_wav2vec2_mfbe_pitch | Mode3_film_train_raw_wav2vec2_pitch_only
full_length,ENS_representation_hc_train_raw_hc_wav2vec2__mfcc_pitch_mfbe_pitch__eq,ensemble,representation_hc,train_raw__wav2vec2__mfcc_pitch | train_raw__wav2vec2__mfbe_pitch,"0.5000,0.5000",ensemble,ensemble,ensemble,ensemble,multi,4.618928473774295,0.5693577048925874,9895,0,,grid_film_raw_w2v2_mfccpitch_bdrop0p05_aug_aam_C_augOn_ap0p3_fn0p003_en0p002_m0p18_s30 | Mode3_film_train_raw_wav2vec2_mfbe_pitch
full_length,ENS_representation_ptm_train_raw_ptm_mfcc_only__wav2vec2_wavlm__a60,ensemble,representation_ptm,train_raw__wav2vec2__mfcc_only | train_raw__wavlm__mfcc_only,"0.6000,0.4000",ensemble,ensemble,ensemble,ensemble,multi,4.6256407841515275,0.5498931024781543,9895,0,,Mode3_film_train_raw_wav2vec2_mfcc_only | Mode3_film_train_raw_wavlm_mfcc_only
full_length,ENS_duration_raw_vi_full__a60,ensemble,duration,train_raw__wav2vec2__mfcc_pitch | train_vi_full__wav2vec2__mfcc_pitch,"0.6000,0.4000",ensemble,ensemble,ensemble,ensemble,multi,4.652794631732358,0.5600161776010365,9895,0,,grid_film_raw_w2v2_mfccpitch_bdrop0p05_aug_aam_C_augOn_ap0p3_fn0p003_en0p002_m0p18_s30 | Mode3_film_train_vi_full_wav2vec2_mfcc_pitch_bdrop0p1
full_length,ENS_representation_ptm_train_raw_ptm_mfbe_pitch__wavlm_hubert__a70,ensemble,representation_ptm,train_raw__wavlm__mfbe_pitch | train_raw__hubert__mfbe_pitch,"0.7000,0.3000",ensemble,ensemble,ensemble,ensemble,multi,4.652794631732358,0.6163806497977462,9895,0,,Mode3_film_train_raw_wavlm_mfbe_pitch | Mode3_film_train_raw_hubert_mfbe_pitch
full_length,ENS_representation_ptm_train_raw_ptm_mfcc_pitch__wav2vec2_hubert__eq,ensemble,representation_ptm,train_raw__wav2vec2__mfcc_pitch | train_raw__hubert__mfcc_pitch,"0.5000,0.5000",ensemble,ensemble,ensemble,ensemble,multi,4.659506942109591,0.5297988161965246,9895,0,,grid_film_raw_w2v2_mfccpitch_bdrop0p05_aug_aam_C_augOn_ap0p3_fn0p003_en0p002_m0p18_s30 | Mode3_film_train_raw_hubert_mfcc_pitch
full_length,ENS_representation_hc_train_raw_hc_wav2vec2__mfcc_pitch_mfbe_pitch_mfbe_pitch__a50,ensemble,representation_hc,train_raw__wav2vec2__mfcc_pitch | train_raw__wav2vec2__mfbe_pitch | train_raw__wav2vec2__mfbe_only | train_raw__wav2vec2__pitch_only,"0.5000,0.2000,0.1500,0.1500",ensemble,ensemble,ensemble,ensemble,multi,4.659506942109591,0.5610653397038264,9895,0,,grid_film_raw_w2v2_mfccpitch_bdrop0p05_aug_aam_C_augOn_ap0p3_fn0p003_en0p002_m0p18_s30 | Mode3_film_train_raw_wav2vec2_mfbe_pitch | Mode3_film_train_raw_wav2vec2_mfbe_only | Mode3_film_train_raw_wav2vec2_pitch_only
full_length,ENS_representation_hc_train_raw_hc_wav2vec2__mfcc_pitch_mfbe_pitch_mfbe_pitch__a45,ensemble,representation_hc,train_raw__wav2vec2__mfcc_pitch | train_raw__wav2vec2__mfbe_pitch | train_raw__wav2vec2__mfbe_only | train_raw__wav2vec2__pitch_only,"0.4500,0.2500,0.1500,0.1500",ensemble,ensemble,ensemble,ensemble,multi,4.659506942109591,0.5635183241682581,9895,0,,grid_film_raw_w2v2_mfccpitch_bdrop0p05_aug_aam_C_augOn_ap0p3_fn0p003_en0p002_m0p18_s30 | Mode3_film_train_raw_wav2vec2_mfbe_pitch | Mode3_film_train_raw_wav2vec2_mfbe_only | Mode3_film_train_raw_wav2vec2_pitch_only
full_length,ENS_representation_hc_train_raw_hc_wav2vec2__mfcc_pitch_pitch__a60,ensemble,representation_hc,train_raw__wav2vec2__mfcc_pitch | train_raw__wav2vec2__pitch_only,"0.6000,0.4000",ensemble,ensemble,ensemble,ensemble,multi,4.659506942109591,0.5668324931145304,9895,0,,grid_film_raw_w2v2_mfccpitch_bdrop0p05_aug_aam_C_augOn_ap0p3_fn0p003_en0p002_m0p18_s30 | Mode3_film_train_raw_wav2vec2_pitch_only
full_length,ENS_duration_raw_vi_full_3s_5s__a45,ensemble,duration,train_raw__wav2vec2__mfcc_pitch | train_vi_full__wav2vec2__mfcc_pitch | train_vi_3s__wav2vec2__mfcc_pitch | train_vi_5s__wav2vec2__mfcc_pitch,"0.4500,0.2500,0.1500,0.1500",ensemble,ensemble,ensemble,ensemble,multi,4.659506942109591,0.567454767644841,9895,0,,grid_film_raw_w2v2_mfccpitch_bdrop0p05_aug_aam_C_augOn_ap0p3_fn0p003_en0p002_m0p18_s30 | Mode3_film_train_vi_full_wav2vec2_mfcc_pitch_bdrop0p1 | Mode3_film_train_vi_3s_wav2vec2_mfcc_pitch | Mode3_film_train_vi_5s_wav2vec2_mfcc_pitch
full_length,ENS_representation_ptm_train_vi_5s_ptm_pitch_only__wavlm_hubert__a70,ensemble,representation_ptm,train_vi_5s__wavlm__pitch_only | train_vi_5s__hubert__pitch_only,"0.7000,0.3000",ensemble,ensemble,ensemble,ensemble,multi,4.659506942109591,0.5894955141679139,9895,0,,Mode3_film_train_vi_5s_wavlm_pitch_only | Mode3_film_train_vi_5s_hubert_pitch_only
full_length,ENS_representation_hc_train_raw_hc_wav2vec2__mfcc_pitch_mfbe_pitch__a50,ensemble,representation_hc,train_raw__wav2vec2__mfcc_pitch | train_raw__wav2vec2__mfbe_only | train_raw__wav2vec2__pitch_only,"0.5000,0.3000,0.2000",ensemble,ensemble,ensemble,ensemble,multi,4.666219252486818,0.5588873788477373,9895,0,,grid_film_raw_w2v2_mfccpitch_bdrop0p05_aug_aam_C_augOn_ap0p3_fn0p003_en0p002_m0p18_s30 | Mode3_film_train_raw_wav2vec2_mfbe_only | Mode3_film_train_raw_wav2vec2_pitch_only
full_length,ENS_representation_ptm_train_raw_ptm_mfbe_pitch__wav2vec2_wavlm_hubert__eq,ensemble,representation_ptm,train_raw__wav2vec2__mfbe_pitch | train_raw__wavlm__mfbe_pitch | train_raw__hubert__mfbe_pitch,"0.3333,0.3333,0.3333",ensemble,ensemble,ensemble,ensemble,multi,4.666219252486818,0.5928277399425936,9895,0,,Mode3_film_train_raw_wav2vec2_mfbe_pitch | Mode3_film_train_raw_wavlm_mfbe_pitch | Mode3_film_train_raw_hubert_mfbe_pitch
full_length,ENS_representation_ptm_train_raw_ptm_mfbe_pitch__wav2vec2_wavlm__eq,ensemble,representation_ptm,train_raw__wav2vec2__mfbe_pitch | train_raw__wavlm__mfbe_pitch,"0.5000,0.5000",ensemble,ensemble,ensemble,ensemble,multi,4.666219252486818,0.6004978306010441,9895,0,,Mode3_film_train_raw_wav2vec2_mfbe_pitch | Mode3_film_train_raw_wavlm_mfbe_pitch
full_length,ENS_representation_hc_train_raw_hc_wav2vec2__mfbe_pitch_mfcc__a60,ensemble,representation_hc,train_raw__wav2vec2__mfbe_pitch | train_raw__wav2vec2__mfcc_only,"0.6000,0.4000",ensemble,ensemble,ensemble,ensemble,multi,4.693373100067648,0.5995208958118815,9895,0,,Mode3_film_train_raw_wav2vec2_mfbe_pitch | Mode3_film_train_raw_wav2vec2_mfcc_only
full_length,ENS_representation_hc_train_raw_hc_wav2vec2__mfcc_pitch_mfcc_pitch__eq,ensemble,representation_hc,train_raw__wav2vec2__mfcc_pitch | train_raw__wav2vec2__mfcc_only | train_raw__wav2vec2__pitch_only,"0.3333,0.3333,0.3333",ensemble,ensemble,ensemble,ensemble,multi,4.70008541044488,0.5734279555049017,9895,0,,grid_film_raw_w2v2_mfccpitch_bdrop0p05_aug_aam_C_augOn_ap0p3_fn0p003_en0p002_m0p18_s30 | Mode3_film_train_raw_wav2vec2_mfcc_only | Mode3_film_train_raw_wav2vec2_pitch_only
full_length,ENS_representation_hc_train_raw_hc_wav2vec2__mfcc_pitch_mfbe_pitch_mfcc_mfbe_pitch__eq,ensemble,representation_hc,train_raw__wav2vec2__mfcc_pitch | train_raw__wav2vec2__mfbe_pitch | train_raw__wav2vec2__mfcc_only | train_raw__wav2vec2__mfbe_only | train_raw__wav2vec2__pitch_only,"0.2000,0.2000,0.2000,0.2000,0.2000",ensemble,ensemble,ensemble,ensemble,multi,4.70008541044488,0.574734084387627,9895,0,,grid_film_raw_w2v2_mfccpitch_bdrop0p05_aug_aam_C_augOn_ap0p3_fn0p003_en0p002_m0p18_s30 | Mode3_film_train_raw_wav2vec2_mfbe_pitch | Mode3_film_train_raw_wav2vec2_mfcc_only | Mode3_film_train_raw_wav2vec2_mfbe_only | Mode3_film_train_raw_wav2vec2_pitch_only
full_length,ENS_representation_hc_train_raw_hc_wav2vec2__mfcc_pitch_mfbe_pitch_mfbe__eq,ensemble,representation_hc,train_raw__wav2vec2__mfcc_pitch | train_raw__wav2vec2__mfbe_pitch | train_raw__wav2vec2__mfbe_only,"0.3333,0.3333,0.3333",ensemble,ensemble,ensemble,ensemble,multi,4.70008541044488,0.5774005126382972,9895,0,,grid_film_raw_w2v2_mfccpitch_bdrop0p05_aug_aam_C_augOn_ap0p3_fn0p003_en0p002_m0p18_s30 | Mode3_film_train_raw_wav2vec2_mfbe_pitch | Mode3_film_train_raw_wav2vec2_mfbe_only
full_length,ENS_duration_raw_vi_full_3s_5s_7s__a45,ensemble,duration,train_raw__wav2vec2__mfcc_pitch | train_vi_full__wav2vec2__mfcc_pitch | train_vi_3s__wav2vec2__mfcc_pitch | train_vi_5s__wav2vec2__mfcc_pitch | train_vi_7s__wav2vec2__mfcc_pitch,"0.4500,0.2000,0.1500,0.1000,0.1000",ensemble,ensemble,ensemble,ensemble,multi,4.70008541044488,0.5775236722825053,9895,0,,grid_film_raw_w2v2_mfccpitch_bdrop0p05_aug_aam_C_augOn_ap0p3_fn0p003_en0p002_m0p18_s30 | Mode3_film_train_vi_full_wav2vec2_mfcc_pitch_bdrop0p1 | Mode3_film_train_vi_3s_wav2vec2_mfcc_pitch | Mode3_film_train_vi_5s_wav2vec2_mfcc_pitch | Mode3_film_train_vi_7s_wav2vec2_mfcc_pitch
full_length,ENS_representation_hc_train_raw_hc_wav2vec2__mfbe_pitch_mfcc_mfbe__eq,ensemble,representation_hc,train_raw__wav2vec2__mfbe_pitch | train_raw__wav2vec2__mfcc_only | train_raw__wav2vec2__mfbe_only,"0.3333,0.3333,0.3333",ensemble,ensemble,ensemble,ensemble,multi,4.70008541044488,0.5998065669117454,9895,0,,Mode3_film_train_raw_wav2vec2_mfbe_pitch | Mode3_film_train_raw_wav2vec2_mfcc_only | Mode3_film_train_raw_wav2vec2_mfbe_only
full_length,ENS_representation_ptm_train_raw_ptm_mfbe_pitch__wav2vec2_wavlm_hubert__a50,ensemble,representation_ptm,train_raw__wav2vec2__mfbe_pitch | train_raw__wavlm__mfbe_pitch | train_raw__hubert__mfbe_pitch,"0.5000,0.3000,0.2000",ensemble,ensemble,ensemble,ensemble,multi,4.70008541044488,0.5998755560707334,9895,0,,Mode3_film_train_raw_wav2vec2_mfbe_pitch | Mode3_film_train_raw_wavlm_mfbe_pitch | Mode3_film_train_raw_hubert_mfbe_pitch
full_length,ENS_representation_ptm_train_raw_ptm_mfbe_pitch__wav2vec2_wavlm__a60,ensemble,representation_ptm,train_raw__wav2vec2__mfbe_pitch | train_raw__wavlm__mfbe_pitch,"0.6000,0.4000",ensemble,ensemble,ensemble,ensemble,multi,4.70008541044488,0.6061237675391348,9895,0,,Mode3_film_train_raw_wav2vec2_mfbe_pitch | Mode3_film_train_raw_wavlm_mfbe_pitch
full_length,ENS_representation_hc_train_raw_hc_wavlm__mfbe_pitch_pitch__a60,ensemble,representation_hc,train_raw__wavlm__mfbe_pitch | train_raw__wavlm__pitch_only,"0.6000,0.4000",ensemble,ensemble,ensemble,ensemble,multi,4.70008541044488,0.6108959293322689,9895,0,,Mode3_film_train_raw_wavlm_mfbe_pitch | Mode3_film_train_raw_wavlm_pitch_only
full_length,ENS_representation_hc_train_raw_hc_wavlm__mfbe_pitch_pitch__a70,ensemble,representation_hc,train_raw__wavlm__mfbe_pitch | train_raw__wavlm__pitch_only,"0.7000,0.3000",ensemble,ensemble,ensemble,ensemble,multi,4.70008541044488,0.6189493845695019,9895,0,,Mode3_film_train_raw_wavlm_mfbe_pitch | Mode3_film_train_raw_wavlm_pitch_only
full_length,ENS_representation_hc_train_raw_hc_wavlm__mfbe_pitch_pitch__eq,ensemble,representation_hc,train_raw__wavlm__mfbe_pitch | train_raw__wavlm__pitch_only,"0.5000,0.5000",ensemble,ensemble,ensemble,ensemble,multi,4.706797720822113,0.6052264694004814,9895,0,,Mode3_film_train_raw_wavlm_mfbe_pitch | Mode3_film_train_raw_wavlm_pitch_only
full_length,ENS_duration_raw_vi_full_7s__a60,ensemble,duration,train_raw__wav2vec2__mfcc_pitch | train_vi_full__wav2vec2__mfcc_pitch | train_vi_7s__wav2vec2__mfcc_pitch,"0.6000,0.2500,0.1500",ensemble,ensemble,ensemble,ensemble,multi,4.733951568402944,0.5697665356366594,9895,0,,grid_film_raw_w2v2_mfccpitch_bdrop0p05_aug_aam_C_augOn_ap0p3_fn0p003_en0p002_m0p18_s30 | Mode3_film_train_vi_full_wav2vec2_mfcc_pitch_bdrop0p1 | Mode3_film_train_vi_7s_wav2vec2_mfcc_pitch
full_length,ENS_representation_hc_train_raw_hc_wav2vec2__mfcc_pitch_mfbe__eq,ensemble,representation_hc,train_raw__wav2vec2__mfcc_pitch | train_raw__wav2vec2__mfbe_only,"0.5000,0.5000",ensemble,ensemble,ensemble,ensemble,multi,4.740663878780176,0.5600342344294438,9895,0,,grid_film_raw_w2v2_mfccpitch_bdrop0p05_aug_aam_C_augOn_ap0p3_fn0p003_en0p002_m0p18_s30 | Mode3_film_train_raw_wav2vec2_mfbe_only
full_length,ENS_duration_raw_vi_full__eq,ensemble,duration,train_raw__wav2vec2__mfcc_pitch | train_vi_full__wav2vec2__mfcc_pitch,"0.5000,0.5000",ensemble,ensemble,ensemble,ensemble,multi,4.740663878780176,0.5650198400088167,9895,0,,grid_film_raw_w2v2_mfccpitch_bdrop0p05_aug_aam_C_augOn_ap0p3_fn0p003_en0p002_m0p18_s30 | Mode3_film_train_vi_full_wav2vec2_mfcc_pitch_bdrop0p1
full_length,ENS_representation_hc_train_raw_hc_wav2vec2__mfcc_mfbe_pitch__a60,ensemble,representation_hc,train_raw__wav2vec2__mfcc_only | train_raw__wav2vec2__mfbe_only | train_raw__wav2vec2__pitch_only,"0.6000,0.2500,0.1500",ensemble,ensemble,ensemble,ensemble,multi,4.740663878780176,0.5701211958955135,9895,0,,Mode3_film_train_raw_wav2vec2_mfcc_only | Mode3_film_train_raw_wav2vec2_mfbe_only | Mode3_film_train_raw_wav2vec2_pitch_only
full_length,ENS_representation_hc_train_raw_hc_wav2vec2__mfcc_pitch_mfbe_pitch_mfcc_pitch__eq,ensemble,representation_hc,train_raw__wav2vec2__mfcc_pitch | train_raw__wav2vec2__mfbe_pitch | train_raw__wav2vec2__mfcc_only | train_raw__wav2vec2__pitch_only,"0.2500,0.2500,0.2500,0.2500",ensemble,ensemble,ensemble,ensemble,multi,4.740663878780176,0.5794266095302517,9895,0,,grid_film_raw_w2v2_mfccpitch_bdrop0p05_aug_aam_C_augOn_ap0p3_fn0p003_en0p002_m0p18_s30 | Mode3_film_train_raw_wav2vec2_mfbe_pitch | Mode3_film_train_raw_wav2vec2_mfcc_only | Mode3_film_train_raw_wav2vec2_pitch_only
full_length,ENS_representation_hc_train_raw_hc_wav2vec2__mfcc_pitch_mfbe_pitch_pitch__eq,ensemble,representation_hc,train_raw__wav2vec2__mfcc_pitch | train_raw__wav2vec2__mfbe_pitch | train_raw__wav2vec2__pitch_only,"0.3333,0.3333,0.3333",ensemble,ensemble,ensemble,ensemble,multi,4.740663878780176,0.5865721191373083,9895,0,,grid_film_raw_w2v2_mfccpitch_bdrop0p05_aug_aam_C_augOn_ap0p3_fn0p003_en0p002_m0p18_s30 | Mode3_film_train_raw_wav2vec2_mfbe_pitch | Mode3_film_train_raw_wav2vec2_pitch_only
full_length,ENS_representation_ptm_train_vi_5s_ptm_pitch_only__wavlm_hubert__a60,ensemble,representation_ptm,train_vi_5s__wavlm__pitch_only | train_vi_5s__hubert__pitch_only,"0.6000,0.4000",ensemble,ensemble,ensemble,ensemble,multi,4.740663878780176,0.5876286905769801,9895,0,,Mode3_film_train_vi_5s_wavlm_pitch_only | Mode3_film_train_vi_5s_hubert_pitch_only
full_length,ENS_representation_ptm_train_raw_ptm_mfcc_pitch__wavlm_hubert__a70,ensemble,representation_ptm,train_raw__wavlm__mfcc_pitch | train_raw__hubert__mfcc_pitch,"0.7000,0.3000",ensemble,ensemble,ensemble,ensemble,multi,4.740663878780176,0.5952552582417339,9895,0,,Mode3_film_train_raw_wavlm_mfcc_pitch | Mode3_film_train_raw_hubert_mfcc_pitch
full_length,ENS_representation_hc_train_raw_hc_wavlm__mfbe_pitch_mfcc_pitch__a60,ensemble,representation_hc,train_raw__wavlm__mfbe_pitch | train_raw__wavlm__mfcc_only | train_raw__wavlm__pitch_only,"0.6000,0.2500,0.1500",ensemble,ensemble,ensemble,ensemble,multi,4.740663878780176,0.6032980659874437,9895,0,,Mode3_film_train_raw_wavlm_mfbe_pitch | Mode3_film_train_raw_wavlm_mfcc_only | Mode3_film_train_raw_wavlm_pitch_only
full_length,ENS_representation_ptm_train_raw_ptm_mfbe_pitch__wav2vec2_wavlm_hubert__a60,ensemble,representation_ptm,train_raw__wav2vec2__mfbe_pitch | train_raw__wavlm__mfbe_pitch | train_raw__hubert__mfbe_pitch,"0.6000,0.2500,0.1500",ensemble,ensemble,ensemble,ensemble,multi,4.740663878780176,0.6055014930088242,9895,0,,Mode3_film_train_raw_wav2vec2_mfbe_pitch | Mode3_film_train_raw_wavlm_mfbe_pitch | Mode3_film_train_raw_hubert_mfbe_pitch
full_length,ENS_representation_hc_train_raw_hc_wavlm__mfcc_pitch_mfbe_pitch_pitch__eq,ensemble,representation_hc,train_raw__wavlm__mfcc_pitch | train_raw__wavlm__mfbe_pitch | train_raw__wavlm__pitch_only,"0.3333,0.3333,0.3333",ensemble,ensemble,ensemble,ensemble,multi,4.740663878780176,0.6069233721988734,9895,0,,Mode3_film_train_raw_wavlm_mfcc_pitch | Mode3_film_train_raw_wavlm_mfbe_pitch | Mode3_film_train_raw_wavlm_pitch_only
full_length,ENS_representation_hc_train_raw_hc_wavlm__mfcc_pitch_mfbe_pitch_mfcc__eq,ensemble,representation_hc,train_raw__wavlm__mfcc_pitch | train_raw__wavlm__mfbe_pitch | train_raw__wavlm__mfcc_only,"0.3333,0.3333,0.3333",ensemble,ensemble,ensemble,ensemble,multi,4.740663878780176,0.6086925023108904,9895,0,,Mode3_film_train_raw_wavlm_mfcc_pitch | Mode3_film_train_raw_wavlm_mfbe_pitch | Mode3_film_train_raw_wavlm_mfcc_only
full_length,ENS_representation_ptm_train_raw_ptm_mfbe_pitch__wavlm_hubert__a60,ensemble,representation_ptm,train_raw__wavlm__mfbe_pitch | train_raw__hubert__mfbe_pitch,"0.6000,0.4000",ensemble,ensemble,ensemble,ensemble,multi,4.740663878780176,0.6094485839769304,9895,0,,Mode3_film_train_raw_wavlm_mfbe_pitch | Mode3_film_train_raw_hubert_mfbe_pitch
full_length,ENS_representation_ptm_train_raw_ptm_mfcc_only__wav2vec2_hubert__a70,ensemble,representation_ptm,train_raw__wav2vec2__mfcc_only | train_raw__hubert__mfcc_only,"0.7000,0.3000",ensemble,ensemble,ensemble,ensemble,multi,4.747376189157409,0.5550921518437678,9895,0,,Mode3_film_train_raw_wav2vec2_mfcc_only | Mode3_film_train_raw_hubert_mfcc_only
full_length,ENS_representation_ptm_train_raw_ptm_mfcc_only__wav2vec2_hubert__eq,ensemble,representation_ptm,train_raw__wav2vec2__mfcc_only | train_raw__hubert__mfcc_only,"0.5000,0.5000",ensemble,ensemble,ensemble,ensemble,multi,4.747376189157409,0.5568251682989702,9895,0,,Mode3_film_train_raw_wav2vec2_mfcc_only | Mode3_film_train_raw_hubert_mfcc_only
full_length,ENS_duration_raw_vi_full_3s__eq,ensemble,duration,train_raw__wav2vec2__mfcc_pitch | train_vi_full__wav2vec2__mfcc_pitch | train_vi_3s__wav2vec2__mfcc_pitch,"0.3333,0.3333,0.3333",ensemble,ensemble,ensemble,ensemble,multi,4.747376189157409,0.5649040897014947,9895,0,,grid_film_raw_w2v2_mfccpitch_bdrop0p05_aug_aam_C_augOn_ap0p3_fn0p003_en0p002_m0p18_s30 | Mode3_film_train_vi_full_wav2vec2_mfcc_pitch_bdrop0p1 | Mode3_film_train_vi_3s_wav2vec2_mfcc_pitch
full_length,ENS_duration_raw_vi_full_3s_7s__a45,ensemble,duration,train_raw__wav2vec2__mfcc_pitch | train_vi_full__wav2vec2__mfcc_pitch | train_vi_3s__wav2vec2__mfcc_pitch | train_vi_7s__wav2vec2__mfcc_pitch,"0.4500,0.2500,0.1500,0.1500",ensemble,ensemble,ensemble,ensemble,multi,4.747376189157409,0.574734084387627,9895,0,,grid_film_raw_w2v2_mfccpitch_bdrop0p05_aug_aam_C_augOn_ap0p3_fn0p003_en0p002_m0p18_s30 | Mode3_film_train_vi_full_wav2vec2_mfcc_pitch_bdrop0p1 | Mode3_film_train_vi_3s_wav2vec2_mfcc_pitch | Mode3_film_train_vi_7s_wav2vec2_mfcc_pitch
full_length,ENS_representation_hc_train_raw_hc_wav2vec2__mfcc_pitch_mfcc_mfbe_pitch__eq,ensemble,representation_hc,train_raw__wav2vec2__mfcc_pitch | train_raw__wav2vec2__mfcc_only | train_raw__wav2vec2__mfbe_only | train_raw__wav2vec2__pitch_only,"0.2500,0.2500,0.2500,0.2500",ensemble,ensemble,ensemble,ensemble,multi,4.774530036738234,0.5693831710578788,9895,0,,grid_film_raw_w2v2_mfccpitch_bdrop0p05_aug_aam_C_augOn_ap0p3_fn0p003_en0p002_m0p18_s30 | Mode3_film_train_raw_wav2vec2_mfcc_only | Mode3_film_train_raw_wav2vec2_mfbe_only | Mode3_film_train_raw_wav2vec2_pitch_only
full_length,ENS_representation_hc_train_raw_hc_wav2vec2__mfcc_mfbe__a70,ensemble,representation_hc,train_raw__wav2vec2__mfcc_only | train_raw__wav2vec2__mfbe_only,"0.7000,0.3000",ensemble,ensemble,ensemble,ensemble,multi,4.774530036738234,0.5702188893744301,9895,0,,Mode3_film_train_raw_wav2vec2_mfcc_only | Mode3_film_train_raw_wav2vec2_mfbe_only
full_length,ENS_duration_raw_vi_full_5s__a50,ensemble,duration,train_raw__wav2vec2__mfcc_pitch | train_vi_full__wav2vec2__mfcc_pitch | train_vi_5s__wav2vec2__mfcc_pitch,"0.5000,0.3000,0.2000",ensemble,ensemble,ensemble,ensemble,multi,4.774530036738234,0.5776755362466398,9895,0,,grid_film_raw_w2v2_mfccpitch_bdrop0p05_aug_aam_C_augOn_ap0p3_fn0p003_en0p002_m0p18_s30 | Mode3_film_train_vi_full_wav2vec2_mfcc_pitch_bdrop0p1 | Mode3_film_train_vi_5s_wav2vec2_mfcc_pitch
full_length,ENS_representation_hc_train_raw_hc_wav2vec2__mfcc_pitch_pitch__eq,ensemble,representation_hc,train_raw__wav2vec2__mfcc_pitch | train_raw__wav2vec2__pitch_only,"0.5000,0.5000",ensemble,ensemble,ensemble,ensemble,multi,4.774530036738234,0.5811235123286436,9895,0,,grid_film_raw_w2v2_mfccpitch_bdrop0p05_aug_aam_C_augOn_ap0p3_fn0p003_en0p002_m0p18_s30 | Mode3_film_train_raw_wav2vec2_pitch_only
full_length,ENS_representation_hc_train_raw_hc_wav2vec2__mfbe_pitch_mfcc__eq,ensemble,representation_hc,train_raw__wav2vec2__mfbe_pitch | train_raw__wav2vec2__mfcc_only,"0.5000,0.5000",ensemble,ensemble,ensemble,ensemble,multi,4.774530036738234,0.5858340942996737,9895,0,,Mode3_film_train_raw_wav2vec2_mfbe_pitch | Mode3_film_train_raw_wav2vec2_mfcc_only
full_length,ENS_representation_hc_train_raw_hc_wavlm__mfbe_pitch_mfcc_pitch__a50,ensemble,representation_hc,train_raw__wavlm__mfbe_pitch | train_raw__wavlm__mfcc_only | train_raw__wavlm__pitch_only,"0.5000,0.3000,0.2000",ensemble,ensemble,ensemble,ensemble,multi,4.774530036738234,0.5978675160071864,9895,0,,Mode3_film_train_raw_wavlm_mfbe_pitch | Mode3_film_train_raw_wavlm_mfcc_only | Mode3_film_train_raw_wavlm_pitch_only
full_length,ENS_representation_hc_train_raw_hc_wavlm__mfcc_pitch_mfbe_pitch__eq,ensemble,representation_hc,train_raw__wavlm__mfcc_pitch | train_raw__wavlm__mfbe_pitch,"0.5000,0.5000",ensemble,ensemble,ensemble,ensemble,multi,4.774530036738234,0.6363411289436468,9895,0,,Mode3_film_train_raw_wavlm_mfcc_pitch | Mode3_film_train_raw_wavlm_mfbe_pitch
full_length,ENS_representation_ptm_train_raw_ptm_mfcc_only__wav2vec2_hubert__a60,ensemble,representation_ptm,train_raw__wav2vec2__mfcc_only | train_raw__hubert__mfcc_only,"0.6000,0.4000",ensemble,ensemble,ensemble,ensemble,multi,4.781242347115466,0.5491550776405197,9895,0,,Mode3_film_train_raw_wav2vec2_mfcc_only | Mode3_film_train_raw_hubert_mfcc_only
full_length,ENS_representation_ptm_train_raw_ptm_mfcc_pitch__wavlm_hubert__a60,ensemble,representation_ptm,train_raw__wavlm__mfcc_pitch | train_raw__hubert__mfcc_pitch,"0.6000,0.4000",ensemble,ensemble,ensemble,ensemble,multi,4.781242347115466,0.5731242275766305,9895,0,,Mode3_film_train_raw_wavlm_mfcc_pitch | Mode3_film_train_raw_hubert_mfcc_pitch
full_length,ENS_representation_hc_train_raw_hc_wavlm__mfcc_pitch_mfbe_pitch_mfcc_pitch__eq,ensemble,representation_hc,train_raw__wavlm__mfcc_pitch | train_raw__wavlm__mfbe_pitch | train_raw__wavlm__mfcc_only | train_raw__wavlm__pitch_only,"0.2500,0.2500,0.2500,0.2500",ensemble,ensemble,ensemble,ensemble,multi,4.781242347115466,0.5947126203619326,9895,0,,Mode3_film_train_raw_wavlm_mfcc_pitch | Mode3_film_train_raw_wavlm_mfbe_pitch | Mode3_film_train_raw_wavlm_mfcc_only | Mode3_film_train_raw_wavlm_pitch_only
full_length,ENS_representation_hc_train_raw_hc_wav2vec2__mfbe_pitch_mfcc_mfbe__a50,ensemble,representation_hc,train_raw__wav2vec2__mfbe_pitch | train_raw__wav2vec2__mfcc_only | train_raw__wav2vec2__mfbe_only,"0.5000,0.3000,0.2000",ensemble,ensemble,ensemble,ensemble,multi,4.781242347115466,0.5985620178511243,9895,0,,Mode3_film_train_raw_wav2vec2_mfbe_pitch | Mode3_film_train_raw_wav2vec2_mfcc_only | Mode3_film_train_raw_wav2vec2_mfbe_only
full_length,ENS_representation_hc_train_raw_hc_wav2vec2__mfbe_pitch_mfcc_mfbe_pitch__a45,ensemble,representation_hc,train_raw__wav2vec2__mfbe_pitch | train_raw__wav2vec2__mfcc_only | train_raw__wav2vec2__mfbe_only | train_raw__wav2vec2__pitch_only,"0.4500,0.2500,0.1500,0.1500",ensemble,ensemble,ensemble,ensemble,multi,4.781242347115466,0.6028095985928624,9895,0,,Mode3_film_train_raw_wav2vec2_mfbe_pitch | Mode3_film_train_raw_wav2vec2_mfcc_only | Mode3_film_train_raw_wav2vec2_mfbe_only | Mode3_film_train_raw_wav2vec2_pitch_only
full_length,ENS_representation_hc_train_raw_hc_wav2vec2__mfbe_pitch_mfcc__a70,ensemble,representation_hc,train_raw__wav2vec2__mfbe_pitch | train_raw__wav2vec2__mfcc_only,"0.7000,0.3000",ensemble,ensemble,ensemble,ensemble,multi,4.781242347115466,0.6030485085443924,9895,0,,Mode3_film_train_raw_wav2vec2_mfbe_pitch | Mode3_film_train_raw_wav2vec2_mfcc_only
full_length,ENS_representation_hc_train_raw_hc_wavlm__mfbe_pitch_mfcc__a60,ensemble,representation_hc,train_raw__wavlm__mfbe_pitch | train_raw__wavlm__mfcc_only,"0.6000,0.4000",ensemble,ensemble,ensemble,ensemble,multi,4.781242347115466,0.6066302917621234,9895,0,,Mode3_film_train_raw_wavlm_mfbe_pitch | Mode3_film_train_raw_wavlm_mfcc_only
full_length,ENS_representation_hc_train_raw_hc_wavlm__mfcc_pitch_mfbe_pitch_mfcc_pitch__a45,ensemble,representation_hc,train_raw__wavlm__mfcc_pitch | train_raw__wavlm__mfbe_pitch | train_raw__wavlm__mfcc_only | train_raw__wavlm__pitch_only,"0.4500,0.2500,0.1500,0.1500",ensemble,ensemble,ensemble,ensemble,multi,4.781242347115466,0.6124696724864548,9895,0,,Mode3_film_train_raw_wavlm_mfcc_pitch | Mode3_film_train_raw_wavlm_mfbe_pitch | Mode3_film_train_raw_wavlm_mfcc_only | Mode3_film_train_raw_wavlm_pitch_only
full_length,ENS_representation_hc_train_raw_hc_wavlm__mfbe_pitch_mfcc__a70,ensemble,representation_hc,train_raw__wavlm__mfbe_pitch | train_raw__wavlm__mfcc_only,"0.7000,0.3000",ensemble,ensemble,ensemble,ensemble,multi,4.781242347115466,0.6134030842819206,9895,0,,Mode3_film_train_raw_wavlm_mfbe_pitch | Mode3_film_train_raw_wavlm_mfcc_only
full_length,ENS_representation_ptm_train_raw_ptm_mfbe_pitch__wav2vec2_wavlm__a70,ensemble,representation_ptm,train_raw__wav2vec2__mfbe_pitch | train_raw__wavlm__mfbe_pitch,"0.7000,0.3000",ensemble,ensemble,ensemble,ensemble,multi,4.781242347115466,0.6158199550895397,9895,0,,Mode3_film_train_raw_wav2vec2_mfbe_pitch | Mode3_film_train_raw_wavlm_mfbe_pitch
full_length,ENS_representation_hc_train_raw_hc_wavlm__mfcc_pitch_mfbe_pitch_pitch__a50,ensemble,representation_hc,train_raw__wavlm__mfcc_pitch | train_raw__wavlm__mfbe_pitch | train_raw__wavlm__pitch_only,"0.5000,0.3000,0.2000",ensemble,ensemble,ensemble,ensemble,multi,4.781242347115466,0.6183886898612934,9895,0,,Mode3_film_train_raw_wavlm_mfcc_pitch | Mode3_film_train_raw_wavlm_mfbe_pitch | Mode3_film_train_raw_wavlm_pitch_only
full_length,ENS_representation_hc_train_raw_hc_wavlm__mfcc_pitch_mfbe_pitch__a60,ensemble,representation_hc,train_raw__wavlm__mfcc_pitch | train_raw__wavlm__mfbe_pitch,"0.6000,0.4000",ensemble,ensemble,ensemble,ensemble,multi,4.781242347115466,0.6368476531666353,9895,0,,Mode3_film_train_raw_wavlm_mfcc_pitch | Mode3_film_train_raw_wavlm_mfbe_pitch
full_length,ENS_representation_hc_train_raw_hc_wavlm__mfcc_pitch_mfbe_pitch__a70,ensemble,representation_hc,train_raw__wavlm__mfcc_pitch | train_raw__wavlm__mfbe_pitch,"0.7000,0.3000",ensemble,ensemble,ensemble,ensemble,multi,4.781242347115466,0.6388302270648911,9895,0,,Mode3_film_train_raw_wavlm_mfcc_pitch | Mode3_film_train_raw_wavlm_mfbe_pitch
full_length,ENS_representation_hc_train_raw_hc_wavlm__mfbe_pitch_mfcc__eq,ensemble,representation_hc,train_raw__wavlm__mfbe_pitch | train_raw__wavlm__mfcc_only,"0.5000,0.5000",ensemble,ensemble,ensemble,ensemble,multi,4.787954657492699,0.6014131855681046,9895,0,,Mode3_film_train_raw_wavlm_mfbe_pitch | Mode3_film_train_raw_wavlm_mfcc_only
full_length,ENS_representation_hc_train_raw_hc_wavlm__mfcc_pitch_mfbe_pitch_mfcc__a50,ensemble,representation_hc,train_raw__wavlm__mfcc_pitch | train_raw__wavlm__mfbe_pitch | train_raw__wavlm__mfcc_only,"0.5000,0.3000,0.2000",ensemble,ensemble,ensemble,ensemble,multi,4.787954657492699,0.6185840768191267,9895,0,,Mode3_film_train_raw_wavlm_mfcc_pitch | Mode3_film_train_raw_wavlm_mfbe_pitch | Mode3_film_train_raw_wavlm_mfcc_only
full_length,ENS_representation_hc_train_raw_hc_wavlm__mfcc_pitch_mfbe_pitch_pitch__a60,ensemble,representation_hc,train_raw__wavlm__mfcc_pitch | train_raw__wavlm__mfbe_pitch | train_raw__wavlm__pitch_only,"0.6000,0.2500,0.1500",ensemble,ensemble,ensemble,ensemble,multi,4.787954657492699,0.6262722243059845,9895,0,,Mode3_film_train_raw_wavlm_mfcc_pitch | Mode3_film_train_raw_wavlm_mfbe_pitch | Mode3_film_train_raw_wavlm_pitch_only
full_length,ENS_representation_hc_train_raw_hc_wav2vec2__mfcc_mfbe_pitch__a50,ensemble,representation_hc,train_raw__wav2vec2__mfcc_only | train_raw__wav2vec2__mfbe_only | train_raw__wav2vec2__pitch_only,"0.5000,0.3000,0.2000",ensemble,ensemble,ensemble,ensemble,multi,4.815108505073529,0.5752044949538029,9895,0,,Mode3_film_train_raw_wav2vec2_mfcc_only | Mode3_film_train_raw_wav2vec2_mfbe_only | Mode3_film_train_raw_wav2vec2_pitch_only
full_length,ENS_representation_hc_train_raw_hc_wav2vec2__mfcc_pitch_mfbe_pitch_mfbe_pitch__eq,ensemble,representation_hc,train_raw__wav2vec2__mfcc_pitch | train_raw__wav2vec2__mfbe_pitch | train_raw__wav2vec2__mfbe_only | train_raw__wav2vec2__pitch_only,"0.2500,0.2500,0.2500,0.2500",ensemble,ensemble,ensemble,ensemble,multi,4.815108505073529,0.5918508051534289,9895,0,,grid_film_raw_w2v2_mfccpitch_bdrop0p05_aug_aam_C_augOn_ap0p3_fn0p003_en0p002_m0p18_s30 | Mode3_film_train_raw_wav2vec2_mfbe_pitch | Mode3_film_train_raw_wav2vec2_mfbe_only | Mode3_film_train_raw_wav2vec2_pitch_only
full_length,ENS_representation_hc_train_raw_hc_wav2vec2__mfbe_pitch_mfcc_mfbe__a60,ensemble,representation_hc,train_raw__wav2vec2__mfbe_pitch | train_raw__wav2vec2__mfcc_only | train_raw__wav2vec2__mfbe_only,"0.6000,0.2500,0.1500",ensemble,ensemble,ensemble,ensemble,multi,4.815108505073529,0.6119196252697695,9895,0,,Mode3_film_train_raw_wav2vec2_mfbe_pitch | Mode3_film_train_raw_wav2vec2_mfcc_only | Mode3_film_train_raw_wav2vec2_mfbe_only
full_length,ENS_representation_hc_train_raw_hc_wavlm__mfcc_pitch_mfbe_pitch_mfcc_pitch__a50,ensemble,representation_hc,train_raw__wavlm__mfcc_pitch | train_raw__wavlm__mfbe_pitch | train_raw__wavlm__mfcc_only | train_raw__wavlm__pitch_only,"0.5000,0.2000,0.1500,0.1500",ensemble,ensemble,ensemble,ensemble,multi,4.815108505073529,0.6142026889416571,9895,0,,Mode3_film_train_raw_wavlm_mfcc_pitch | Mode3_film_train_raw_wavlm_mfbe_pitch | Mode3_film_train_raw_wavlm_mfcc_only | Mode3_film_train_raw_wavlm_pitch_only
full_length,ENS_representation_hc_train_raw_hc_wav2vec2__mfcc_mfbe__a60,ensemble,representation_hc,train_raw__wav2vec2__mfcc_only | train_raw__wav2vec2__mfbe_only,"0.6000,0.4000",ensemble,ensemble,ensemble,ensemble,multi,4.821820815450762,0.5795243030091684,9895,0,,Mode3_film_train_raw_wav2vec2_mfcc_only | Mode3_film_train_raw_wav2vec2_mfbe_only
full_length,ENS_duration_raw_vi_full_3s_5s_7s__a40,ensemble,duration,train_raw__wav2vec2__mfcc_pitch | train_vi_full__wav2vec2__mfcc_pitch | train_vi_3s__wav2vec2__mfcc_pitch | train_vi_5s__wav2vec2__mfcc_pitch | train_vi_7s__wav2vec2__mfcc_pitch,"0.4000,0.2500,0.1500,0.1000,0.1000",ensemble,ensemble,ensemble,ensemble,multi,4.821820815450762,0.5829903359195752,9895,0,,grid_film_raw_w2v2_mfccpitch_bdrop0p05_aug_aam_C_augOn_ap0p3_fn0p003_en0p002_m0p18_s30 | Mode3_film_train_vi_full_wav2vec2_mfcc_pitch_bdrop0p1 | Mode3_film_train_vi_3s_wav2vec2_mfcc_pitch | Mode3_film_train_vi_5s_wav2vec2_mfcc_pitch | Mode3_film_train_vi_7s_wav2vec2_mfcc_pitch
full_length,ENS_representation_ptm_train_vi_5s_ptm_pitch_only__wavlm_hubert__eq,ensemble,representation_ptm,train_vi_5s__wavlm__pitch_only | train_vi_5s__hubert__pitch_only,"0.5000,0.5000",ensemble,ensemble,ensemble,ensemble,multi,4.821820815450762,0.588616272857668,9895,0,,Mode3_film_train_vi_5s_wavlm_pitch_only | Mode3_film_train_vi_5s_hubert_pitch_only
full_length,ENS_representation_hc_train_raw_hc_wav2vec2__mfbe_pitch_mfcc_mfbe_pitch__eq,ensemble,representation_hc,train_raw__wav2vec2__mfbe_pitch | train_raw__wav2vec2__mfcc_only | train_raw__wav2vec2__mfbe_only | train_raw__wav2vec2__pitch_only,"0.2500,0.2500,0.2500,0.2500",ensemble,ensemble,ensemble,ensemble,multi,4.821820815450762,0.5990685420741108,9895,0,,Mode3_film_train_raw_wav2vec2_mfbe_pitch | Mode3_film_train_raw_wav2vec2_mfcc_only | Mode3_film_train_raw_wav2vec2_mfbe_only | Mode3_film_train_raw_wav2vec2_pitch_only
full_length,ENS_representation_ptm_train_raw_ptm_mfbe_pitch__wavlm_hubert__eq,ensemble,representation_ptm,train_raw__wavlm__mfbe_pitch | train_raw__hubert__mfbe_pitch,"0.5000,0.5000",ensemble,ensemble,ensemble,ensemble,multi,4.821820815450762,0.6023465973635704,9895,0,,Mode3_film_train_raw_wavlm_mfbe_pitch | Mode3_film_train_raw_hubert_mfbe_pitch
full_length,ENS_representation_hc_train_raw_hc_wav2vec2__mfbe_pitch_mfcc_pitch__a50,ensemble,representation_hc,train_raw__wav2vec2__mfbe_pitch | train_raw__wav2vec2__mfcc_only | train_raw__wav2vec2__pitch_only,"0.5000,0.3000,0.2000",ensemble,ensemble,ensemble,ensemble,multi,4.821820815450762,0.6028711784149665,9895,0,,Mode3_film_train_raw_wav2vec2_mfbe_pitch | Mode3_film_train_raw_wav2vec2_mfcc_only | Mode3_film_train_raw_wav2vec2_pitch_only
full_length,ENS_representation_hc_train_raw_hc_wavlm__mfcc_pitch_mfcc__a60,ensemble,representation_hc,train_raw__wavlm__mfcc_pitch | train_raw__wavlm__mfcc_only,"0.6000,0.4000",ensemble,ensemble,ensemble,ensemble,multi,4.821820815450762,0.6094666408053377,9895,0,,Mode3_film_train_raw_wavlm_mfcc_pitch | Mode3_film_train_raw_wavlm_mfcc_only
full_length,ENS_representation_hc_train_raw_hc_wav2vec2__mfbe_pitch_mfcc_mfbe_pitch__a50,ensemble,representation_hc,train_raw__wav2vec2__mfbe_pitch | train_raw__wav2vec2__mfcc_only | train_raw__wav2vec2__mfbe_only | train_raw__wav2vec2__pitch_only,"0.5000,0.2000,0.1500,0.1500",ensemble,ensemble,ensemble,ensemble,multi,4.821820815450762,0.6099731650283242,9895,0,,Mode3_film_train_raw_wav2vec2_mfbe_pitch | Mode3_film_train_raw_wav2vec2_mfcc_only | Mode3_film_train_raw_wav2vec2_mfbe_only | Mode3_film_train_raw_wav2vec2_pitch_only
full_length,ENS_representation_hc_train_raw_hc_wavlm__mfcc_pitch_mfcc__a70,ensemble,representation_hc,train_raw__wavlm__mfcc_pitch | train_raw__wavlm__mfcc_only,"0.7000,0.3000",ensemble,ensemble,ensemble,ensemble,multi,4.821820815450762,0.6105773827302297,9895,0,,Mode3_film_train_raw_wavlm_mfcc_pitch | Mode3_film_train_raw_wavlm_mfcc_only
full_length,ENS_representation_hc_train_raw_hc_wavlm__mfcc_pitch_mfbe_pitch_mfcc__a60,ensemble,representation_hc,train_raw__wavlm__mfcc_pitch | train_raw__wavlm__mfbe_pitch | train_raw__wavlm__mfcc_only,"0.6000,0.2500,0.1500",ensemble,ensemble,ensemble,ensemble,multi,4.821820815450762,0.622824248223983,9895,0,,Mode3_film_train_raw_wavlm_mfcc_pitch | Mode3_film_train_raw_wavlm_mfbe_pitch | Mode3_film_train_raw_wavlm_mfcc_only
full_length,ENS_representation_ptm_train_raw_ptm_mfcc_pitch__wavlm_hubert__eq,ensemble,representation_ptm,train_raw__wavlm__mfcc_pitch | train_raw__hubert__mfcc_pitch,"0.5000,0.5000",ensemble,ensemble,ensemble,ensemble,multi,4.828533125827994,0.5645568387795248,9895,0,,Mode3_film_train_raw_wavlm_mfcc_pitch | Mode3_film_train_raw_hubert_mfcc_pitch
full_length,Mode3_film_train_raw_wav2vec2_mfcc_only,single,single,Mode3_film_train_raw_wav2vec2_mfcc_only,1.0,3,film,mfcc_only,wav2vec2,train_raw,4.828533125827994,0.57092080055525,9895,0,train_raw__wav2vec2__mfcc_only,
full_length,Mode3_film_train_raw_wavlm_pitch_only,single,single,Mode3_film_train_raw_wavlm_pitch_only,1.0,3,film,pitch_only,wavlm,train_raw,4.828533125827994,0.5868110290888362,9895,0,train_raw__wavlm__pitch_only,
full_length,ENS_representation_hc_train_raw_hc_wavlm__mfcc_pitch_mfcc__eq,ensemble,representation_hc,train_raw__wavlm__mfcc_pitch | train_raw__wavlm__mfcc_only,"0.5000,0.5000",ensemble,ensemble,ensemble,ensemble,multi,4.828533125827994,0.6020896305836352,9895,0,,Mode3_film_train_raw_wavlm_mfcc_pitch | Mode3_film_train_raw_wavlm_mfcc_only
full_length,ENS_representation_hc_train_raw_hc_wav2vec2__mfbe_pitch_mfcc_pitch__a60,ensemble,representation_hc,train_raw__wav2vec2__mfbe_pitch | train_raw__wav2vec2__mfcc_only | train_raw__wav2vec2__pitch_only,"0.6000,0.2500,0.1500",ensemble,ensemble,ensemble,ensemble,multi,4.828533125827994,0.6030485085443924,9895,0,,Mode3_film_train_raw_wav2vec2_mfbe_pitch | Mode3_film_train_raw_wav2vec2_mfcc_only | Mode3_film_train_raw_wav2vec2_pitch_only
full_length,ENS_representation_hc_train_raw_hc_wavlm__mfcc_pitch_mfbe_pitch_mfcc_mfbe_pitch__a45,ensemble,representation_hc,train_raw__wavlm__mfcc_pitch | train_raw__wavlm__mfbe_pitch | train_raw__wavlm__mfcc_only | train_raw__wavlm__mfbe_only | train_raw__wavlm__pitch_only,"0.4500,0.2000,0.1500,0.1000,0.1000",ensemble,ensemble,ensemble,ensemble,multi,4.855686973408825,0.6304943388824333,9895,0,,Mode3_film_train_raw_wavlm_mfcc_pitch | Mode3_film_train_raw_wavlm_mfbe_pitch | Mode3_film_train_raw_wavlm_mfcc_only | Mode3_film_train_raw_wavlm_mfbe_only | Mode3_film_train_raw_wavlm_pitch_only
full_length,Mode3_film_train_raw_wavlm_mfbe_pitch,single,single,Mode3_film_train_raw_wavlm_mfbe_pitch,1.0,3,film,mfbe_pitch,wavlm,train_raw,4.855686973408825,0.6399770826465976,9895,0,train_raw__wavlm__mfbe_pitch,
full_length,ENS_representation_hc_train_raw_hc_wav2vec2__mfcc_pitch_mfbe_pitch__eq,ensemble,representation_hc,train_raw__wav2vec2__mfcc_pitch | train_raw__wav2vec2__mfbe_only | train_raw__wav2vec2__pitch_only,"0.3333,0.3333,0.3333",ensemble,ensemble,ensemble,ensemble,multi,4.862399283786052,0.5814346495937989,9895,0,,grid_film_raw_w2v2_mfccpitch_bdrop0p05_aug_aam_C_augOn_ap0p3_fn0p003_en0p002_m0p18_s30 | Mode3_film_train_raw_wav2vec2_mfbe_only | Mode3_film_train_raw_wav2vec2_pitch_only
full_length,ENS_representation_hc_train_raw_hc_wavlm__mfbe_pitch_mfcc_pitch__eq,ensemble,representation_hc,train_raw__wavlm__mfbe_pitch | train_raw__wavlm__mfcc_only | train_raw__wavlm__pitch_only,"0.3333,0.3333,0.3333",ensemble,ensemble,ensemble,ensemble,multi,4.862399283786052,0.585913730950183,9895,0,,Mode3_film_train_raw_wavlm_mfbe_pitch | Mode3_film_train_raw_wavlm_mfcc_only | Mode3_film_train_raw_wavlm_pitch_only
full_length,ENS_representation_hc_train_raw_hc_wavlm__mfcc_pitch_pitch__a70,ensemble,representation_hc,train_raw__wavlm__mfcc_pitch | train_raw__wavlm__pitch_only,"0.7000,0.3000",ensemble,ensemble,ensemble,ensemble,multi,4.862399283786052,0.6215616423349524,9895,0,,Mode3_film_train_raw_wavlm_mfcc_pitch | Mode3_film_train_raw_wavlm_pitch_only
full_length,ENS_representation_ptm_train_raw_ptm_pitch_only__wav2vec2_wavlm_hubert__eq,ensemble,representation_ptm,train_raw__wav2vec2__pitch_only | train_raw__wavlm__pitch_only | train_raw__hubert__pitch_only,"0.3333,0.3333,0.3333",ensemble,ensemble,ensemble,ensemble,multi,4.869111594163285,0.556220950597067,9895,0,,Mode3_film_train_raw_wav2vec2_pitch_only | Mode3_film_train_raw_wavlm_pitch_only | Mode3_film_train_raw_hubert_pitch_only
full_length,ENS_representation_ptm_train_raw_ptm_pitch_only__wav2vec2_wavlm__eq,ensemble,representation_ptm,train_raw__wav2vec2__pitch_only | train_raw__wavlm__pitch_only,"0.5000,0.5000",ensemble,ensemble,ensemble,ensemble,multi,4.869111594163285,0.5724764868810285,9895,0,,Mode3_film_train_raw_wav2vec2_pitch_only | Mode3_film_train_raw_wavlm_pitch_only
full_length,ENS_representation_ptm_train_vi_5s_ptm_pitch_only__wav2vec2_wavlm_hubert__eq,ensemble,representation_ptm,train_vi_5s__wav2vec2__pitch_only | train_vi_5s__wavlm__pitch_only | train_vi_5s__hubert__pitch_only,"0.3333,0.3333,0.3333",ensemble,ensemble,ensemble,ensemble,multi,4.896265441744116,0.5751864381253955,9895,0,,Mode3_film_train_vi_5s_wav2vec2_pitch_only | Mode3_film_train_vi_5s_wavlm_pitch_only | Mode3_film_train_vi_5s_hubert_pitch_only
full_length,ENS_duration_raw_vi_full_3s_5s__eq,ensemble,duration,train_raw__wav2vec2__mfcc_pitch | train_vi_full__wav2vec2__mfcc_pitch | train_vi_3s__wav2vec2__mfcc_pitch | train_vi_5s__wav2vec2__mfcc_pitch,"0.2500,0.2500,0.2500,0.2500",ensemble,ensemble,ensemble,ensemble,multi,4.896265441744116,0.5981244827871216,9895,0,,grid_film_raw_w2v2_mfccpitch_bdrop0p05_aug_aam_C_augOn_ap0p3_fn0p003_en0p002_m0p18_s30 | Mode3_film_train_vi_full_wav2vec2_mfcc_pitch_bdrop0p1 | Mode3_film_train_vi_3s_wav2vec2_mfcc_pitch | Mode3_film_train_vi_5s_wav2vec2_mfcc_pitch
full_length,ENS_representation_hc_train_raw_hc_wavlm__mfcc_pitch_pitch__a60,ensemble,representation_hc,train_raw__wavlm__mfcc_pitch | train_raw__wavlm__pitch_only,"0.6000,0.4000",ensemble,ensemble,ensemble,ensemble,multi,4.896265441744116,0.6088698324403164,9895,0,,Mode3_film_train_raw_wavlm_mfcc_pitch | Mode3_film_train_raw_wavlm_pitch_only
full_length,ENS_representation_hc_train_raw_hc_wavlm__mfcc_pitch_mfcc_pitch__eq,ensemble,representation_hc,train_raw__wavlm__mfcc_pitch | train_raw__wavlm__mfcc_only | train_raw__wavlm__pitch_only,"0.3333,0.3333,0.3333",ensemble,ensemble,ensemble,ensemble,multi,4.902977752121348,0.5877805545411168,9895,0,,Mode3_film_train_raw_wavlm_mfcc_pitch | Mode3_film_train_raw_wavlm_mfcc_only | Mode3_film_train_raw_wavlm_pitch_only
full_length,ENS_representation_hc_train_raw_hc_wavlm__mfcc_pitch_pitch__eq,ensemble,representation_hc,train_raw__wavlm__mfcc_pitch | train_raw__wavlm__pitch_only,"0.5000,0.5000",ensemble,ensemble,ensemble,ensemble,multi,4.902977752121348,0.5983379265733624,9895,0,,Mode3_film_train_raw_wavlm_mfcc_pitch | Mode3_film_train_raw_wavlm_pitch_only
full_length,ENS_representation_hc_train_raw_hc_wavlm__mfcc_pitch_mfcc_pitch__a60,ensemble,representation_hc,train_raw__wavlm__mfcc_pitch | train_raw__wavlm__mfcc_only | train_raw__wavlm__pitch_only,"0.6000,0.2500,0.1500",ensemble,ensemble,ensemble,ensemble,multi,4.902977752121348,0.6028095985928624,9895,0,,Mode3_film_train_raw_wavlm_mfcc_pitch | Mode3_film_train_raw_wavlm_mfcc_only | Mode3_film_train_raw_wavlm_pitch_only
full_length,ENS_representation_hc_train_raw_hc_wavlm__mfcc_pitch_mfbe_pitch_mfcc_mfbe_pitch__a40,ensemble,representation_hc,train_raw__wavlm__mfcc_pitch | train_raw__wavlm__mfbe_pitch | train_raw__wavlm__mfcc_only | train_raw__wavlm__mfbe_only | train_raw__wavlm__pitch_only,"0.4000,0.2500,0.1500,0.1000,0.1000",ensemble,ensemble,ensemble,ensemble,multi,4.902977752121348,0.6293474833007269,9895,0,,Mode3_film_train_raw_wavlm_mfcc_pitch | Mode3_film_train_raw_wavlm_mfbe_pitch | Mode3_film_train_raw_wavlm_mfcc_only | Mode3_film_train_raw_wavlm_mfbe_only | Mode3_film_train_raw_wavlm_pitch_only
full_length,ENS_representation_hc_train_raw_hc_wavlm__mfcc_pitch_mfcc_pitch__a50,ensemble,representation_hc,train_raw__wavlm__mfcc_pitch | train_raw__wavlm__mfcc_only | train_raw__wavlm__pitch_only,"0.5000,0.3000,0.2000",ensemble,ensemble,ensemble,ensemble,multi,4.909690062498581,0.5987032343237376,9895,0,,Mode3_film_train_raw_wavlm_mfcc_pitch | Mode3_film_train_raw_wavlm_mfcc_only | Mode3_film_train_raw_wavlm_pitch_only
full_length,ENS_representation_ptm_train_raw_ptm_mfbe_pitch__wav2vec2_hubert__a70,ensemble,representation_ptm,train_raw__wav2vec2__mfbe_pitch | train_raw__hubert__mfbe_pitch,"0.7000,0.3000",ensemble,ensemble,ensemble,ensemble,multi,4.909690062498581,0.6089314122624204,9895,0,,Mode3_film_train_raw_wav2vec2_mfbe_pitch | Mode3_film_train_raw_hubert_mfbe_pitch
full_length,ENS_representation_hc_train_raw_hc_wavlm__mfcc_pitch__eq,ensemble,representation_hc,train_raw__wavlm__mfcc_only | train_raw__wavlm__pitch_only,"0.5000,0.5000",ensemble,ensemble,ensemble,ensemble,multi,4.936843910079411,0.5688766468348903,9895,0,,Mode3_film_train_raw_wavlm_mfcc_only | Mode3_film_train_raw_wavlm_pitch_only
full_length,ENS_representation_ptm_train_raw_ptm_pitch_only__wav2vec2_wavlm_hubert__a50,ensemble,representation_ptm,train_raw__wav2vec2__pitch_only | train_raw__wavlm__pitch_only | train_raw__hubert__pitch_only,"0.5000,0.3000,0.2000",ensemble,ensemble,ensemble,ensemble,multi,4.936843910079411,0.5719880194864472,9895,0,,Mode3_film_train_raw_wav2vec2_pitch_only | Mode3_film_train_raw_wavlm_pitch_only | Mode3_film_train_raw_hubert_pitch_only
full_length,ENS_representation_hc_train_raw_hc_wav2vec2__mfcc_pitch__a70,ensemble,representation_hc,train_raw__wav2vec2__mfcc_only | train_raw__wav2vec2__pitch_only,"0.7000,0.3000",ensemble,ensemble,ensemble,ensemble,multi,4.936843910079411,0.585443320384007,9895,0,,Mode3_film_train_raw_wav2vec2_mfcc_only | Mode3_film_train_raw_wav2vec2_pitch_only
full_length,ENS_representation_hc_train_raw_hc_wav2vec2__mfbe_pitch_mfcc_pitch__eq,ensemble,representation_hc,train_raw__wav2vec2__mfbe_pitch | train_raw__wav2vec2__mfcc_only | train_raw__wav2vec2__pitch_only,"0.3333,0.3333,0.3333",ensemble,ensemble,ensemble,ensemble,multi,4.936843910079411,0.6021692672341445,9895,0,,Mode3_film_train_raw_wav2vec2_mfbe_pitch | Mode3_film_train_raw_wav2vec2_mfcc_only | Mode3_film_train_raw_wav2vec2_pitch_only
full_length,ENS_representation_hc_train_raw_hc_wav2vec2__mfbe_pitch_mfbe_pitch__a50,ensemble,representation_hc,train_raw__wav2vec2__mfbe_pitch | train_raw__wav2vec2__mfbe_only | train_raw__wav2vec2__pitch_only,"0.5000,0.3000,0.2000",ensemble,ensemble,ensemble,ensemble,multi,4.936843910079411,0.6234900457479902,9895,0,,Mode3_film_train_raw_wav2vec2_mfbe_pitch | Mode3_film_train_raw_wav2vec2_mfbe_only | Mode3_film_train_raw_wav2vec2_pitch_only
full_length,ENS_representation_ptm_train_raw_ptm_pitch_only__wavlm_hubert__a70,ensemble,representation_ptm,train_raw__wavlm__pitch_only | train_raw__hubert__pitch_only,"0.7000,0.3000",ensemble,ensemble,ensemble,ensemble,multi,4.943556220456643,0.5519191993701067,9895,0,,Mode3_film_train_raw_wavlm_pitch_only | Mode3_film_train_raw_hubert_pitch_only
full_length,ENS_representation_hc_train_raw_hc_wavlm__mfcc_pitch__a60,ensemble,representation_hc,train_raw__wavlm__mfcc_only | train_raw__wavlm__pitch_only,"0.6000,0.4000",ensemble,ensemble,ensemble,ensemble,multi,4.943556220456643,0.5749114145170529,9895,0,,Mode3_film_train_raw_wavlm_mfcc_only | Mode3_film_train_raw_wavlm_pitch_only
full_length,ENS_representation_hc_train_raw_hc_wav2vec2__mfcc_mfbe__eq,ensemble,representation_hc,train_raw__wav2vec2__mfcc_only | train_raw__wav2vec2__mfbe_only,"0.5000,0.5000",ensemble,ensemble,ensemble,ensemble,multi,4.943556220456643,0.594028766009518,9895,0,,Mode3_film_train_raw_wav2vec2_mfcc_only | Mode3_film_train_raw_wav2vec2_mfbe_only
full_length,ENS_representation_ptm_train_raw_ptm_mfbe_pitch__wav2vec2_hubert__eq,ensemble,representation_ptm,train_raw__wav2vec2__mfbe_pitch | train_raw__hubert__mfbe_pitch,"0.5000,0.5000",ensemble,ensemble,ensemble,ensemble,multi,4.943556220456643,0.6078206703375266,9895,0,,Mode3_film_train_raw_wav2vec2_mfbe_pitch | Mode3_film_train_raw_hubert_mfbe_pitch
full_length,ENS_representation_ptm_train_raw_ptm_mfbe_pitch__wav2vec2_hubert__a60,ensemble,representation_ptm,train_raw__wav2vec2__mfbe_pitch | train_raw__hubert__mfbe_pitch,"0.6000,0.4000",ensemble,ensemble,ensemble,ensemble,multi,4.943556220456643,0.6096078572779512,9895,0,,Mode3_film_train_raw_wav2vec2_mfbe_pitch | Mode3_film_train_raw_hubert_mfbe_pitch
full_length,ENS_duration_raw_vi_full_7s__a50,ensemble,duration,train_raw__wav2vec2__mfcc_pitch | train_vi_full__wav2vec2__mfcc_pitch | train_vi_7s__wav2vec2__mfcc_pitch,"0.5000,0.3000,0.2000",ensemble,ensemble,ensemble,ensemble,multi,4.956980841211103,0.583319530013138,9895,0,,grid_film_raw_w2v2_mfccpitch_bdrop0p05_aug_aam_C_augOn_ap0p3_fn0p003_en0p002_m0p18_s30 | Mode3_film_train_vi_full_wav2vec2_mfcc_pitch_bdrop0p1 | Mode3_film_train_vi_7s_wav2vec2_mfcc_pitch
full_length,ENS_duration_raw_vi_full_5s_7s__a50,ensemble,duration,train_raw__wav2vec2__mfcc_pitch | train_vi_full__wav2vec2__mfcc_pitch | train_vi_5s__wav2vec2__mfcc_pitch | train_vi_7s__wav2vec2__mfcc_pitch,"0.5000,0.2000,0.1500,0.1500",ensemble,ensemble,ensemble,ensemble,multi,4.956980841211103,0.5967748309106998,9895,0,,grid_film_raw_w2v2_mfccpitch_bdrop0p05_aug_aam_C_augOn_ap0p3_fn0p003_en0p002_m0p18_s30 | Mode3_film_train_vi_full_wav2vec2_mfcc_pitch_bdrop0p1 | Mode3_film_train_vi_5s_wav2vec2_mfcc_pitch | Mode3_film_train_vi_7s_wav2vec2_mfcc_pitch
full_length,ENS_representation_hc_train_raw_hc_wav2vec2__mfcc_mfbe_pitch__eq,ensemble,representation_hc,train_raw__wav2vec2__mfcc_only | train_raw__wav2vec2__mfbe_only | train_raw__wav2vec2__pitch_only,"0.3333,0.3333,0.3333",ensemble,ensemble,ensemble,ensemble,multi,4.984134688791933,0.5875851675832835,9895,0,,Mode3_film_train_raw_wav2vec2_mfcc_only | Mode3_film_train_raw_wav2vec2_mfbe_only | Mode3_film_train_raw_wav2vec2_pitch_only
full_length,ENS_representation_ptm_train_raw_ptm_pitch_only__wav2vec2_wavlm__a60,ensemble,representation_ptm,train_raw__wav2vec2__pitch_only | train_raw__wavlm__pitch_only,"0.6000,0.4000",ensemble,ensemble,ensemble,ensemble,multi,4.984134688791933,0.5891843769027586,9895,0,,Mode3_film_train_raw_wav2vec2_pitch_only | Mode3_film_train_raw_wavlm_pitch_only
full_length,ENS_duration_raw_vi_full_5s_7s__a45,ensemble,duration,train_raw__wav2vec2__mfcc_pitch | train_vi_full__wav2vec2__mfcc_pitch | train_vi_5s__wav2vec2__mfcc_pitch | train_vi_7s__wav2vec2__mfcc_pitch,"0.4500,0.2500,0.1500,0.1500",ensemble,ensemble,ensemble,ensemble,multi,4.984134688791933,0.6027915417644572,9895,0,,grid_film_raw_w2v2_mfccpitch_bdrop0p05_aug_aam_C_augOn_ap0p3_fn0p003_en0p002_m0p18_s30 | Mode3_film_train_vi_full_wav2vec2_mfcc_pitch_bdrop0p1 | Mode3_film_train_vi_5s_wav2vec2_mfcc_pitch | Mode3_film_train_vi_7s_wav2vec2_mfcc_pitch
full_length,ENS_representation_hc_train_raw_hc_wavlm__mfcc_pitch_mfbe_pitch_mfcc_mfbe__a45,ensemble,representation_hc,train_raw__wavlm__mfcc_pitch | train_raw__wavlm__mfbe_pitch | train_raw__wavlm__mfcc_only | train_raw__wavlm__mfbe_only,"0.4500,0.2500,0.1500,0.1500",ensemble,ensemble,ensemble,ensemble,multi,4.984134688791933,0.6477629236123722,9895,0,,Mode3_film_train_raw_wavlm_mfcc_pitch | Mode3_film_train_raw_wavlm_mfbe_pitch | Mode3_film_train_raw_wavlm_mfcc_only | Mode3_film_train_raw_wavlm_mfbe_only
full_length,ENS_representation_hc_train_raw_hc_wavlm__mfcc_pitch__a70,ensemble,representation_hc,train_raw__wavlm__mfcc_only | train_raw__wavlm__pitch_only,"0.7000,0.3000",ensemble,ensemble,ensemble,ensemble,multi,4.9908469991691655,0.5752225517822082,9895,0,,Mode3_film_train_raw_wavlm_mfcc_only | Mode3_film_train_raw_wavlm_pitch_only
full_length,ENS_representation_hc_train_raw_hc_wavlm__mfcc_pitch_mfcc_mfbe_pitch__a45,ensemble,representation_hc,train_raw__wavlm__mfcc_pitch | train_raw__wavlm__mfcc_only | train_raw__wavlm__mfbe_only | train_raw__wavlm__pitch_only,"0.4500,0.2500,0.1500,0.1500",ensemble,ensemble,ensemble,ensemble,multi,4.9908469991691655,0.6294451767796435,9895,0,,Mode3_film_train_raw_wavlm_mfcc_pitch | Mode3_film_train_raw_wavlm_mfcc_only | Mode3_film_train_raw_wavlm_mfbe_only | Mode3_film_train_raw_wavlm_pitch_only
full_length,Mode3_film_train_vi_5s_wavlm_pitch_only,single,single,Mode3_film_train_vi_5s_wavlm_pitch_only,1.0,3,film,pitch_only,wavlm,train_vi_5s,4.9908469991691655,0.6304040547404007,9895,0,train_vi_5s__wavlm__pitch_only,
full_length,ENS_representation_hc_train_raw_hc_wavlm__mfcc_pitch_mfcc_mfbe_pitch__a50,ensemble,representation_hc,train_raw__wavlm__mfcc_pitch | train_raw__wavlm__mfcc_only | train_raw__wavlm__mfbe_only | train_raw__wavlm__pitch_only,"0.5000,0.2000,0.1500,0.1500",ensemble,ensemble,ensemble,ensemble,multi,4.9908469991691655,0.6314893305000032,9895,0,,Mode3_film_train_raw_wavlm_mfcc_pitch | Mode3_film_train_raw_wavlm_mfcc_only | Mode3_film_train_raw_wavlm_mfbe_only | Mode3_film_train_raw_wavlm_pitch_only
full_length,ENS_representation_hc_train_raw_hc_wavlm__mfbe_pitch_mfcc_mfbe_pitch__a45,ensemble,representation_hc,train_raw__wavlm__mfbe_pitch | train_raw__wavlm__mfcc_only | train_raw__wavlm__mfbe_only | train_raw__wavlm__pitch_only,"0.4500,0.2500,0.1500,0.1500",ensemble,ensemble,ensemble,ensemble,multi,4.9908469991691655,0.6325639587680824,9895,0,,Mode3_film_train_raw_wavlm_mfbe_pitch | Mode3_film_train_raw_wavlm_mfcc_only | Mode3_film_train_raw_wavlm_mfbe_only | Mode3_film_train_raw_wavlm_pitch_only
full_length,ENS_representation_hc_train_raw_hc_wavlm__mfcc_pitch_mfbe_pitch_mfcc_mfbe__a50,ensemble,representation_hc,train_raw__wavlm__mfcc_pitch | train_raw__wavlm__mfbe_pitch | train_raw__wavlm__mfcc_only | train_raw__wavlm__mfbe_only,"0.5000,0.2000,0.1500,0.1500",ensemble,ensemble,ensemble,ensemble,multi,4.9908469991691655,0.6459141568498435,9895,0,,Mode3_film_train_raw_wavlm_mfcc_pitch | Mode3_film_train_raw_wavlm_mfbe_pitch | Mode3_film_train_raw_wavlm_mfcc_only | Mode3_film_train_raw_wavlm_mfbe_only
full_length,ENS_representation_ptm_train_raw_ptm_mfcc_only__wavlm_hubert__a60,ensemble,representation_ptm,train_raw__wavlm__mfcc_only | train_raw__hubert__mfcc_only,"0.6000,0.4000",ensemble,ensemble,ensemble,ensemble,multi,4.997559309546398,0.5692238977568581,9895,0,,Mode3_film_train_raw_wavlm_mfcc_only | Mode3_film_train_raw_hubert_mfcc_only
full_length,ENS_representation_ptm_train_raw_ptm_pitch_only__wav2vec2_wavlm_hubert__a60,ensemble,representation_ptm,train_raw__wav2vec2__pitch_only | train_raw__wavlm__pitch_only | train_raw__hubert__pitch_only,"0.6000,0.2500,0.1500",ensemble,ensemble,ensemble,ensemble,multi,4.997559309546398,0.5858160374712663,9895,0,,Mode3_film_train_raw_wav2vec2_pitch_only | Mode3_film_train_raw_wavlm_pitch_only | Mode3_film_train_raw_hubert_pitch_only
full_length,ENS_representation_hc_train_raw_hc_wav2vec2__mfcc_pitch__a60,ensemble,representation_hc,train_raw__wav2vec2__mfcc_only | train_raw__wav2vec2__pitch_only,"0.6000,0.4000",ensemble,ensemble,ensemble,ensemble,multi,4.997559309546398,0.5934861281297168,9895,0,,Mode3_film_train_raw_wav2vec2_mfcc_only | Mode3_film_train_raw_wav2vec2_pitch_only
full_length,ENS_duration_raw_vi_full_5s__eq,ensemble,duration,train_raw__wav2vec2__mfcc_pitch | train_vi_full__wav2vec2__mfcc_pitch | train_vi_5s__wav2vec2__mfcc_pitch,"0.3333,0.3333,0.3333",ensemble,ensemble,ensemble,ensemble,multi,4.997559309546398,0.612256228700214,9895,0,,grid_film_raw_w2v2_mfccpitch_bdrop0p05_aug_aam_C_augOn_ap0p3_fn0p003_en0p002_m0p18_s30 | Mode3_film_train_vi_full_wav2vec2_mfcc_pitch_bdrop0p1 | Mode3_film_train_vi_5s_wav2vec2_mfcc_pitch
full_length,ENS_representation_hc_train_raw_hc_wavlm__mfcc_pitch_mfbe_pitch_mfbe_pitch__a45,ensemble,representation_hc,train_raw__wavlm__mfcc_pitch | train_raw__wavlm__mfbe_pitch | train_raw__wavlm__mfbe_only | train_raw__wavlm__pitch_only,"0.4500,0.2500,0.1500,0.1500",ensemble,ensemble,ensemble,ensemble,multi,4.997559309546398,0.647940253741798,9895,0,,Mode3_film_train_raw_wavlm_mfcc_pitch | Mode3_film_train_raw_wavlm_mfbe_pitch | Mode3_film_train_raw_wavlm_mfbe_only | Mode3_film_train_raw_wavlm_pitch_only
full_length,ENS_representation_ptm_train_raw_ptm_pitch_only__wavlm_hubert__a60,ensemble,representation_ptm,train_raw__wavlm__pitch_only | train_raw__hubert__pitch_only,"0.6000,0.4000",ensemble,ensemble,ensemble,ensemble,multi,5.031425467504462,0.5550740950153604,9895,0,,Mode3_film_train_raw_wavlm_pitch_only | Mode3_film_train_raw_hubert_pitch_only
full_length,ENS_representation_ptm_train_raw_ptm_pitch_only__wavlm_hubert__eq,ensemble,representation_ptm,train_raw__wavlm__pitch_only | train_raw__hubert__pitch_only,"0.5000,0.5000",ensemble,ensemble,ensemble,ensemble,multi,5.031425467504462,0.5595892900285593,9895,0,,Mode3_film_train_raw_wavlm_pitch_only | Mode3_film_train_raw_hubert_pitch_only
full_length,ENS_representation_ptm_train_raw_ptm_mfcc_only__wavlm_hubert__eq,ensemble,representation_ptm,train_raw__wavlm__mfcc_only | train_raw__hubert__mfcc_only,"0.5000,0.5000",ensemble,ensemble,ensemble,ensemble,multi,5.031425467504462,0.5701211958955135,9895,0,,Mode3_film_train_raw_wavlm_mfcc_only | Mode3_film_train_raw_hubert_mfcc_only
full_length,ENS_representation_hc_train_raw_hc_wav2vec2__mfbe_pitch_mfbe_pitch__eq,ensemble,representation_hc,train_raw__wav2vec2__mfbe_pitch | train_raw__wav2vec2__mfbe_only | train_raw__wav2vec2__pitch_only,"0.3333,0.3333,0.3333",ensemble,ensemble,ensemble,ensemble,multi,5.031425467504462,0.6191702376926247,9895,0,,Mode3_film_train_raw_wav2vec2_mfbe_pitch | Mode3_film_train_raw_wav2vec2_mfbe_only | Mode3_film_train_raw_wav2vec2_pitch_only
full_length,ENS_representation_hc_train_raw_hc_wav2vec2__mfbe_pitch_mfbe_pitch__a60,ensemble,representation_hc,train_raw__wav2vec2__mfbe_pitch | train_raw__wav2vec2__mfbe_only | train_raw__wav2vec2__pitch_only,"0.6000,0.2500,0.1500",ensemble,ensemble,ensemble,ensemble,multi,5.031425467504462,0.6281645140622077,9895,0,,Mode3_film_train_raw_wav2vec2_mfbe_pitch | Mode3_film_train_raw_wav2vec2_mfbe_only | Mode3_film_train_raw_wav2vec2_pitch_only
full_length,ENS_representation_hc_train_raw_hc_wavlm__mfbe_pitch_mfcc_mfbe_pitch__a50,ensemble,representation_hc,train_raw__wavlm__mfbe_pitch | train_raw__wavlm__mfcc_only | train_raw__wavlm__mfbe_only | train_raw__wavlm__pitch_only,"0.5000,0.2000,0.1500,0.1500",ensemble,ensemble,ensemble,ensemble,multi,5.031425467504462,0.6392210009805578,9895,0,,Mode3_film_train_raw_wavlm_mfbe_pitch | Mode3_film_train_raw_wavlm_mfcc_only | Mode3_film_train_raw_wavlm_mfbe_only | Mode3_film_train_raw_wavlm_pitch_only
full_length,Mode3_film_train_raw_wavlm_mfcc_pitch,single,single,Mode3_film_train_raw_wavlm_mfcc_pitch,1.0,3,film,mfcc_pitch,wavlm,train_raw,5.031425467504462,0.6464026242444271,9895,0,train_raw__wavlm__mfcc_pitch,
full_length,ENS_representation_hc_train_raw_hc_wavlm__mfcc_pitch_mfbe_pitch_mfbe_pitch__a50,ensemble,representation_hc,train_raw__wavlm__mfcc_pitch | train_raw__wavlm__mfbe_pitch | train_raw__wavlm__mfbe_only | train_raw__wavlm__pitch_only,"0.5000,0.2000,0.1500,0.1500",ensemble,ensemble,ensemble,ensemble,multi,5.038137777881689,0.6474156726904021,9895,0,,Mode3_film_train_raw_wavlm_mfcc_pitch | Mode3_film_train_raw_wavlm_mfbe_pitch | Mode3_film_train_raw_wavlm_mfbe_only | Mode3_film_train_raw_wavlm_pitch_only
full_length,ENS_representation_hc_train_raw_hc_wavlm__mfcc_pitch_mfbe_pitch_mfbe__a60,ensemble,representation_hc,train_raw__wavlm__mfcc_pitch | train_raw__wavlm__mfbe_pitch | train_raw__wavlm__mfbe_only,"0.6000,0.2500,0.1500",ensemble,ensemble,ensemble,ensemble,multi,5.038137777881689,0.6574410543343697,9895,0,,Mode3_film_train_raw_wavlm_mfcc_pitch | Mode3_film_train_raw_wavlm_mfbe_pitch | Mode3_film_train_raw_wavlm_mfbe_only
full_length,ENS_representation_hc_train_raw_hc_wavlm__mfcc_pitch_mfbe_pitch_mfcc_mfbe_pitch__eq,ensemble,representation_hc,train_raw__wavlm__mfcc_pitch | train_raw__wavlm__mfbe_pitch | train_raw__wavlm__mfcc_only | train_raw__wavlm__mfbe_only | train_raw__wavlm__pitch_only,"0.2000,0.2000,0.2000,0.2000,0.2000",ensemble,ensemble,ensemble,ensemble,multi,5.065291625462518,0.6332223469552078,9895,0,,Mode3_film_train_raw_wavlm_mfcc_pitch | Mode3_film_train_raw_wavlm_mfbe_pitch | Mode3_film_train_raw_wavlm_mfcc_only | Mode3_film_train_raw_wavlm_mfbe_only | Mode3_film_train_raw_wavlm_pitch_only
full_length,ENS_representation_hc_train_raw_hc_wav2vec2__mfcc_pitch__eq,ensemble,representation_hc,train_raw__wav2vec2__mfcc_only | train_raw__wav2vec2__pitch_only,"0.5000,0.5000",ensemble,ensemble,ensemble,ensemble,multi,5.072003935839751,0.5958233622868265,9895,0,,Mode3_film_train_raw_wav2vec2_mfcc_only | Mode3_film_train_raw_wav2vec2_pitch_only
full_length,ENS_representation_ptm_train_raw_ptm_pitch_only__wav2vec2_wavlm__a70,ensemble,representation_ptm,train_raw__wav2vec2__pitch_only | train_raw__wavlm__pitch_only,"0.7000,0.3000",ensemble,ensemble,ensemble,ensemble,multi,5.072003935839751,0.6049949687858356,9895,0,,Mode3_film_train_raw_wav2vec2_pitch_only | Mode3_film_train_raw_wavlm_pitch_only
full_length,ENS_representation_hc_train_raw_hc_wav2vec2__mfbe_pitch_mfbe__eq,ensemble,representation_hc,train_raw__wav2vec2__mfbe_pitch | train_raw__wav2vec2__mfbe_only,"0.5000,0.5000",ensemble,ensemble,ensemble,ensemble,multi,5.072003935839751,0.6185044401686174,9895,0,,Mode3_film_train_raw_wav2vec2_mfbe_pitch | Mode3_film_train_raw_wav2vec2_mfbe_only
full_length,ENS_representation_hc_train_raw_hc_wav2vec2__mfbe_pitch_mfbe__a70,ensemble,representation_hc,train_raw__wav2vec2__mfbe_pitch | train_raw__wav2vec2__mfbe_only,"0.7000,0.3000",ensemble,ensemble,ensemble,ensemble,multi,5.072003935839751,0.6274806597097932,9895,0,,Mode3_film_train_raw_wav2vec2_mfbe_pitch | Mode3_film_train_raw_wav2vec2_mfbe_only
full_length,ENS_representation_hc_train_raw_hc_wavlm__mfcc_pitch_mfcc_mfbe__a60,ensemble,representation_hc,train_raw__wavlm__mfcc_pitch | train_raw__wavlm__mfcc_only | train_raw__wavlm__mfbe_only,"0.6000,0.2500,0.1500",ensemble,ensemble,ensemble,ensemble,multi,5.072003935839751,0.642118929845874,9895,0,,Mode3_film_train_raw_wavlm_mfcc_pitch | Mode3_film_train_raw_wavlm_mfcc_only | Mode3_film_train_raw_wavlm_mfbe_only
full_length,ENS_representation_hc_train_raw_hc_wavlm__mfbe_pitch_mfcc_mfbe__a60,ensemble,representation_hc,train_raw__wavlm__mfbe_pitch | train_raw__wavlm__mfcc_only | train_raw__wavlm__mfbe_only,"0.6000,0.2500,0.1500",ensemble,ensemble,ensemble,ensemble,multi,5.072003935839751,0.6452196550059077,9895,0,,Mode3_film_train_raw_wavlm_mfbe_pitch | Mode3_film_train_raw_wavlm_mfcc_only | Mode3_film_train_raw_wavlm_mfbe_only
full_length,ENS_representation_ptm_train_raw_ptm_mfcc_only__wavlm_hubert__a70,ensemble,representation_ptm,train_raw__wavlm__mfcc_only | train_raw__hubert__mfcc_only,"0.7000,0.3000",ensemble,ensemble,ensemble,ensemble,multi,5.078716246216984,0.5710546076909793,9895,0,,Mode3_film_train_raw_wavlm_mfcc_only | Mode3_film_train_raw_hubert_mfcc_only
full_length,ENS_representation_ptm_train_vi_5s_ptm_pitch_only__wav2vec2_wavlm__eq,ensemble,representation_ptm,train_vi_5s__wav2vec2__pitch_only | train_vi_5s__wavlm__pitch_only,"0.5000,0.5000",ensemble,ensemble,ensemble,ensemble,multi,5.078716246216984,0.5809281253708102,9895,0,,Mode3_film_train_vi_5s_wav2vec2_pitch_only | Mode3_film_train_vi_5s_wavlm_pitch_only
full_length,ENS_representation_hc_train_raw_hc_wav2vec2__mfbe_pitch_pitch__a60,ensemble,representation_hc,train_raw__wav2vec2__mfbe_pitch | train_raw__wav2vec2__pitch_only,"0.6000,0.4000",ensemble,ensemble,ensemble,ensemble,multi,5.105870093797814,0.6189748507347912,9895,0,,Mode3_film_train_raw_wav2vec2_mfbe_pitch | Mode3_film_train_raw_wav2vec2_pitch_only
full_length,ENS_representation_hc_train_raw_hc_wav2vec2__mfbe_pitch_pitch__a70,ensemble,representation_hc,train_raw__wav2vec2__mfbe_pitch | train_raw__wav2vec2__pitch_only,"0.7000,0.3000",ensemble,ensemble,ensemble,ensemble,multi,5.105870093797814,0.6204944234037572,9895,0,,Mode3_film_train_raw_wav2vec2_mfbe_pitch | Mode3_film_train_raw_wav2vec2_pitch_only
full_length,ENS_representation_hc_train_raw_hc_wav2vec2__mfbe_pitch_mfbe__a60,ensemble,representation_hc,train_raw__wav2vec2__mfbe_pitch | train_raw__wav2vec2__mfbe_only,"0.6000,0.4000",ensemble,ensemble,ensemble,ensemble,multi,5.105870093797814,0.6244054007150508,9895,0,,Mode3_film_train_raw_wav2vec2_mfbe_pitch | Mode3_film_train_raw_wav2vec2_mfbe_only
full_length,ENS_representation_ptm_train_vi_5s_ptm_pitch_only__wav2vec2_wavlm_hubert__a50,ensemble,representation_ptm,train_vi_5s__wav2vec2__pitch_only | train_vi_5s__wavlm__pitch_only | train_vi_5s__hubert__pitch_only,"0.5000,0.3000,0.2000",ensemble,ensemble,ensemble,ensemble,multi,5.112582404175047,0.5750091079959696,9895,0,,Mode3_film_train_vi_5s_wav2vec2_pitch_only | Mode3_film_train_vi_5s_wavlm_pitch_only | Mode3_film_train_vi_5s_hubert_pitch_only
full_length,ENS_duration_raw_vi_full_3s_7s__eq,ensemble,duration,train_raw__wav2vec2__mfcc_pitch | train_vi_full__wav2vec2__mfcc_pitch | train_vi_3s__wav2vec2__mfcc_pitch | train_vi_7s__wav2vec2__mfcc_pitch,"0.2500,0.2500,0.2500,0.2500",ensemble,ensemble,ensemble,ensemble,multi,5.112582404175047,0.6056353001445535,9895,0,,grid_film_raw_w2v2_mfccpitch_bdrop0p05_aug_aam_C_augOn_ap0p3_fn0p003_en0p002_m0p18_s30 | Mode3_film_train_vi_full_wav2vec2_mfcc_pitch_bdrop0p1 | Mode3_film_train_vi_3s_wav2vec2_mfcc_pitch | Mode3_film_train_vi_7s_wav2vec2_mfcc_pitch
full_length,ENS_representation_hc_train_vi_3s_hc_wav2vec2__mfbe_pitch_mfcc_mfbe_pitch__eq,ensemble,representation_hc,train_vi_3s__wav2vec2__mfbe_pitch | train_vi_3s__wav2vec2__mfcc_only | train_vi_3s__wav2vec2__mfbe_only | train_vi_3s__wav2vec2__pitch_only,"0.2500,0.2500,0.2500,0.2500",ensemble,ensemble,ensemble,ensemble,multi,5.112582404175047,0.6176145513668461,9895,0,,Mode3_film_train_vi_3s_wav2vec2_mfbe_pitch | Mode3_film_train_vi_3s_wav2vec2_mfcc_only | Mode3_film_train_vi_3s_wav2vec2_mfbe_only | Mode3_film_train_vi_3s_wav2vec2_pitch_only
full_length,ENS_representation_hc_train_vi_3s_hc_wav2vec2__mfbe_pitch__a70,ensemble,representation_hc,train_vi_3s__wav2vec2__mfbe_only | train_vi_3s__wav2vec2__pitch_only,"0.7000,0.3000",ensemble,ensemble,ensemble,ensemble,multi,5.112582404175047,0.6272311022667417,9895,0,,Mode3_film_train_vi_3s_wav2vec2_mfbe_only | Mode3_film_train_vi_3s_wav2vec2_pitch_only
full_length,Mode3_film_train_vi_3s_wav2vec2_mfbe_only,single,single,Mode3_film_train_vi_3s_wav2vec2_mfbe_only,1.0,3,film,mfbe_only,wav2vec2,train_vi_3s,5.112582404175047,0.6483384369943468,9895,0,train_vi_3s__wav2vec2__mfbe_only,
full_length,ENS_representation_hc_train_raw_hc_wavlm__mfcc_pitch_mfbe_pitch_mfbe__a50,ensemble,representation_hc,train_raw__wavlm__mfcc_pitch | train_raw__wavlm__mfbe_pitch | train_raw__wavlm__mfbe_only,"0.5000,0.3000,0.2000",ensemble,ensemble,ensemble,ensemble,multi,5.112582404175047,0.6719274605063141,9895,0,,Mode3_film_train_raw_wavlm_mfcc_pitch | Mode3_film_train_raw_wavlm_mfbe_pitch | Mode3_film_train_raw_wavlm_mfbe_only
full_length,ENS_representation_hc_train_vi_3s_hc_wav2vec2__mfbe_pitch__a60,ensemble,representation_hc,train_vi_3s__wav2vec2__mfbe_only | train_vi_3s__wav2vec2__pitch_only,"0.6000,0.4000",ensemble,ensemble,ensemble,ensemble,multi,5.11929471455228,0.6275422395318971,9895,0,,Mode3_film_train_vi_3s_wav2vec2_mfbe_only | Mode3_film_train_vi_3s_wav2vec2_pitch_only
full_length,ENS_representation_hc_train_vi_3s_hc_wav2vec2__mfcc_mfbe_pitch__a50,ensemble,representation_hc,train_vi_3s__wav2vec2__mfcc_only | train_vi_3s__wav2vec2__mfbe_only | train_vi_3s__wav2vec2__pitch_only,"0.5000,0.3000,0.2000",ensemble,ensemble,ensemble,ensemble,multi,5.146448562133105,0.6135081870977214,9895,0,,Mode3_film_train_vi_3s_wav2vec2_mfcc_only | Mode3_film_train_vi_3s_wav2vec2_mfbe_only | Mode3_film_train_vi_3s_wav2vec2_pitch_only
full_length,ENS_representation_ptm_train_vi_3s_ptm_mfcc_pitch__wav2vec2_wavlm__eq,ensemble,representation_ptm,train_vi_3s__wav2vec2__mfcc_pitch | train_vi_3s__wavlm__mfcc_pitch,"0.5000,0.5000",ensemble,ensemble,ensemble,ensemble,multi,5.146448562133105,0.6249119249380394,9895,0,,Mode3_film_train_vi_3s_wav2vec2_mfcc_pitch | Mode3_film_train_vi_3s_wavlm_mfcc_pitch
full_length,ENS_representation_ptm_train_vi_3s_ptm_mfbe_only__wav2vec2_wavlm__a70,ensemble,representation_ptm,train_vi_3s__wav2vec2__mfbe_only | train_vi_3s__wavlm__mfbe_only,"0.7000,0.3000",ensemble,ensemble,ensemble,ensemble,multi,5.146448562133105,0.6389895003659118,9895,0,,Mode3_film_train_vi_3s_wav2vec2_mfbe_only | Mode3_film_train_vi_3s_wavlm_mfbe_only
full_length,ENS_representation_hc_train_vi_3s_hc_wav2vec2__mfcc_mfbe_pitch__a60,ensemble,representation_hc,train_vi_3s__wav2vec2__mfcc_only | train_vi_3s__wav2vec2__mfbe_only | train_vi_3s__wav2vec2__pitch_only,"0.6000,0.2500,0.1500",ensemble,ensemble,ensemble,ensemble,multi,5.1531608725103375,0.6127882190884941,9895,0,,Mode3_film_train_vi_3s_wav2vec2_mfcc_only | Mode3_film_train_vi_3s_wav2vec2_mfbe_only | Mode3_film_train_vi_3s_wav2vec2_pitch_only
full_length,ENS_representation_hc_train_vi_full_hc_wav2vec2__mfcc_pitch_mfcc_mfbe_pitch__a45,ensemble,representation_hc,train_vi_full__wav2vec2__mfcc_pitch | train_vi_full__wav2vec2__mfcc_only | train_vi_full__wav2vec2__mfbe_only | train_vi_full__wav2vec2__pitch_only,"0.4500,0.2500,0.1500,0.1500",ensemble,ensemble,ensemble,ensemble,multi,5.1531608725103375,0.6168075373702255,9895,0,,Mode3_film_train_vi_full_wav2vec2_mfcc_pitch_bdrop0p1 | Mode3_film_train_vi_full_wav2vec2_mfcc_only | Mode3_film_train_vi_full_wav2vec2_mfbe_only | Mode3_film_train_vi_full_wav2vec2_pitch_only
full_length,ENS_representation_ptm_train_vi_3s_ptm_mfcc_only__wav2vec2_wavlm__a70,ensemble,representation_ptm,train_vi_3s__wav2vec2__mfcc_only | train_vi_3s__wavlm__mfcc_only,"0.7000,0.3000",ensemble,ensemble,ensemble,ensemble,multi,5.1531608725103375,0.622245496687367,9895,0,,Mode3_film_train_vi_3s_wav2vec2_mfcc_only | Mode3_film_train_vi_3s_wavlm_mfcc_only
full_length,ENS_representation_hc_train_vi_full_hc_wav2vec2__mfcc_pitch_mfcc_mfbe__a50,ensemble,representation_hc,train_vi_full__wav2vec2__mfcc_pitch | train_vi_full__wav2vec2__mfcc_only | train_vi_full__wav2vec2__mfbe_only,"0.5000,0.3000,0.2000",ensemble,ensemble,ensemble,ensemble,multi,5.1531608725103375,0.6249660954232572,9895,0,,Mode3_film_train_vi_full_wav2vec2_mfcc_pitch_bdrop0p1 | Mode3_film_train_vi_full_wav2vec2_mfcc_only | Mode3_film_train_vi_full_wav2vec2_mfbe_only
full_length,ENS_representation_hc_train_raw_hc_wavlm__mfcc_pitch_mfcc_mfbe__a50,ensemble,representation_hc,train_raw__wavlm__mfcc_pitch | train_raw__wavlm__mfcc_only | train_raw__wavlm__mfbe_only,"0.5000,0.3000,0.2000",ensemble,ensemble,ensemble,ensemble,multi,5.1531608725103375,0.64928990561822,9895,0,,Mode3_film_train_raw_wavlm_mfcc_pitch | Mode3_film_train_raw_wavlm_mfcc_only | Mode3_film_train_raw_wavlm_mfbe_only
full_length,ENS_representation_hc_train_raw_hc_hubert__mfcc_pitch_mfbe_pitch_mfcc__a50,ensemble,representation_hc,train_raw__hubert__mfcc_pitch | train_raw__hubert__mfbe_pitch | train_raw__hubert__mfcc_only,"0.5000,0.3000,0.2000",ensemble,ensemble,ensemble,ensemble,multi,5.15987318288757,0.574734084387627,9895,0,,Mode3_film_train_raw_hubert_mfcc_pitch | Mode3_film_train_raw_hubert_mfbe_pitch | Mode3_film_train_raw_hubert_mfcc_only
full_length,ENS_representation_hc_train_vi_full_hc_wavlm__mfcc_pitch_pitch__a60,ensemble,representation_hc,train_vi_full__wavlm__mfcc_pitch | train_vi_full__wavlm__pitch_only,"0.6000,0.4000",ensemble,ensemble,ensemble,ensemble,multi,5.187027030468401,0.6090471625697425,9895,0,,Mode3_film_train_vi_full_wavlm_mfcc_pitch | Mode3_film_train_vi_full_wavlm_pitch_only
full_length,ENS_representation_hc_train_vi_3s_hc_wav2vec2__mfbe_pitch_mfbe_pitch__eq,ensemble,representation_hc,train_vi_3s__wav2vec2__mfbe_pitch | train_vi_3s__wav2vec2__mfbe_only | train_vi_3s__wav2vec2__pitch_only,"0.3333,0.3333,0.3333",ensemble,ensemble,ensemble,ensemble,multi,5.187027030468401,0.6279330134475616,9895,0,,Mode3_film_train_vi_3s_wav2vec2_mfbe_pitch | Mode3_film_train_vi_3s_wav2vec2_mfbe_only | Mode3_film_train_vi_3s_wav2vec2_pitch_only
full_length,ENS_representation_hc_train_raw_hc_hubert__mfcc_pitch_mfbe_pitch_mfcc_pitch__a45,ensemble,representation_hc,train_raw__hubert__mfcc_pitch | train_raw__hubert__mfbe_pitch | train_raw__hubert__mfcc_only | train_raw__hubert__pitch_only,"0.4500,0.2500,0.1500,0.1500",ensemble,ensemble,ensemble,ensemble,multi,5.193739340845633,0.5665574695061878,9895,0,,Mode3_film_train_raw_hubert_mfcc_pitch | Mode3_film_train_raw_hubert_mfbe_pitch | Mode3_film_train_raw_hubert_mfcc_only | Mode3_film_train_raw_hubert_pitch_only
full_length,ENS_representation_hc_train_vi_3s_hc_wav2vec2__mfcc_mfbe__a70,ensemble,representation_hc,train_vi_3s__wav2vec2__mfcc_only | train_vi_3s__wav2vec2__mfbe_only,"0.7000,0.3000",ensemble,ensemble,ensemble,ensemble,multi,5.193739340845633,0.6130197197031401,9895,0,,Mode3_film_train_vi_3s_wav2vec2_mfcc_only | Mode3_film_train_vi_3s_wav2vec2_mfbe_only
full_length,ENS_representation_ptm_train_vi_full_ptm_mfcc_pitch__wav2vec2_wavlm__eq,ensemble,representation_ptm,train_vi_full__wav2vec2__mfcc_pitch | train_vi_full__wavlm__mfcc_pitch,"0.5000,0.5000",ensemble,ensemble,ensemble,ensemble,multi,5.193739340845633,0.6170209811564642,9895,0,,Mode3_film_train_vi_full_wav2vec2_mfcc_pitch_bdrop0p1 | Mode3_film_train_vi_full_wavlm_mfcc_pitch
full_length,ENS_representation_hc_train_vi_3s_hc_wav2vec2__mfcc_mfbe__eq,ensemble,representation_hc,train_vi_3s__wav2vec2__mfcc_only | train_vi_3s__wav2vec2__mfbe_only,"0.5000,0.5000",ensemble,ensemble,ensemble,ensemble,multi,5.193739340845633,0.6208055606689125,9895,0,,Mode3_film_train_vi_3s_wav2vec2_mfcc_only | Mode3_film_train_vi_3s_wav2vec2_mfbe_only
full_length,ENS_representation_ptm_train_vi_3s_ptm_mfcc_pitch__wav2vec2_wavlm__a60,ensemble,representation_ptm,train_vi_3s__wav2vec2__mfcc_pitch | train_vi_3s__wavlm__mfcc_pitch,"0.6000,0.4000",ensemble,ensemble,ensemble,ensemble,multi,5.193739340845633,0.6231608516544275,9895,0,,Mode3_film_train_vi_3s_wav2vec2_mfcc_pitch | Mode3_film_train_vi_3s_wavlm_mfcc_pitch
full_length,ENS_representation_ptm_train_vi_3s_ptm_mfbe_only__wav2vec2_wavlm__a60,ensemble,representation_ptm,train_vi_3s__wav2vec2__mfbe_only | train_vi_3s__wavlm__mfbe_only,"0.6000,0.4000",ensemble,ensemble,ensemble,ensemble,multi,5.193739340845633,0.6507659552934891,9895,0,,Mode3_film_train_vi_3s_wav2vec2_mfbe_only | Mode3_film_train_vi_3s_wavlm_mfbe_only
full_length,ENS_representation_hc_train_raw_hc_wavlm__mfcc_pitch_mfbe_pitch_mfcc_mfbe__eq,ensemble,representation_hc,train_raw__wavlm__mfcc_pitch | train_raw__wavlm__mfbe_pitch | train_raw__wavlm__mfcc_only | train_raw__wavlm__mfbe_only,"0.2500,0.2500,0.2500,0.2500",ensemble,ensemble,ensemble,ensemble,multi,5.193739340845633,0.6586675465665855,9895,0,,Mode3_film_train_raw_wavlm_mfcc_pitch | Mode3_film_train_raw_wavlm_mfbe_pitch | Mode3_film_train_raw_wavlm_mfcc_only | Mode3_film_train_raw_wavlm_mfbe_only
full_length,ENS_representation_hc_train_raw_hc_wavlm__mfcc_pitch_mfbe_pitch_mfbe_pitch__eq,ensemble,representation_hc,train_raw__wavlm__mfcc_pitch | train_raw__wavlm__mfbe_pitch | train_raw__wavlm__mfbe_only | train_raw__wavlm__pitch_only,"0.2500,0.2500,0.2500,0.2500",ensemble,ensemble,ensemble,ensemble,multi,5.193739340845633,0.6676618229361686,9895,0,,Mode3_film_train_raw_wavlm_mfcc_pitch | Mode3_film_train_raw_wavlm_mfbe_pitch | Mode3_film_train_raw_wavlm_mfbe_only | Mode3_film_train_raw_wavlm_pitch_only
full_length,ENS_representation_hc_train_vi_full_hc_wav2vec2__mfcc_pitch__a60,ensemble,representation_hc,train_vi_full__wav2vec2__mfcc_only | train_vi_full__wav2vec2__pitch_only,"0.6000,0.4000",ensemble,ensemble,ensemble,ensemble,multi,5.200451651222866,0.6014418898880332,9895,0,,Mode3_film_train_vi_full_wav2vec2_mfcc_only | Mode3_film_train_vi_full_wav2vec2_pitch_only
full_length,ENS_representation_hc_train_vi_full_hc_wav2vec2__mfcc_pitch_mfcc_pitch__eq,ensemble,representation_hc,train_vi_full__wav2vec2__mfcc_pitch | train_vi_full__wav2vec2__mfcc_only | train_vi_full__wav2vec2__pitch_only,"0.3333,0.3333,0.3333",ensemble,ensemble,ensemble,ensemble,multi,5.200451651222866,0.6106750762091462,9895,0,,Mode3_film_train_vi_full_wav2vec2_mfcc_pitch_bdrop0p1 | Mode3_film_train_vi_full_wav2vec2_mfcc_only | Mode3_film_train_vi_full_wav2vec2_pitch_only
full_length,ENS_representation_hc_train_vi_3s_hc_wav2vec2__mfcc_mfbe_pitch__eq,ensemble,representation_hc,train_vi_3s__wav2vec2__mfcc_only | train_vi_3s__wav2vec2__mfbe_only | train_vi_3s__wav2vec2__pitch_only,"0.3333,0.3333,0.3333",ensemble,ensemble,ensemble,ensemble,multi,5.200451651222866,0.6150638734234998,9895,0,,Mode3_film_train_vi_3s_wav2vec2_mfcc_only | Mode3_film_train_vi_3s_wav2vec2_mfbe_only | Mode3_film_train_vi_3s_wav2vec2_pitch_only
full_length,ENS_representation_hc_train_vi_full_hc_wav2vec2__mfcc_pitch_mfcc_pitch__a50,ensemble,representation_hc,train_vi_full__wav2vec2__mfcc_pitch | train_vi_full__wav2vec2__mfcc_only | train_vi_full__wav2vec2__pitch_only,"0.5000,0.3000,0.2000",ensemble,ensemble,ensemble,ensemble,multi,5.200451651222866,0.6171983112858901,9895,0,,Mode3_film_train_vi_full_wav2vec2_mfcc_pitch_bdrop0p1 | Mode3_film_train_vi_full_wav2vec2_mfcc_only | Mode3_film_train_vi_full_wav2vec2_pitch_only
full_length,ENS_representation_hc_train_vi_3s_hc_wav2vec2__mfbe_pitch_mfcc_mfbe__eq,ensemble,representation_hc,train_vi_3s__wav2vec2__mfbe_pitch | train_vi_3s__wav2vec2__mfcc_only | train_vi_3s__wav2vec2__mfbe_only,"0.3333,0.3333,0.3333",ensemble,ensemble,ensemble,ensemble,multi,5.200451651222866,0.6368911761603321,9895,0,,Mode3_film_train_vi_3s_wav2vec2_mfbe_pitch | Mode3_film_train_vi_3s_wav2vec2_mfcc_only | Mode3_film_train_vi_3s_wav2vec2_mfbe_only
full_length,ENS_representation_hc_train_raw_hc_hubert__mfbe_pitch_mfcc__a60,ensemble,representation_hc,train_raw__hubert__mfbe_pitch | train_raw__hubert__mfcc_only,"0.6000,0.4000",ensemble,ensemble,ensemble,ensemble,multi,5.227605498803696,0.6054218563583148,9895,0,,Mode3_film_train_raw_hubert_mfbe_pitch | Mode3_film_train_raw_hubert_mfcc_only
full_length,ENS_representation_hc_train_vi_full_hc_wav2vec2__mfcc_pitch_mfcc_mfbe_pitch__a50,ensemble,representation_hc,train_vi_full__wav2vec2__mfcc_pitch | train_vi_full__wav2vec2__mfcc_only | train_vi_full__wav2vec2__mfbe_only | train_vi_full__wav2vec2__pitch_only,"0.5000,0.2000,0.1500,0.1500",ensemble,ensemble,ensemble,ensemble,multi,5.227605498803696,0.6202916271090398,9895,0,,Mode3_film_train_vi_full_wav2vec2_mfcc_pitch_bdrop0p1 | Mode3_film_train_vi_full_wav2vec2_mfcc_only | Mode3_film_train_vi_full_wav2vec2_mfbe_only | Mode3_film_train_vi_full_wav2vec2_pitch_only
full_length,ENS_representation_hc_train_raw_hc_wav2vec2__mfbe_pitch_pitch__eq,ensemble,representation_hc,train_raw__wav2vec2__mfbe_pitch | train_raw__wav2vec2__pitch_only,"0.5000,0.5000",ensemble,ensemble,ensemble,ensemble,multi,5.227605498803696,0.6214458920276303,9895,0,,Mode3_film_train_raw_wav2vec2_mfbe_pitch | Mode3_film_train_raw_wav2vec2_pitch_only
full_length,ENS_representation_hc_train_raw_hc_hubert__mfcc_pitch_mfbe_pitch_mfcc_pitch__eq,ensemble,representation_hc,train_raw__hubert__mfcc_pitch | train_raw__hubert__mfbe_pitch | train_raw__hubert__mfcc_only | train_raw__hubert__pitch_only,"0.2500,0.2500,0.2500,0.2500",ensemble,ensemble,ensemble,ensemble,multi,5.234317809180928,0.5747160275592217,9895,0,,Mode3_film_train_raw_hubert_mfcc_pitch | Mode3_film_train_raw_hubert_mfbe_pitch | Mode3_film_train_raw_hubert_mfcc_only | Mode3_film_train_raw_hubert_pitch_only
full_length,ENS_representation_hc_train_raw_hc_hubert__mfcc_pitch_mfbe_pitch__eq,ensemble,representation_hc,train_raw__hubert__mfcc_pitch | train_raw__hubert__mfbe_pitch,"0.5000,0.5000",ensemble,ensemble,ensemble,ensemble,multi,5.234317809180928,0.576449044014424,9895,0,,Mode3_film_train_raw_hubert_mfcc_pitch | Mode3_film_train_raw_hubert_mfbe_pitch
full_length,ENS_representation_hc_train_raw_hc_hubert__mfcc_pitch_mfbe_pitch_mfcc__eq,ensemble,representation_hc,train_raw__hubert__mfcc_pitch | train_raw__hubert__mfbe_pitch | train_raw__hubert__mfcc_only,"0.3333,0.3333,0.3333",ensemble,ensemble,ensemble,ensemble,multi,5.234317809180928,0.5799331337532403,9895,0,,Mode3_film_train_raw_hubert_mfcc_pitch | Mode3_film_train_raw_hubert_mfbe_pitch | Mode3_film_train_raw_hubert_mfcc_only
full_length,ENS_representation_ptm_train_raw_ptm_pitch_only__wav2vec2_hubert__eq,ensemble,representation_ptm,train_raw__wav2vec2__pitch_only | train_raw__hubert__pitch_only,"0.5000,0.5000",ensemble,ensemble,ensemble,ensemble,multi,5.234317809180928,0.5875671107548781,9895,0,,Mode3_film_train_raw_wav2vec2_pitch_only | Mode3_film_train_raw_hubert_pitch_only
full_length,ENS_representation_hc_train_raw_hc_hubert__mfcc_pitch_mfbe_pitch_mfcc_mfbe__a45,ensemble,representation_hc,train_raw__hubert__mfcc_pitch | train_raw__hubert__mfbe_pitch | train_raw__hubert__mfcc_only | train_raw__hubert__mfbe_only,"0.4500,0.2500,0.1500,0.1500",ensemble,ensemble,ensemble,ensemble,multi,5.234317809180928,0.5912030644578291,9895,0,,Mode3_film_train_raw_hubert_mfcc_pitch | Mode3_film_train_raw_hubert_mfbe_pitch | Mode3_film_train_raw_hubert_mfcc_only | Mode3_film_train_raw_hubert_mfbe_only
full_length,ENS_representation_hc_train_vi_full_hc_wavlm__mfcc_pitch_mfcc_pitch__a50,ensemble,representation_hc,train_vi_full__wavlm__mfcc_pitch | train_vi_full__wavlm__mfcc_only | train_vi_full__wavlm__pitch_only,"0.5000,0.3000,0.2000",ensemble,ensemble,ensemble,ensemble,multi,5.234317809180928,0.5988805644531636,9895,0,,Mode3_film_train_vi_full_wavlm_mfcc_pitch | Mode3_film_train_vi_full_wavlm_mfcc_only | Mode3_film_train_vi_full_wavlm_pitch_only
full_length,ENS_representation_hc_train_raw_hc_hubert__mfbe_pitch_mfcc__a70,ensemble,representation_hc,train_raw__hubert__mfbe_pitch | train_raw__hubert__mfcc_only,"0.7000,0.3000",ensemble,ensemble,ensemble,ensemble,multi,5.234317809180928,0.6066302917621234,9895,0,,Mode3_film_train_raw_hubert_mfbe_pitch | Mode3_film_train_raw_hubert_mfcc_only
full_length,ENS_representation_ptm_train_vi_3s_ptm_mfcc_pitch__wav2vec2_wavlm__a70,ensemble,representation_ptm,train_vi_3s__wav2vec2__mfcc_pitch | train_vi_3s__wavlm__mfcc_pitch,"0.7000,0.3000",ensemble,ensemble,ensemble,ensemble,multi,5.234317809180928,0.6144596557215946,9895,0,,Mode3_film_train_vi_3s_wav2vec2_mfcc_pitch | Mode3_film_train_vi_3s_wavlm_mfcc_pitch
full_length,ENS_representation_hc_train_vi_3s_hc_wav2vec2__mfcc_mfbe__a60,ensemble,representation_hc,train_vi_3s__wav2vec2__mfcc_only | train_vi_3s__wav2vec2__mfbe_only,"0.6000,0.4000",ensemble,ensemble,ensemble,ensemble,multi,5.234317809180928,0.6177918814962743,9895,0,,Mode3_film_train_vi_3s_wav2vec2_mfcc_only | Mode3_film_train_vi_3s_wav2vec2_mfbe_only
full_length,ENS_representation_ptm_train_vi_full_ptm_mfcc_pitch__wav2vec2_wavlm__a60,ensemble,representation_ptm,train_vi_full__wav2vec2__mfcc_pitch | train_vi_full__wavlm__mfcc_pitch,"0.6000,0.4000",ensemble,ensemble,ensemble,ensemble,multi,5.234317809180928,0.6204870140668731,9895,0,,Mode3_film_train_vi_full_wav2vec2_mfcc_pitch_bdrop0p1 | Mode3_film_train_vi_full_wavlm_mfcc_pitch
full_length,ENS_representation_hc_train_vi_full_hc_wav2vec2__mfcc_pitch_mfcc_mfbe__a60,ensemble,representation_hc,train_vi_full__wav2vec2__mfcc_pitch | train_vi_full__wav2vec2__mfcc_only | train_vi_full__wav2vec2__mfbe_only,"0.6000,0.2500,0.1500",ensemble,ensemble,ensemble,ensemble,multi,5.234317809180928,0.6264856680922232,9895,0,,Mode3_film_train_vi_full_wav2vec2_mfcc_pitch_bdrop0p1 | Mode3_film_train_vi_full_wav2vec2_mfcc_only | Mode3_film_train_vi_full_wav2vec2_mfbe_only
full_length,ENS_representation_hc_train_vi_full_hc_wav2vec2__mfcc_pitch_mfcc_mfbe__eq,ensemble,representation_hc,train_vi_full__wav2vec2__mfcc_pitch | train_vi_full__wav2vec2__mfcc_only | train_vi_full__wav2vec2__mfbe_only,"0.3333,0.3333,0.3333",ensemble,ensemble,ensemble,ensemble,multi,5.234317809180928,0.6266736457131724,9895,0,,Mode3_film_train_vi_full_wav2vec2_mfcc_pitch_bdrop0p1 | Mode3_film_train_vi_full_wav2vec2_mfcc_only | Mode3_film_train_vi_full_wav2vec2_mfbe_only
full_length,ENS_representation_ptm_train_vi_3s_ptm_mfcc_only__wav2vec2_wavlm__a60,ensemble,representation_ptm,train_vi_3s__wav2vec2__mfcc_only | train_vi_3s__wavlm__mfcc_only,"0.6000,0.4000",ensemble,ensemble,ensemble,ensemble,multi,5.234317809180928,0.6320032640598761,9895,0,,Mode3_film_train_vi_3s_wav2vec2_mfcc_only | Mode3_film_train_vi_3s_wavlm_mfcc_only
full_length,ENS_representation_ptm_train_vi_3s_ptm_mfcc_only__wav2vec2_hubert__a70,ensemble,representation_ptm,train_vi_3s__wav2vec2__mfcc_only | train_vi_3s__hubert__mfcc_only,"0.7000,0.3000",ensemble,ensemble,ensemble,ensemble,multi,5.234317809180928,0.6353280804976694,9895,0,,Mode3_film_train_vi_3s_wav2vec2_mfcc_only | Mode3_film_train_vi_3s_hubert_mfcc_only
full_length,ENS_representation_hc_train_raw_hc_wavlm__mfbe_pitch_mfcc_mfbe_pitch__eq,ensemble,representation_hc,train_raw__wavlm__mfbe_pitch | train_raw__wavlm__mfcc_only | train_raw__wavlm__mfbe_only | train_raw__wavlm__pitch_only,"0.2500,0.2500,0.2500,0.2500",ensemble,ensemble,ensemble,ensemble,multi,5.234317809180928,0.6384033394924139,9895,0,,Mode3_film_train_raw_wavlm_mfbe_pitch | Mode3_film_train_raw_wavlm_mfcc_only | Mode3_film_train_raw_wavlm_mfbe_only | Mode3_film_train_raw_wavlm_pitch_only
full_length,ENS_representation_hc_train_vi_3s_hc_wav2vec2__mfbe_pitch_mfbe_pitch__a50,ensemble,representation_hc,train_vi_3s__wav2vec2__mfbe_pitch | train_vi_3s__wav2vec2__mfbe_only | train_vi_3s__wav2vec2__pitch_only,"0.5000,0.3000,0.2000",ensemble,ensemble,ensemble,ensemble,multi,5.234317809180928,0.64928990561822,9895,0,,Mode3_film_train_vi_3s_wav2vec2_mfbe_pitch | Mode3_film_train_vi_3s_wav2vec2_mfbe_only | Mode3_film_train_vi_3s_wav2vec2_pitch_only
full_length,ENS_representation_hc_train_vi_full_hc_wavlm__mfcc_pitch_mfcc_pitch__a60,ensemble,representation_hc,train_vi_full__wavlm__mfcc_pitch | train_vi_full__wavlm__mfcc_only | train_vi_full__wavlm__pitch_only,"0.6000,0.2500,0.1500",ensemble,ensemble,ensemble,ensemble,multi,5.241030119558156,0.6048176386564095,9895,0,,Mode3_film_train_vi_full_wavlm_mfcc_pitch | Mode3_film_train_vi_full_wavlm_mfcc_only | Mode3_film_train_vi_full_wavlm_pitch_only
full_length,ENS_representation_hc_train_vi_full_hc_wavlm__mfcc_pitch_pitch__a70,ensemble,representation_hc,train_vi_full__wavlm__mfcc_pitch | train_vi_full__wavlm__pitch_only,"0.7000,0.3000",ensemble,ensemble,ensemble,ensemble,multi,5.241030119558156,0.6132873339745987,9895,0,,Mode3_film_train_vi_full_wavlm_mfcc_pitch | Mode3_film_train_vi_full_wavlm_pitch_only
full_length,ENS_representation_hc_train_vi_full_hc_wav2vec2__mfcc_pitch_mfcc_pitch__a60,ensemble,representation_hc,train_vi_full__wav2vec2__mfcc_pitch | train_vi_full__wav2vec2__mfcc_only | train_vi_full__wav2vec2__pitch_only,"0.6000,0.2500,0.1500",ensemble,ensemble,ensemble,ensemble,multi,5.241030119558156,0.6206208212026024,9895,0,,Mode3_film_train_vi_full_wav2vec2_mfcc_pitch_bdrop0p1 | Mode3_film_train_vi_full_wav2vec2_mfcc_only | Mode3_film_train_vi_full_wav2vec2_pitch_only
full_length,ENS_representation_ptm_train_vi_full_ptm_mfcc_pitch__wav2vec2_wavlm__a70,ensemble,representation_ptm,train_vi_full__wav2vec2__mfcc_pitch | train_vi_full__wavlm__mfcc_pitch,"0.7000,0.3000",ensemble,ensemble,ensemble,ensemble,multi,5.241030119558156,0.6243618777213541,9895,0,,Mode3_film_train_vi_full_wav2vec2_mfcc_pitch_bdrop0p1 | Mode3_film_train_vi_full_wavlm_mfcc_pitch
full_length,ENS_representation_hc_train_raw_hc_wavlm__mfbe_pitch_mfcc_mfbe__a50,ensemble,representation_hc,train_raw__wavlm__mfbe_pitch | train_raw__wavlm__mfcc_only | train_raw__wavlm__mfbe_only,"0.5000,0.3000,0.2000",ensemble,ensemble,ensemble,ensemble,multi,5.241030119558156,0.6498325434980212,9895,0,,Mode3_film_train_raw_wavlm_mfbe_pitch | Mode3_film_train_raw_wavlm_mfcc_only | Mode3_film_train_raw_wavlm_mfbe_only
full_length,ENS_representation_hc_train_vi_3s_hc_wav2vec2__mfbe_pitch_mfbe__eq,ensemble,representation_hc,train_vi_3s__wav2vec2__mfbe_pitch | train_vi_3s__wav2vec2__mfbe_only,"0.5000,0.5000",ensemble,ensemble,ensemble,ensemble,multi,5.241030119558156,0.6570757465839945,9895,0,,Mode3_film_train_vi_3s_wav2vec2_mfbe_pitch | Mode3_film_train_vi_3s_wav2vec2_mfbe_only
full_length,ENS_representation_ptm_train_vi_5s_ptm_pitch_only__wav2vec2_wavlm__a60,ensemble,representation_ptm,train_vi_5s__wav2vec2__pitch_only | train_vi_5s__wavlm__pitch_only,"0.6000,0.4000",ensemble,ensemble,ensemble,ensemble,multi,5.268183967138986,0.5809281253708102,9895,0,,Mode3_film_train_vi_5s_wav2vec2_pitch_only | Mode3_film_train_vi_5s_wavlm_pitch_only
full_length,ENS_representation_hc_train_raw_hc_hubert__mfcc_pitch_mfbe_pitch_mfcc_mfbe__a50,ensemble,representation_hc,train_raw__hubert__mfcc_pitch | train_raw__hubert__mfbe_pitch | train_raw__hubert__mfcc_only | train_raw__hubert__mfbe_only,"0.5000,0.2000,0.1500,0.1500",ensemble,ensemble,ensemble,ensemble,multi,5.268183967138986,0.5886523865144807,9895,0,,Mode3_film_train_raw_hubert_mfcc_pitch | Mode3_film_train_raw_hubert_mfbe_pitch | Mode3_film_train_raw_hubert_mfcc_only | Mode3_film_train_raw_hubert_mfbe_only
full_length,ENS_representation_hc_train_vi_full_hc_wav2vec2__mfcc_pitch_mfcc__eq,ensemble,representation_hc,train_vi_full__wav2vec2__mfcc_pitch | train_vi_full__wav2vec2__mfcc_only,"0.5000,0.5000",ensemble,ensemble,ensemble,ensemble,multi,5.268183967138986,0.6188262249252938,9895,0,,Mode3_film_train_vi_full_wav2vec2_mfcc_pitch_bdrop0p1 | Mode3_film_train_vi_full_wav2vec2_mfcc_only
full_length,ENS_representation_hc_train_raw_hc_wavlm__mfcc_pitch_mfcc_mfbe_pitch__eq,ensemble,representation_hc,train_raw__wavlm__mfcc_pitch | train_raw__wavlm__mfcc_only | train_raw__wavlm__mfbe_only | train_raw__wavlm__pitch_only,"0.2500,0.2500,0.2500,0.2500",ensemble,ensemble,ensemble,ensemble,multi,5.268183967138986,0.642882420848798,9895,0,,Mode3_film_train_raw_wavlm_mfcc_pitch | Mode3_film_train_raw_wavlm_mfcc_only | Mode3_film_train_raw_wavlm_mfbe_only | Mode3_film_train_raw_wavlm_pitch_only
full_length,ENS_representation_hc_train_vi_full_hc_wav2vec2__mfcc_pitch_mfbe_pitch_mfbe_pitch__a50,ensemble,representation_hc,train_vi_full__wav2vec2__mfcc_pitch | train_vi_full__wav2vec2__mfbe_pitch | train_vi_full__wav2vec2__mfbe_only | train_vi_full__wav2vec2__pitch_only,"0.5000,0.2000,0.1500,0.1500",ensemble,ensemble,ensemble,ensemble,multi,5.268183967138986,0.6596083676989356,9895,0,,Mode3_film_train_vi_full_wav2vec2_mfcc_pitch_bdrop0p1 | Mode3_film_train_vi_full_wav2vec2_mfbe_pitch | Mode3_film_train_vi_full_wav2vec2_mfbe_only | Mode3_film_train_vi_full_wav2vec2_pitch_only
full_length,ENS_representation_ptm_train_vi_3s_ptm_mfbe_only__wav2vec2_wavlm_hubert__a60,ensemble,representation_ptm,train_vi_3s__wav2vec2__mfbe_only | train_vi_3s__wavlm__mfbe_only | train_vi_3s__hubert__mfbe_only,"0.6000,0.2500,0.1500",ensemble,ensemble,ensemble,ensemble,multi,5.268183967138986,0.664337006498373,9895,0,,Mode3_film_train_vi_3s_wav2vec2_mfbe_only | Mode3_film_train_vi_3s_wavlm_mfbe_only | Mode3_film_train_vi_3s_hubert_mfbe_only
full_length,ENS_representation_ptm_train_vi_3s_ptm_pitch_only__wav2vec2_wavlm_hubert__a50,ensemble,representation_ptm,train_vi_3s__wav2vec2__pitch_only | train_vi_3s__wavlm__pitch_only | train_vi_3s__hubert__pitch_only,"0.5000,0.3000,0.2000",ensemble,ensemble,ensemble,ensemble,multi,5.274896277516219,0.570689299940604,9895,0,,Mode3_film_train_vi_3s_wav2vec2_pitch_only | Mode3_film_train_vi_3s_wavlm_pitch_only | Mode3_film_train_vi_3s_hubert_pitch_only
full_length,ENS_representation_hc_train_raw_hc_hubert__mfcc_pitch_mfbe_pitch__a60,ensemble,representation_hc,train_raw__hubert__mfcc_pitch | train_raw__hubert__mfbe_pitch,"0.6000,0.4000",ensemble,ensemble,ensemble,ensemble,multi,5.274896277516219,0.5716588253928846,9895,0,,Mode3_film_train_raw_hubert_mfcc_pitch | Mode3_film_train_raw_hubert_mfbe_pitch
full_length,ENS_representation_ptm_train_vi_5s_ptm_pitch_only__wav2vec2_wavlm_hubert__a60,ensemble,representation_ptm,train_vi_5s__wav2vec2__pitch_only | train_vi_5s__wavlm__pitch_only | train_vi_5s__hubert__pitch_only,"0.6000,0.2500,0.1500",ensemble,ensemble,ensemble,ensemble,multi,5.274896277516219,0.5732760915407651,9895,0,,Mode3_film_train_vi_5s_wav2vec2_pitch_only | Mode3_film_train_vi_5s_wavlm_pitch_only | Mode3_film_train_vi_5s_hubert_pitch_only
full_length,ENS_representation_hc_train_raw_hc_hubert__mfcc_pitch_mfbe_pitch_mfcc_mfbe_pitch__a40,ensemble,representation_hc,train_raw__hubert__mfcc_pitch | train_raw__hubert__mfbe_pitch | train_raw__hubert__mfcc_only | train_raw__hubert__mfbe_only | train_raw__hubert__pitch_only,"0.4000,0.2500,0.1500,0.1000,0.1000",ensemble,ensemble,ensemble,ensemble,multi,5.274896277516219,0.5847775228599997,9895,0,,Mode3_film_train_raw_hubert_mfcc_pitch | Mode3_film_train_raw_hubert_mfbe_pitch | Mode3_film_train_raw_hubert_mfcc_only | Mode3_film_train_raw_hubert_mfbe_only | Mode3_film_train_raw_hubert_pitch_only
full_length,ENS_representation_ptm_train_vi_full_ptm_mfcc_only__wav2vec2_wavlm__a60,ensemble,representation_ptm,train_vi_full__wav2vec2__mfcc_only | train_vi_full__wavlm__mfcc_only,"0.6000,0.4000",ensemble,ensemble,ensemble,ensemble,multi,5.274896277516219,0.5941084026600294,9895,0,,Mode3_film_train_vi_full_wav2vec2_mfcc_only | Mode3_film_train_vi_full_wavlm_mfcc_only
full_length,ENS_representation_hc_train_raw_hc_hubert__mfbe_pitch_mfcc_pitch__a60,ensemble,representation_hc,train_raw__hubert__mfbe_pitch | train_raw__hubert__mfcc_only | train_raw__hubert__pitch_only,"0.6000,0.2500,0.1500",ensemble,ensemble,ensemble,ensemble,multi,5.274896277516219,0.5970137408622298,9895,0,,Mode3_film_train_raw_hubert_mfbe_pitch | Mode3_film_train_raw_hubert_mfcc_only | Mode3_film_train_raw_hubert_pitch_only
full_length,ENS_representation_hc_train_vi_full_hc_wavlm__mfcc_pitch_pitch__eq,ensemble,representation_hc,train_vi_full__wavlm__mfcc_pitch | train_vi_full__wavlm__pitch_only,"0.5000,0.5000",ensemble,ensemble,ensemble,ensemble,multi,5.274896277516219,0.6018039594837692,9895,0,,Mode3_film_train_vi_full_wavlm_mfcc_pitch | Mode3_film_train_vi_full_wavlm_pitch_only
full_length,ENS_representation_hc_train_vi_full_hc_wav2vec2__mfcc_mfbe_pitch__a50,ensemble,representation_hc,train_vi_full__wav2vec2__mfcc_only | train_vi_full__wav2vec2__mfbe_only | train_vi_full__wav2vec2__pitch_only,"0.5000,0.3000,0.2000",ensemble,ensemble,ensemble,ensemble,multi,5.274896277516219,0.6160259895388943,9895,0,,Mode3_film_train_vi_full_wav2vec2_mfcc_only | Mode3_film_train_vi_full_wav2vec2_mfbe_only | Mode3_film_train_vi_full_wav2vec2_pitch_only
full_length,ENS_representation_hc_train_raw_hc_wav2vec2__mfbe_pitch__eq,ensemble,representation_hc,train_raw__wav2vec2__mfbe_only | train_raw__wav2vec2__pitch_only,"0.5000,0.5000",ensemble,ensemble,ensemble,ensemble,multi,5.274896277516219,0.6289747662134676,9895,0,,Mode3_film_train_raw_wav2vec2_mfbe_only | Mode3_film_train_raw_wav2vec2_pitch_only
full_length,ENS_representation_hc_train_vi_full_hc_wav2vec2__mfcc_pitch_mfbe__a70,ensemble,representation_hc,train_vi_full__wav2vec2__mfcc_pitch | train_vi_full__wav2vec2__mfbe_only,"0.7000,0.3000",ensemble,ensemble,ensemble,ensemble,multi,5.274896277516219,0.6348757267599009,9895,0,,Mode3_film_train_vi_full_wav2vec2_mfcc_pitch_bdrop0p1 | Mode3_film_train_vi_full_wav2vec2_mfbe_only
full_length,ENS_representation_hc_train_vi_full_hc_wav2vec2__mfcc_pitch_mfbe__a60,ensemble,representation_hc,train_vi_full__wav2vec2__mfcc_pitch | train_vi_full__wav2vec2__mfbe_only,"0.6000,0.4000",ensemble,ensemble,ensemble,ensemble,multi,5.274896277516219,0.6369018236518553,9895,0,,Mode3_film_train_vi_full_wav2vec2_mfcc_pitch_bdrop0p1 | Mode3_film_train_vi_full_wav2vec2_mfbe_only
full_length,ENS_representation_hc_train_vi_3s_hc_wav2vec2__mfbe_pitch_mfcc_mfbe_pitch__a45,ensemble,representation_hc,train_vi_3s__wav2vec2__mfbe_pitch | train_vi_3s__wav2vec2__mfcc_only | train_vi_3s__wav2vec2__mfbe_only | train_vi_3s__wav2vec2__pitch_only,"0.4500,0.2500,0.1500,0.1500",ensemble,ensemble,ensemble,ensemble,multi,5.274896277516219,0.6412470978725102,9895,0,,Mode3_film_train_vi_3s_wav2vec2_mfbe_pitch | Mode3_film_train_vi_3s_wav2vec2_mfcc_only | Mode3_film_train_vi_3s_wav2vec2_mfbe_only | Mode3_film_train_vi_3s_wav2vec2_pitch_only
full_length,ENS_representation_hc_train_vi_full_hc_wav2vec2__mfcc_pitch_mfbe_pitch_mfcc_mfbe_pitch__eq,ensemble,representation_hc,train_vi_full__wav2vec2__mfcc_pitch | train_vi_full__wav2vec2__mfbe_pitch | train_vi_full__wav2vec2__mfcc_only | train_vi_full__wav2vec2__mfbe_only | train_vi_full__wav2vec2__pitch_only,"0.2000,0.2000,0.2000,0.2000,0.2000",ensemble,ensemble,ensemble,ensemble,multi,5.274896277516219,0.6420647593606541,9895,0,,Mode3_film_train_vi_full_wav2vec2_mfcc_pitch_bdrop0p1 | Mode3_film_train_vi_full_wav2vec2_mfbe_pitch | Mode3_film_train_vi_full_wav2vec2_mfcc_only | Mode3_film_train_vi_full_wav2vec2_mfbe_only | Mode3_film_train_vi_full_wav2vec2_pitch_only
full_length,ENS_representation_hc_train_raw_hc_wavlm__mfcc_pitch_mfbe_pitch__a60,ensemble,representation_hc,train_raw__wavlm__mfcc_pitch | train_raw__wavlm__mfbe_only | train_raw__wavlm__pitch_only,"0.6000,0.2500,0.1500",ensemble,ensemble,ensemble,ensemble,multi,5.274896277516219,0.6694925328702878,9895,0,,Mode3_film_train_raw_wavlm_mfcc_pitch | Mode3_film_train_raw_wavlm_mfbe_only | Mode3_film_train_raw_wavlm_pitch_only
full_length,ENS_representation_hc_train_raw_hc_hubert__mfcc_pitch_mfbe_pitch_mfcc__a60,ensemble,representation_hc,train_raw__hubert__mfcc_pitch | train_raw__hubert__mfbe_pitch | train_raw__hubert__mfcc_only,"0.6000,0.2500,0.1500",ensemble,ensemble,ensemble,ensemble,multi,5.281608587893452,0.5719880194864472,9895,0,,Mode3_film_train_raw_hubert_mfcc_pitch | Mode3_film_train_raw_hubert_mfbe_pitch | Mode3_film_train_raw_hubert_mfcc_only
full_length,ENS_representation_hc_train_raw_hc_hubert__mfcc_pitch_mfbe_pitch_mfbe_pitch__a45,ensemble,representation_hc,train_raw__hubert__mfcc_pitch | train_raw__hubert__mfbe_pitch | train_raw__hubert__mfbe_only | train_raw__hubert__pitch_only,"0.4500,0.2500,0.1500,0.1500",ensemble,ensemble,ensemble,ensemble,multi,5.281608587893452,0.5831241430553045,9895,0,,Mode3_film_train_raw_hubert_mfcc_pitch | Mode3_film_train_raw_hubert_mfbe_pitch | Mode3_film_train_raw_hubert_mfbe_only | Mode3_film_train_raw_hubert_pitch_only
full_length,ENS_representation_hc_train_raw_hc_hubert__mfbe_pitch_pitch__a70,ensemble,representation_hc,train_raw__hubert__mfbe_pitch | train_raw__hubert__pitch_only,"0.7000,0.3000",ensemble,ensemble,ensemble,ensemble,multi,5.281608587893452,0.5957076119795047,9895,0,,Mode3_film_train_raw_hubert_mfbe_pitch | Mode3_film_train_raw_hubert_pitch_only
full_length,ENS_representation_hc_train_vi_full_hc_wavlm__mfcc_pitch_mfcc_pitch__eq,ensemble,representation_hc,train_vi_full__wavlm__mfcc_pitch | train_vi_full__wavlm__mfcc_only | train_vi_full__wavlm__pitch_only,"0.3333,0.3333,0.3333",ensemble,ensemble,ensemble,ensemble,multi,5.281608587893452,0.597849459178779,9895,0,,Mode3_film_train_vi_full_wavlm_mfcc_pitch | Mode3_film_train_vi_full_wavlm_mfcc_only | Mode3_film_train_vi_full_wavlm_pitch_only
full_length,ENS_representation_hc_train_vi_full_hc_wav2vec2__mfcc_pitch__eq,ensemble,representation_hc,train_vi_full__wav2vec2__mfcc_only | train_vi_full__wav2vec2__pitch_only,"0.5000,0.5000",ensemble,ensemble,ensemble,ensemble,multi,5.281608587893452,0.6077697380069459,9895,0,,Mode3_film_train_vi_full_wav2vec2_mfcc_only | Mode3_film_train_vi_full_wav2vec2_pitch_only
full_length,ENS_representation_hc_train_vi_3s_hc_wav2vec2__mfcc_pitch_mfbe_pitch_mfcc_mfbe_pitch__eq,ensemble,representation_hc,train_vi_3s__wav2vec2__mfcc_pitch | train_vi_3s__wav2vec2__mfbe_pitch | train_vi_3s__wav2vec2__mfcc_only | train_vi_3s__wav2vec2__mfbe_only | train_vi_3s__wav2vec2__pitch_only,"0.2000,0.2000,0.2000,0.2000,0.2000",ensemble,ensemble,ensemble,ensemble,multi,5.281608587893452,0.6089314122624204,9895,0,,Mode3_film_train_vi_3s_wav2vec2_mfcc_pitch | Mode3_film_train_vi_3s_wav2vec2_mfbe_pitch | Mode3_film_train_vi_3s_wav2vec2_mfcc_only | Mode3_film_train_vi_3s_wav2vec2_mfbe_only | Mode3_film_train_vi_3s_wav2vec2_pitch_only
full_length,ENS_representation_hc_train_vi_full_hc_wav2vec2__mfcc_pitch_mfcc_mfbe_pitch__eq,ensemble,representation_hc,train_vi_full__wav2vec2__mfcc_pitch | train_vi_full__wav2vec2__mfcc_only | train_vi_full__wav2vec2__mfbe_only | train_vi_full__wav2vec2__pitch_only,"0.2500,0.2500,0.2500,0.2500",ensemble,ensemble,ensemble,ensemble,multi,5.281608587893452,0.6153495445233638,9895,0,,Mode3_film_train_vi_full_wav2vec2_mfcc_pitch_bdrop0p1 | Mode3_film_train_vi_full_wav2vec2_mfcc_only | Mode3_film_train_vi_full_wav2vec2_mfbe_only | Mode3_film_train_vi_full_wav2vec2_pitch_only
full_length,ENS_representation_hc_train_vi_full_hc_wav2vec2__mfcc_pitch_mfcc__a60,ensemble,representation_hc,train_vi_full__wav2vec2__mfcc_pitch | train_vi_full__wav2vec2__mfcc_only,"0.6000,0.4000",ensemble,ensemble,ensemble,ensemble,multi,5.308762435474282,0.6224876447935362,9895,0,,Mode3_film_train_vi_full_wav2vec2_mfcc_pitch_bdrop0p1 | Mode3_film_train_vi_full_wav2vec2_mfcc_only
full_length,ENS_representation_hc_train_vi_3s_hc_wav2vec2__mfbe_pitch__eq,ensemble,representation_hc,train_vi_3s__wav2vec2__mfbe_only | train_vi_3s__wav2vec2__pitch_only,"0.5000,0.5000",ensemble,ensemble,ensemble,ensemble,multi,5.308762435474282,0.62553419946835,9895,0,,Mode3_film_train_vi_3s_wav2vec2_mfbe_only | Mode3_film_train_vi_3s_wav2vec2_pitch_only
full_length,Mode3_film_train_raw_wav2vec2_mfbe_pitch,single,single,Mode3_film_train_raw_wav2vec2_mfbe_pitch,1.0,3,film,mfbe_pitch,wav2vec2,train_raw,5.308762435474282,0.6307948286560653,9895,0,train_raw__wav2vec2__mfbe_pitch,
full_length,ENS_duration_raw_vi_full_3s_5s_7s__eq,ensemble,duration,train_raw__wav2vec2__mfcc_pitch | train_vi_full__wav2vec2__mfcc_pitch | train_vi_3s__wav2vec2__mfcc_pitch | train_vi_5s__wav2vec2__mfcc_pitch | train_vi_7s__wav2vec2__mfcc_pitch,"0.2000,0.2000,0.2000,0.2000,0.2000",ensemble,ensemble,ensemble,ensemble,multi,5.308762435474282,0.6363591857720541,9895,0,,grid_film_raw_w2v2_mfccpitch_bdrop0p05_aug_aam_C_augOn_ap0p3_fn0p003_en0p002_m0p18_s30 | Mode3_film_train_vi_full_wav2vec2_mfcc_pitch_bdrop0p1 | Mode3_film_train_vi_3s_wav2vec2_mfcc_pitch | Mode3_film_train_vi_5s_wav2vec2_mfcc_pitch | Mode3_film_train_vi_7s_wav2vec2_mfcc_pitch
full_length,ENS_representation_hc_train_vi_full_hc_wav2vec2__mfcc_pitch_mfbe_pitch_mfcc_mfbe_pitch__a45,ensemble,representation_hc,train_vi_full__wav2vec2__mfcc_pitch | train_vi_full__wav2vec2__mfbe_pitch | train_vi_full__wav2vec2__mfcc_only | train_vi_full__wav2vec2__mfbe_only | train_vi_full__wav2vec2__pitch_only,"0.4500,0.2000,0.1500,0.1000,0.1000",ensemble,ensemble,ensemble,ensemble,multi,5.308762435474282,0.6457729403772302,9895,0,,Mode3_film_train_vi_full_wav2vec2_mfcc_pitch_bdrop0p1 | Mode3_film_train_vi_full_wav2vec2_mfbe_pitch | Mode3_film_train_vi_full_wav2vec2_mfcc_only | Mode3_film_train_vi_full_wav2vec2_mfbe_only | Mode3_film_train_vi_full_wav2vec2_pitch_only
full_length,ENS_representation_hc_train_raw_hc_hubert__mfcc_pitch_mfbe_pitch_pitch__a50,ensemble,representation_hc,train_raw__hubert__mfcc_pitch | train_raw__hubert__mfbe_pitch | train_raw__hubert__pitch_only,"0.5000,0.3000,0.2000",ensemble,ensemble,ensemble,ensemble,multi,5.315474745851515,0.5681747356540704,9895,0,,Mode3_film_train_raw_hubert_mfcc_pitch | Mode3_film_train_raw_hubert_mfbe_pitch | Mode3_film_train_raw_hubert_pitch_only
full_length,ENS_representation_hc_train_raw_hc_hubert__mfcc_pitch_mfbe_pitch_mfcc_pitch__a50,ensemble,representation_hc,train_raw__hubert__mfcc_pitch | train_raw__hubert__mfbe_pitch | train_raw__hubert__mfcc_only | train_raw__hubert__pitch_only,"0.5000,0.2000,0.1500,0.1500",ensemble,ensemble,ensemble,ensemble,multi,5.315474745851515,0.5686993167054641,9895,0,,Mode3_film_train_raw_hubert_mfcc_pitch | Mode3_film_train_raw_hubert_mfbe_pitch | Mode3_film_train_raw_hubert_mfcc_only | Mode3_film_train_raw_hubert_pitch_only
full_length,ENS_representation_hc_train_raw_hc_hubert__mfcc_pitch_mfbe_pitch_mfcc_mfbe_pitch__a45,ensemble,representation_hc,train_raw__hubert__mfcc_pitch | train_raw__hubert__mfbe_pitch | train_raw__hubert__mfcc_only | train_raw__hubert__mfbe_only | train_raw__hubert__pitch_only,"0.4500,0.2000,0.1500,0.1000,0.1000",ensemble,ensemble,ensemble,ensemble,multi,5.315474745851515,0.5806892154192802,9895,0,,Mode3_film_train_raw_hubert_mfcc_pitch | Mode3_film_train_raw_hubert_mfbe_pitch | Mode3_film_train_raw_hubert_mfcc_only | Mode3_film_train_raw_hubert_mfbe_only | Mode3_film_train_raw_hubert_pitch_only
full_length,ENS_representation_ptm_train_vi_full_ptm_pitch_only__wavlm_hubert__eq,ensemble,representation_ptm,train_vi_full__wavlm__pitch_only | train_vi_full__hubert__pitch_only,"0.5000,0.5000",ensemble,ensemble,ensemble,ensemble,multi,5.315474745851515,0.5846437157242704,9895,0,,Mode3_film_train_vi_full_wavlm_pitch_only | Mode3_film_train_vi_full_hubert_pitch_only
full_length,ENS_representation_ptm_train_vi_full_ptm_pitch_only__wav2vec2_wavlm_hubert__eq,ensemble,representation_ptm,train_vi_full__wav2vec2__pitch_only | train_vi_full__wavlm__pitch_only | train_vi_full__hubert__pitch_only,"0.3333,0.3333,0.3333",ensemble,ensemble,ensemble,ensemble,multi,5.315474745851515,0.5874513604475542,9895,0,,Mode3_film_train_vi_full_wav2vec2_pitch_only | Mode3_film_train_vi_full_wavlm_pitch_only | Mode3_film_train_vi_full_hubert_pitch_only
full_length,ENS_representation_ptm_train_vi_full_ptm_mfcc_only__wav2vec2_wavlm__eq,ensemble,representation_ptm,train_vi_full__wav2vec2__mfcc_only | train_vi_full__wavlm__mfcc_only,"0.5000,0.5000",ensemble,ensemble,ensemble,ensemble,multi,5.315474745851515,0.5909535070147757,9895,0,,Mode3_film_train_vi_full_wav2vec2_mfcc_only | Mode3_film_train_vi_full_wavlm_mfcc_only
full_length,ENS_representation_hc_train_raw_hc_hubert__mfbe_pitch_mfcc_pitch__a50,ensemble,representation_hc,train_raw__hubert__mfbe_pitch | train_raw__hubert__mfcc_only | train_raw__hubert__pitch_only,"0.5000,0.3000,0.2000",ensemble,ensemble,ensemble,ensemble,multi,5.315474745851515,0.5944014830967773,9895,0,,Mode3_film_train_raw_hubert_mfbe_pitch | Mode3_film_train_raw_hubert_mfcc_only | Mode3_film_train_raw_hubert_pitch_only
full_length,ENS_representation_hc_train_raw_hc_hubert__mfbe_pitch_pitch__a60,ensemble,representation_hc,train_raw__hubert__mfbe_pitch | train_raw__hubert__pitch_only,"0.6000,0.4000",ensemble,ensemble,ensemble,ensemble,multi,5.315474745851515,0.595787248630014,9895,0,,Mode3_film_train_raw_hubert_mfbe_pitch | Mode3_film_train_raw_hubert_pitch_only
full_length,ENS_representation_hc_train_raw_hc_hubert__mfbe_pitch_mfcc__eq,ensemble,representation_hc,train_raw__hubert__mfbe_pitch | train_raw__hubert__mfcc_only,"0.5000,0.5000",ensemble,ensemble,ensemble,ensemble,multi,5.315474745851515,0.6041773072976917,9895,0,,Mode3_film_train_raw_hubert_mfbe_pitch | Mode3_film_train_raw_hubert_mfcc_only
full_length,ENS_representation_hc_train_vi_full_hc_wavlm__mfcc_pitch_mfbe_pitch__a60,ensemble,representation_hc,train_vi_full__wavlm__mfcc_pitch | train_vi_full__wavlm__mfbe_only | train_vi_full__wavlm__pitch_only,"0.6000,0.2500,0.1500",ensemble,ensemble,ensemble,ensemble,multi,5.315474745851515,0.6050491392710555,9895,0,,Mode3_film_train_vi_full_wavlm_mfcc_pitch | Mode3_film_train_vi_full_wavlm_mfbe_only | Mode3_film_train_vi_full_wavlm_pitch_only
full_length,ENS_representation_hc_train_vi_full_hc_wav2vec2__mfcc_mfbe_pitch__a60,ensemble,representation_hc,train_vi_full__wav2vec2__mfcc_only | train_vi_full__wav2vec2__mfbe_only | train_vi_full__wav2vec2__pitch_only,"0.6000,0.2500,0.1500",ensemble,ensemble,ensemble,ensemble,multi,5.315474745851515,0.6158667162378756,9895,0,,Mode3_film_train_vi_full_wav2vec2_mfcc_only | Mode3_film_train_vi_full_wav2vec2_mfbe_only | Mode3_film_train_vi_full_wav2vec2_pitch_only
full_length,ENS_representation_ptm_train_vi_full_ptm_mfcc_pitch__wav2vec2_wavlm_hubert__a60,ensemble,representation_ptm,train_vi_full__wav2vec2__mfcc_pitch | train_vi_full__wavlm__mfcc_pitch | train_vi_full__hubert__mfcc_pitch,"0.6000,0.2500,0.1500",ensemble,ensemble,ensemble,ensemble,multi,5.315474745851515,0.6231173286607309,9895,0,,Mode3_film_train_vi_full_wav2vec2_mfcc_pitch_bdrop0p1 | Mode3_film_train_vi_full_wavlm_mfcc_pitch | Mode3_film_train_vi_full_hubert_mfcc_pitch
full_length,ENS_representation_hc_train_vi_full_hc_wav2vec2__mfcc_pitch_mfbe_pitch__a50,ensemble,representation_hc,train_vi_full__wav2vec2__mfcc_pitch | train_vi_full__wav2vec2__mfbe_only | train_vi_full__wav2vec2__pitch_only,"0.5000,0.3000,0.2000",ensemble,ensemble,ensemble,ensemble,multi,5.315474745851515,0.6266629982216491,9895,0,,Mode3_film_train_vi_full_wav2vec2_mfcc_pitch_bdrop0p1 | Mode3_film_train_vi_full_wav2vec2_mfbe_only | Mode3_film_train_vi_full_wav2vec2_pitch_only
full_length,ENS_representation_hc_train_vi_full_hc_wav2vec2__mfcc_pitch_mfbe__eq,ensemble,representation_hc,train_vi_full__wav2vec2__mfcc_pitch | train_vi_full__wav2vec2__mfbe_only,"0.5000,0.5000",ensemble,ensemble,ensemble,ensemble,multi,5.315474745851515,0.6415582351376654,9895,0,,Mode3_film_train_vi_full_wav2vec2_mfcc_pitch_bdrop0p1 | Mode3_film_train_vi_full_wav2vec2_mfbe_only
full_length,ENS_representation_hc_train_vi_3s_hc_wav2vec2__mfbe_pitch_mfcc_mfbe_pitch__a50,ensemble,representation_hc,train_vi_3s__wav2vec2__mfbe_pitch | train_vi_3s__wav2vec2__mfcc_only | train_vi_3s__wav2vec2__mfbe_only | train_vi_3s__wav2vec2__pitch_only,"0.5000,0.2000,0.1500,0.1500",ensemble,ensemble,ensemble,ensemble,multi,5.315474745851515,0.6467392276748715,9895,0,,Mode3_film_train_vi_3s_wav2vec2_mfbe_pitch | Mode3_film_train_vi_3s_wav2vec2_mfcc_only | Mode3_film_train_vi_3s_wav2vec2_mfbe_only | Mode3_film_train_vi_3s_wav2vec2_pitch_only
full_length,ENS_representation_hc_train_vi_full_hc_wav2vec2__mfcc_pitch_mfbe_pitch_mfcc_pitch__eq,ensemble,representation_hc,train_vi_full__wav2vec2__mfcc_pitch | train_vi_full__wav2vec2__mfbe_pitch | train_vi_full__wav2vec2__mfcc_only | train_vi_full__wav2vec2__pitch_only,"0.2500,0.2500,0.2500,0.2500",ensemble,ensemble,ensemble,ensemble,multi,5.315474745851515,0.6480921177059327,9895,0,,Mode3_film_train_vi_full_wav2vec2_mfcc_pitch_bdrop0p1 | Mode3_film_train_vi_full_wav2vec2_mfbe_pitch | Mode3_film_train_vi_full_wav2vec2_mfcc_only | Mode3_film_train_vi_full_wav2vec2_pitch_only
full_length,ENS_representation_hc_train_vi_3s_hc_wav2vec2__mfbe_pitch_mfcc_mfbe__a50,ensemble,representation_hc,train_vi_3s__wav2vec2__mfbe_pitch | train_vi_3s__wav2vec2__mfcc_only | train_vi_3s__wav2vec2__mfbe_only,"0.5000,0.3000,0.2000",ensemble,ensemble,ensemble,ensemble,multi,5.315474745851515,0.6522313574772329,9895,0,,Mode3_film_train_vi_3s_wav2vec2_mfbe_pitch | Mode3_film_train_vi_3s_wav2vec2_mfcc_only | Mode3_film_train_vi_3s_wav2vec2_mfbe_only
full_length,ENS_representation_hc_train_vi_full_hc_wav2vec2__mfcc_pitch_mfbe_pitch_mfbe_pitch__eq,ensemble,representation_hc,train_vi_full__wav2vec2__mfcc_pitch | train_vi_full__wav2vec2__mfbe_pitch | train_vi_full__wav2vec2__mfbe_only | train_vi_full__wav2vec2__pitch_only,"0.2500,0.2500,0.2500,0.2500",ensemble,ensemble,ensemble,ensemble,multi,5.315474745851515,0.6585156826024491,9895,0,,Mode3_film_train_vi_full_wav2vec2_mfcc_pitch_bdrop0p1 | Mode3_film_train_vi_full_wav2vec2_mfbe_pitch | Mode3_film_train_vi_full_wav2vec2_mfbe_only | Mode3_film_train_vi_full_wav2vec2_pitch_only
full_length,ENS_representation_hc_train_vi_3s_hc_wav2vec2__mfbe_pitch_mfbe_pitch__a60,ensemble,representation_hc,train_vi_3s__wav2vec2__mfbe_pitch | train_vi_3s__wav2vec2__mfbe_only | train_vi_3s__wav2vec2__pitch_only,"0.6000,0.2500,0.1500",ensemble,ensemble,ensemble,ensemble,multi,5.315474745851515,0.6614932481182745,9895,0,,Mode3_film_train_vi_3s_wav2vec2_mfbe_pitch | Mode3_film_train_vi_3s_wav2vec2_mfbe_only | Mode3_film_train_vi_3s_wav2vec2_pitch_only
full_length,ENS_representation_hc_train_raw_hc_hubert__mfcc_pitch_mfbe_pitch_mfbe_pitch__a50,ensemble,representation_hc,train_raw__hubert__mfcc_pitch | train_raw__hubert__mfbe_pitch | train_raw__hubert__mfbe_only | train_raw__hubert__pitch_only,"0.5000,0.2000,0.1500,0.1500",ensemble,ensemble,ensemble,ensemble,multi,5.322187056228747,0.5793469728797425,9895,0,,Mode3_film_train_raw_hubert_mfcc_pitch | Mode3_film_train_raw_hubert_mfbe_pitch | Mode3_film_train_raw_hubert_mfbe_only | Mode3_film_train_raw_hubert_pitch_only
full_length,ENS_representation_ptm_train_raw_ptm_pitch_only__wav2vec2_hubert__a60,ensemble,representation_ptm,train_raw__wav2vec2__pitch_only | train_raw__hubert__pitch_only,"0.6000,0.4000",ensemble,ensemble,ensemble,ensemble,multi,5.322187056228747,0.5962141362024912,9895,0,,Mode3_film_train_raw_wav2vec2_pitch_only | Mode3_film_train_raw_hubert_pitch_only
full_length,ENS_representation_hc_train_vi_full_hc_wav2vec2__mfcc_pitch_mfbe_pitch_mfcc_pitch__a50,ensemble,representation_hc,train_vi_full__wav2vec2__mfcc_pitch | train_vi_full__wav2vec2__mfbe_pitch | train_vi_full__wav2vec2__mfcc_only | train_vi_full__wav2vec2__pitch_only,"0.5000,0.2000,0.1500,0.1500",ensemble,ensemble,ensemble,ensemble,multi,5.322187056228747,0.6456571900699083,9895,0,,Mode3_film_train_vi_full_wav2vec2_mfcc_pitch_bdrop0p1 | Mode3_film_train_vi_full_wav2vec2_mfbe_pitch | Mode3_film_train_vi_full_wav2vec2_mfcc_only | Mode3_film_train_vi_full_wav2vec2_pitch_only
full_length,ENS_representation_hc_train_raw_hc_hubert__mfcc_pitch_mfcc_mfbe_pitch__a45,ensemble,representation_hc,train_raw__hubert__mfcc_pitch | train_raw__hubert__mfcc_only | train_raw__hubert__mfbe_only | train_raw__hubert__pitch_only,"0.4500,0.2500,0.1500,0.1500",ensemble,ensemble,ensemble,ensemble,multi,5.349340903809571,0.5812934331211855,9895,0,,Mode3_film_train_raw_hubert_mfcc_pitch | Mode3_film_train_raw_hubert_mfcc_only | Mode3_film_train_raw_hubert_mfbe_only | Mode3_film_train_raw_hubert_pitch_only
full_length,ENS_representation_ptm_train_vi_full_ptm_pitch_only__wav2vec2_hubert__eq,ensemble,representation_ptm,train_vi_full__wav2vec2__pitch_only | train_vi_full__hubert__pitch_only,"0.5000,0.5000",ensemble,ensemble,ensemble,ensemble,multi,5.349340903809571,0.5991481787246222,9895,0,,Mode3_film_train_vi_full_wav2vec2_pitch_only | Mode3_film_train_vi_full_hubert_pitch_only
full_length,ENS_representation_ptm_train_vi_full_ptm_mfcc_only__wav2vec2_wavlm__a70,ensemble,representation_ptm,train_vi_full__wav2vec2__mfcc_only | train_vi_full__wavlm__mfcc_only,"0.7000,0.3000",ensemble,ensemble,ensemble,ensemble,multi,5.349340903809571,0.6027554281076425,9895,0,,Mode3_film_train_vi_full_wav2vec2_mfcc_only | Mode3_film_train_vi_full_wavlm_mfcc_only
full_length,ENS_representation_hc_train_vi_full_hc_wav2vec2__mfcc_mfbe_pitch__eq,ensemble,representation_hc,train_vi_full__wav2vec2__mfcc_only | train_vi_full__wav2vec2__mfbe_only | train_vi_full__wav2vec2__pitch_only,"0.3333,0.3333,0.3333",ensemble,ensemble,ensemble,ensemble,multi,5.349340903809571,0.618309053210784,9895,0,,Mode3_film_train_vi_full_wav2vec2_mfcc_only | Mode3_film_train_vi_full_wav2vec2_mfbe_only | Mode3_film_train_vi_full_wav2vec2_pitch_only
full_length,ENS_representation_ptm_train_vi_3s_ptm_mfbe_only__wav2vec2_hubert__a70,ensemble,representation_ptm,train_vi_3s__wav2vec2__mfbe_only | train_vi_3s__hubert__mfbe_only,"0.7000,0.3000",ensemble,ensemble,ensemble,ensemble,multi,5.349340903809571,0.6752416294525865,9895,0,,Mode3_film_train_vi_3s_wav2vec2_mfbe_only | Mode3_film_train_vi_3s_hubert_mfbe_only
full_length,ENS_representation_hc_train_raw_hc_wavlm__mfbe_pitch_mfbe_pitch__a60,ensemble,representation_hc,train_raw__wavlm__mfbe_pitch | train_raw__wavlm__mfbe_only | train_raw__wavlm__pitch_only,"0.6000,0.2500,0.1500",ensemble,ensemble,ensemble,ensemble,multi,5.349340903809571,0.6817319890271569,9895,0,,Mode3_film_train_raw_wavlm_mfbe_pitch | Mode3_film_train_raw_wavlm_mfbe_only | Mode3_film_train_raw_wavlm_pitch_only
full_length,ENS_representation_ptm_train_vi_3s_ptm_pitch_only__wav2vec2_wavlm_hubert__eq,ensemble,representation_ptm,train_vi_3s__wav2vec2__pitch_only | train_vi_3s__wavlm__pitch_only | train_vi_3s__hubert__pitch_only,"0.3333,0.3333,0.3333",ensemble,ensemble,ensemble,ensemble,multi,5.356053214186804,0.5500884894359876,9895,0,,Mode3_film_train_vi_3s_wav2vec2_pitch_only | Mode3_film_train_vi_3s_wavlm_pitch_only | Mode3_film_train_vi_3s_hubert_pitch_only
full_length,ENS_representation_hc_train_raw_hc_hubert__mfcc_pitch_mfbe_pitch__a70,ensemble,representation_hc,train_raw__hubert__mfcc_pitch | train_raw__hubert__mfbe_pitch,"0.7000,0.3000",ensemble,ensemble,ensemble,ensemble,multi,5.356053214186804,0.5655624778886179,9895,0,,Mode3_film_train_raw_hubert_mfcc_pitch | Mode3_film_train_raw_hubert_mfbe_pitch
full_length,ENS_representation_hc_train_raw_hc_hubert__mfcc_pitch_mfbe_pitch_pitch__a60,ensemble,representation_hc,train_raw__hubert__mfcc_pitch | train_raw__hubert__mfbe_pitch | train_raw__hubert__pitch_only,"0.6000,0.2500,0.1500",ensemble,ensemble,ensemble,ensemble,multi,5.356053214186804,0.5656601713675345,9895,0,,Mode3_film_train_raw_hubert_mfcc_pitch | Mode3_film_train_raw_hubert_mfbe_pitch | Mode3_film_train_raw_hubert_pitch_only
full_length,ENS_representation_hc_train_raw_hc_hubert__mfcc_pitch_mfcc__eq,ensemble,representation_hc,train_raw__hubert__mfcc_pitch | train_raw__hubert__mfcc_only,"0.5000,0.5000",ensemble,ensemble,ensemble,ensemble,multi,5.356053214186804,0.5726102940167578,9895,0,,Mode3_film_train_raw_hubert_mfcc_pitch | Mode3_film_train_raw_hubert_mfcc_only
full_length,ENS_representation_hc_train_raw_hc_hubert__mfcc_pitch_mfbe_pitch_pitch__eq,ensemble,representation_hc,train_raw__hubert__mfcc_pitch | train_raw__hubert__mfbe_pitch | train_raw__hubert__pitch_only,"0.3333,0.3333,0.3333",ensemble,ensemble,ensemble,ensemble,multi,5.356053214186804,0.5750091079959696,9895,0,,Mode3_film_train_raw_hubert_mfcc_pitch | Mode3_film_train_raw_hubert_mfbe_pitch | Mode3_film_train_raw_hubert_pitch_only
full_length,ENS_representation_ptm_train_vi_full_ptm_pitch_only__wavlm_hubert__a60,ensemble,representation_ptm,train_vi_full__wavlm__pitch_only | train_vi_full__hubert__pitch_only,"0.6000,0.4000",ensemble,ensemble,ensemble,ensemble,multi,5.356053214186804,0.5819772874736001,9895,0,,Mode3_film_train_vi_full_wavlm_pitch_only | Mode3_film_train_vi_full_hubert_pitch_only
full_length,ENS_representation_hc_train_raw_hc_hubert__mfcc_pitch_mfbe_pitch_mfbe__a60,ensemble,representation_hc,train_raw__hubert__mfcc_pitch | train_raw__hubert__mfbe_pitch | train_raw__hubert__mfbe_only,"0.6000,0.2500,0.1500",ensemble,ensemble,ensemble,ensemble,multi,5.356053214186804,0.5890431604301453,9895,0,,Mode3_film_train_raw_hubert_mfcc_pitch | Mode3_film_train_raw_hubert_mfbe_pitch | Mode3_film_train_raw_hubert_mfbe_only
full_length,Mode3_film_train_raw_wavlm_mfcc_only,single,single,Mode3_film_train_raw_wavlm_mfcc_only,1.0,3,film,mfcc_only,wavlm,train_raw,5.356053214186804,0.5908377567074538,9895,0,train_raw__wavlm__mfcc_only,
full_length,ENS_representation_ptm_train_vi_full_ptm_mfcc_only__wav2vec2_wavlm_hubert__a50,ensemble,representation_ptm,train_vi_full__wav2vec2__mfcc_only | train_vi_full__wavlm__mfcc_only | train_vi_full__hubert__mfcc_only,"0.5000,0.3000,0.2000",ensemble,ensemble,ensemble,ensemble,multi,5.356053214186804,0.5946149268830181,9895,0,,Mode3_film_train_vi_full_wav2vec2_mfcc_only | Mode3_film_train_vi_full_wavlm_mfcc_only | Mode3_film_train_vi_full_hubert_mfcc_only
full_length,ENS_representation_hc_train_raw_hc_hubert__mfbe_pitch_mfcc_pitch__eq,ensemble,representation_hc,train_raw__hubert__mfbe_pitch | train_raw__hubert__mfcc_only | train_raw__hubert__pitch_only,"0.3333,0.3333,0.3333",ensemble,ensemble,ensemble,ensemble,multi,5.356053214186804,0.5946871541966433,9895,0,,Mode3_film_train_raw_hubert_mfbe_pitch | Mode3_film_train_raw_hubert_mfcc_only | Mode3_film_train_raw_hubert_pitch_only
full_length,ENS_representation_hc_train_vi_full_hc_wavlm__mfcc_pitch_mfcc_mfbe_pitch__a45,ensemble,representation_hc,train_vi_full__wavlm__mfcc_pitch | train_vi_full__wavlm__mfcc_only | train_vi_full__wavlm__mfbe_only | train_vi_full__wavlm__pitch_only,"0.4500,0.2500,0.1500,0.1500",ensemble,ensemble,ensemble,ensemble,multi,5.356053214186804,0.5999116697275461,9895,0,,Mode3_film_train_vi_full_wavlm_mfcc_pitch | Mode3_film_train_vi_full_wavlm_mfcc_only | Mode3_film_train_vi_full_wavlm_mfbe_only | Mode3_film_train_vi_full_wavlm_pitch_only
full_length,ENS_representation_hc_train_vi_full_hc_wav2vec2__mfcc_pitch__a70,ensemble,representation_hc,train_vi_full__wav2vec2__mfcc_only | train_vi_full__wav2vec2__pitch_only,"0.7000,0.3000",ensemble,ensemble,ensemble,ensemble,multi,5.356053214186804,0.6002153976558173,9895,0,,Mode3_film_train_vi_full_wav2vec2_mfcc_only | Mode3_film_train_vi_full_wav2vec2_pitch_only
full_length,ENS_representation_hc_train_vi_full_hc_wavlm__mfcc_pitch_mfbe_pitch__a50,ensemble,representation_hc,train_vi_full__wavlm__mfcc_pitch | train_vi_full__wavlm__mfbe_only | train_vi_full__wavlm__pitch_only,"0.5000,0.3000,0.2000",ensemble,ensemble,ensemble,ensemble,multi,5.356053214186804,0.6009608318303359,9895,0,,Mode3_film_train_vi_full_wavlm_mfcc_pitch | Mode3_film_train_vi_full_wavlm_mfbe_only | Mode3_film_train_vi_full_wavlm_pitch_only
full_length,ENS_representation_hc_train_vi_3s_hc_wav2vec2__mfcc_pitch_mfcc_mfbe_pitch__eq,ensemble,representation_hc,train_vi_3s__wav2vec2__mfcc_pitch | train_vi_3s__wav2vec2__mfcc_only | train_vi_3s__wav2vec2__mfbe_only | train_vi_3s__wav2vec2__pitch_only,"0.2500,0.2500,0.2500,0.2500",ensemble,ensemble,ensemble,ensemble,multi,5.356053214186804,0.6088337187835039,9895,0,,Mode3_film_train_vi_3s_wav2vec2_mfcc_pitch | Mode3_film_train_vi_3s_wav2vec2_mfcc_only | Mode3_film_train_vi_3s_wav2vec2_mfbe_only | Mode3_film_train_vi_3s_wav2vec2_pitch_only
full_length,ENS_representation_ptm_train_vi_full_ptm_mfbe_only__wav2vec2_wavlm__a70,ensemble,representation_ptm,train_vi_full__wav2vec2__mfbe_only | train_vi_full__wavlm__mfbe_only,"0.7000,0.3000",ensemble,ensemble,ensemble,ensemble,multi,5.356053214186804,0.6142026889416571,9895,0,,Mode3_film_train_vi_full_wav2vec2_mfbe_only | Mode3_film_train_vi_full_wavlm_mfbe_only
full_length,ENS_representation_hc_train_vi_full_hc_wav2vec2__mfcc_pitch_mfbe_pitch__eq,ensemble,representation_hc,train_vi_full__wav2vec2__mfcc_pitch | train_vi_full__wav2vec2__mfbe_only | train_vi_full__wav2vec2__pitch_only,"0.3333,0.3333,0.3333",ensemble,ensemble,ensemble,ensemble,multi,5.356053214186804,0.6196151820935093,9895,0,,Mode3_film_train_vi_full_wav2vec2_mfcc_pitch_bdrop0p1 | Mode3_film_train_vi_full_wav2vec2_mfbe_only | Mode3_film_train_vi_full_wav2vec2_pitch_only
full_length,ENS_representation_hc_train_vi_full_hc_wavlm__mfcc_pitch_mfcc__a60,ensemble,representation_hc,train_vi_full__wavlm__mfcc_pitch | train_vi_full__wavlm__mfcc_only,"0.6000,0.4000",ensemble,ensemble,ensemble,ensemble,multi,5.356053214186804,0.6218547227717023,9895,0,,Mode3_film_train_vi_full_wavlm_mfcc_pitch | Mode3_film_train_vi_full_wavlm_mfcc_only
full_length,ENS_representation_hc_train_vi_full_hc_wavlm__mfcc_pitch_mfcc__a70,ensemble,representation_hc,train_vi_full__wavlm__mfcc_pitch | train_vi_full__wavlm__mfcc_only,"0.7000,0.3000",ensemble,ensemble,ensemble,ensemble,multi,5.356053214186804,0.6234284659258862,9895,0,,Mode3_film_train_vi_full_wavlm_mfcc_pitch | Mode3_film_train_vi_full_wavlm_mfcc_only
full_length,ENS_representation_hc_train_raw_hc_hubert__mfbe_pitch_mfcc_mfbe_pitch__a45,ensemble,representation_hc,train_raw__hubert__mfbe_pitch | train_raw__hubert__mfcc_only | train_raw__hubert__mfbe_only | train_raw__hubert__pitch_only,"0.4500,0.2500,0.1500,0.1500",ensemble,ensemble,ensemble,ensemble,multi,5.356053214186804,0.6244415143718633,9895,0,,Mode3_film_train_raw_hubert_mfbe_pitch | Mode3_film_train_raw_hubert_mfcc_only | Mode3_film_train_raw_hubert_mfbe_only | Mode3_film_train_raw_hubert_pitch_only
full_length,ENS_representation_hc_train_vi_full_hc_wav2vec2__mfcc_pitch_mfcc__a70,ensemble,representation_hc,train_vi_full__wav2vec2__mfcc_pitch | train_vi_full__wav2vec2__mfcc_only,"0.7000,0.3000",ensemble,ensemble,ensemble,ensemble,multi,5.356053214186804,0.6249660954232572,9895,0,,Mode3_film_train_vi_full_wav2vec2_mfcc_pitch_bdrop0p1 | Mode3_film_train_vi_full_wav2vec2_mfcc_only
full_length,ENS_representation_hc_train_vi_full_hc_wav2vec2__mfcc_pitch_mfbe_pitch__a60,ensemble,representation_hc,train_vi_full__wav2vec2__mfcc_pitch | train_vi_full__wav2vec2__mfbe_only | train_vi_full__wav2vec2__pitch_only,"0.6000,0.2500,0.1500",ensemble,ensemble,ensemble,ensemble,multi,5.356053214186804,0.6269125556647026,9895,0,,Mode3_film_train_vi_full_wav2vec2_mfcc_pitch_bdrop0p1 | Mode3_film_train_vi_full_wav2vec2_mfbe_only | Mode3_film_train_vi_full_wav2vec2_pitch_only
full_length,ENS_representation_hc_train_vi_3s_hc_wav2vec2__mfcc_pitch_mfbe_pitch_mfcc_mfbe__eq,ensemble,representation_hc,train_vi_3s__wav2vec2__mfcc_pitch | train_vi_3s__wav2vec2__mfbe_pitch | train_vi_3s__wav2vec2__mfcc_only | train_vi_3s__wav2vec2__mfbe_only,"0.2500,0.2500,0.2500,0.2500",ensemble,ensemble,ensemble,ensemble,multi,5.356053214186804,0.6272746252604385,9895,0,,Mode3_film_train_vi_3s_wav2vec2_mfcc_pitch | Mode3_film_train_vi_3s_wav2vec2_mfbe_pitch | Mode3_film_train_vi_3s_wav2vec2_mfcc_only | Mode3_film_train_vi_3s_wav2vec2_mfbe_only
full_length,Mode3_film_train_vi_3s_wav2vec2_mfcc_only,single,single,Mode3_film_train_vi_3s_wav2vec2_mfcc_only,1.0,3,film,mfcc_only,wav2vec2,train_vi_3s,5.356053214186804,0.6277195696613231,9895,0,train_vi_3s__wav2vec2__mfcc_only,
full_length,ENS_representation_hc_train_raw_hc_wav2vec2__mfbe_pitch__a60,ensemble,representation_hc,train_raw__wav2vec2__mfbe_only | train_raw__wav2vec2__pitch_only,"0.6000,0.4000",ensemble,ensemble,ensemble,ensemble,multi,5.356053214186804,0.6302808950961927,9895,0,,Mode3_film_train_raw_wav2vec2_mfbe_only | Mode3_film_train_raw_wav2vec2_pitch_only
full_length,ENS_representation_ptm_train_vi_3s_ptm_mfcc_pitch__wav2vec2_wavlm_hubert__a60,ensemble,representation_ptm,train_vi_3s__wav2vec2__mfcc_pitch | train_vi_3s__wavlm__mfcc_pitch | train_vi_3s__hubert__mfcc_pitch,"0.6000,0.2500,0.1500",ensemble,ensemble,ensemble,ensemble,multi,5.356053214186804,0.6328389823764252,9895,0,,Mode3_film_train_vi_3s_wav2vec2_mfcc_pitch | Mode3_film_train_vi_3s_wavlm_mfcc_pitch | Mode3_film_train_vi_3s_hubert_mfcc_pitch
full_length,ENS_representation_ptm_train_vi_3s_ptm_mfcc_only__wav2vec2_wavlm_hubert__a60,ensemble,representation_ptm,train_vi_3s__wav2vec2__mfcc_only | train_vi_3s__wavlm__mfcc_only | train_vi_3s__hubert__mfcc_only,"0.6000,0.2500,0.1500",ensemble,ensemble,ensemble,ensemble,multi,5.356053214186804,0.6369995171307721,9895,0,,Mode3_film_train_vi_3s_wav2vec2_mfcc_only | Mode3_film_train_vi_3s_wavlm_mfcc_only | Mode3_film_train_vi_3s_hubert_mfcc_only
full_length,ENS_representation_hc_train_vi_3s_hc_wavlm__mfcc_pitch_pitch__eq,ensemble,representation_hc,train_vi_3s__wavlm__mfcc_pitch | train_vi_3s__wavlm__pitch_only,"0.5000,0.5000",ensemble,ensemble,ensemble,ensemble,multi,5.356053214186804,0.6388121702364858,9895,0,,Mode3_film_train_vi_3s_wavlm_mfcc_pitch | Mode3_film_train_vi_3s_wavlm_pitch_only
full_length,ENS_representation_ptm_train_vi_3s_ptm_mfcc_only__wav2vec2_wavlm__eq,ensemble,representation_ptm,train_vi_3s__wav2vec2__mfcc_only | train_vi_3s__wavlm__mfcc_only,"0.5000,0.5000",ensemble,ensemble,ensemble,ensemble,multi,5.356053214186804,0.6480634133860042,9895,0,,Mode3_film_train_vi_3s_wav2vec2_mfcc_only | Mode3_film_train_vi_3s_wavlm_mfcc_only
full_length,ENS_representation_ptm_train_vi_3s_ptm_mfcc_only__wav2vec2_hubert__a60,ensemble,representation_ptm,train_vi_3s__wav2vec2__mfcc_only | train_vi_3s__hubert__mfcc_only,"0.6000,0.4000",ensemble,ensemble,ensemble,ensemble,multi,5.356053214186804,0.6503390677210099,9895,0,,Mode3_film_train_vi_3s_wav2vec2_mfcc_only | Mode3_film_train_vi_3s_hubert_mfcc_only
full_length,ENS_representation_hc_train_vi_full_hc_wav2vec2__mfcc_pitch_mfbe_pitch_mfcc_pitch__a45,ensemble,representation_hc,train_vi_full__wav2vec2__mfcc_pitch | train_vi_full__wav2vec2__mfbe_pitch | train_vi_full__wav2vec2__mfcc_only | train_vi_full__wav2vec2__pitch_only,"0.4500,0.2500,0.1500,0.1500",ensemble,ensemble,ensemble,ensemble,multi,5.356053214186804,0.6548649102257299,9895,0,,Mode3_film_train_vi_full_wav2vec2_mfcc_pitch_bdrop0p1 | Mode3_film_train_vi_full_wav2vec2_mfbe_pitch | Mode3_film_train_vi_full_wav2vec2_mfcc_only | Mode3_film_train_vi_full_wav2vec2_pitch_only
full_length,ENS_representation_hc_train_vi_full_hc_wav2vec2__mfcc_pitch_mfbe_pitch_mfcc_mfbe_pitch__a40,ensemble,representation_hc,train_vi_full__wav2vec2__mfcc_pitch | train_vi_full__wav2vec2__mfbe_pitch | train_vi_full__wav2vec2__mfcc_only | train_vi_full__wav2vec2__mfbe_only | train_vi_full__wav2vec2__pitch_only,"0.4000,0.2500,0.1500,0.1000,0.1000",ensemble,ensemble,ensemble,ensemble,multi,5.356053214186804,0.6583309431361389,9895,0,,Mode3_film_train_vi_full_wav2vec2_mfcc_pitch_bdrop0p1 | Mode3_film_train_vi_full_wav2vec2_mfbe_pitch | Mode3_film_train_vi_full_wav2vec2_mfcc_only | Mode3_film_train_vi_full_wav2vec2_mfbe_only | Mode3_film_train_vi_full_wav2vec2_pitch_only
full_length,ENS_representation_ptm_train_vi_3s_ptm_mfbe_only__wav2vec2_wavlm__eq,ensemble,representation_ptm,train_vi_3s__wav2vec2__mfbe_only | train_vi_3s__wavlm__mfbe_only,"0.5000,0.5000",ensemble,ensemble,ensemble,ensemble,multi,5.356053214186804,0.6643550633267782,9895,0,,Mode3_film_train_vi_3s_wav2vec2_mfbe_only | Mode3_film_train_vi_3s_wavlm_mfbe_only
full_length,ENS_representation_hc_train_vi_full_hc_wavlm__mfcc_pitch_mfcc_mfbe_pitch__a50,ensemble,representation_hc,train_vi_full__wavlm__mfcc_pitch | train_vi_full__wavlm__mfcc_only | train_vi_full__wavlm__mfbe_only | train_vi_full__wavlm__pitch_only,"0.5000,0.2000,0.1500,0.1500",ensemble,ensemble,ensemble,ensemble,multi,5.362765524564036,0.6025780979782165,9895,0,,Mode3_film_train_vi_full_wavlm_mfcc_pitch | Mode3_film_train_vi_full_wavlm_mfcc_only | Mode3_film_train_vi_full_wavlm_mfbe_only | Mode3_film_train_vi_full_wavlm_pitch_only
full_length,Mode3_film_train_raw_hubert_mfbe_pitch,single,single,Mode3_film_train_raw_hubert_mfbe_pitch,1.0,3,film,mfbe_pitch,hubert,train_raw,5.362765524564036,0.6173756414153182,9895,0,train_raw__hubert__mfbe_pitch,
full_length,ENS_representation_hc_train_vi_3s_hc_wav2vec2__mfcc_pitch_mfbe_pitch_mfbe_pitch__eq,ensemble,representation_hc,train_vi_3s__wav2vec2__mfcc_pitch | train_vi_3s__wav2vec2__mfbe_pitch | train_vi_3s__wav2vec2__mfbe_only | train_vi_3s__wav2vec2__pitch_only,"0.2500,0.2500,0.2500,0.2500",ensemble,ensemble,ensemble,ensemble,multi,5.362765524564036,0.6247781178023101,9895,0,,Mode3_film_train_vi_3s_wav2vec2_mfcc_pitch | Mode3_film_train_vi_3s_wav2vec2_mfbe_pitch | Mode3_film_train_vi_3s_wav2vec2_mfbe_only | Mode3_film_train_vi_3s_wav2vec2_pitch_only
full_length,ENS_representation_ptm_train_vi_full_ptm_mfbe_only__wav2vec2_hubert__a60,ensemble,representation_ptm,train_vi_full__wav2vec2__mfbe_only | train_vi_full__hubert__mfbe_only,"0.6000,0.4000",ensemble,ensemble,ensemble,ensemble,multi,5.362765524564036,0.6263699177849014,9895,0,,Mode3_film_train_vi_full_wav2vec2_mfbe_only | Mode3_film_train_vi_full_hubert_mfbe_only
full_length,ENS_representation_hc_train_raw_hc_hubert__mfbe_pitch_mfcc_mfbe__a60,ensemble,representation_hc,train_raw__hubert__mfbe_pitch | train_raw__hubert__mfcc_only | train_raw__hubert__mfbe_only,"0.6000,0.2500,0.1500",ensemble,ensemble,ensemble,ensemble,multi,5.362765524564036,0.6322889351597399,9895,0,,Mode3_film_train_raw_hubert_mfbe_pitch | Mode3_film_train_raw_hubert_mfcc_only | Mode3_film_train_raw_hubert_mfbe_only
full_length,ENS_representation_hc_train_raw_hc_hubert__mfcc_pitch_mfcc_mfbe_pitch__a50,ensemble,representation_hc,train_raw__hubert__mfcc_pitch | train_raw__hubert__mfcc_only | train_raw__hubert__mfbe_only | train_raw__hubert__pitch_only,"0.5000,0.2000,0.1500,0.1500",ensemble,ensemble,ensemble,ensemble,multi,5.389919372144868,0.5781204806475265,9895,0,,Mode3_film_train_raw_hubert_mfcc_pitch | Mode3_film_train_raw_hubert_mfcc_only | Mode3_film_train_raw_hubert_mfbe_only | Mode3_film_train_raw_hubert_pitch_only
full_length,ENS_representation_hc_train_raw_hc_hubert__mfcc_pitch_mfbe_pitch_mfbe__a50,ensemble,representation_hc,train_raw__hubert__mfcc_pitch | train_raw__hubert__mfbe_pitch | train_raw__hubert__mfbe_only,"0.5000,0.3000,0.2000",ensemble,ensemble,ensemble,ensemble,multi,5.389919372144868,0.6005084780925674,9895,0,,Mode3_film_train_raw_hubert_mfcc_pitch | Mode3_film_train_raw_hubert_mfbe_pitch | Mode3_film_train_raw_hubert_mfbe_only
full_length,ENS_representation_ptm_train_vi_full_ptm_mfcc_only__wav2vec2_wavlm_hubert__a60,ensemble,representation_ptm,train_vi_full__wav2vec2__mfcc_only | train_vi_full__wavlm__mfcc_only | train_vi_full__hubert__mfcc_only,"0.6000,0.2500,0.1500",ensemble,ensemble,ensemble,ensemble,multi,5.389919372144868,0.6024623476708946,9895,0,,Mode3_film_train_vi_full_wav2vec2_mfcc_only | Mode3_film_train_vi_full_wavlm_mfcc_only | Mode3_film_train_vi_full_hubert_mfcc_only
full_length,ENS_representation_hc_train_vi_full_hc_wavlm__mfcc_pitch_mfbe__a60,ensemble,representation_hc,train_vi_full__wavlm__mfcc_pitch | train_vi_full__wavlm__mfbe_only,"0.6000,0.4000",ensemble,ensemble,ensemble,ensemble,multi,5.389919372144868,0.6109936228111856,9895,0,,Mode3_film_train_vi_full_wavlm_mfcc_pitch | Mode3_film_train_vi_full_wavlm_mfbe_only
full_length,ENS_representation_hc_train_vi_full_hc_wavlm__mfcc_pitch_mfcc__eq,ensemble,representation_hc,train_vi_full__wavlm__mfcc_pitch | train_vi_full__wavlm__mfcc_only,"0.5000,0.5000",ensemble,ensemble,ensemble,ensemble,multi,5.389919372144868,0.6178821656383047,9895,0,,Mode3_film_train_vi_full_wavlm_mfcc_pitch | Mode3_film_train_vi_full_wavlm_mfcc_only
full_length,ENS_representation_hc_train_raw_hc_hubert__mfbe_pitch_mfcc_mfbe_pitch__a50,ensemble,representation_hc,train_raw__hubert__mfbe_pitch | train_raw__hubert__mfcc_only | train_raw__hubert__mfbe_only | train_raw__hubert__pitch_only,"0.5000,0.2000,0.1500,0.1500",ensemble,ensemble,ensemble,ensemble,multi,5.389919372144868,0.6243618777213541,9895,0,,Mode3_film_train_raw_hubert_mfbe_pitch | Mode3_film_train_raw_hubert_mfcc_only | Mode3_film_train_raw_hubert_mfbe_only | Mode3_film_train_raw_hubert_pitch_only
full_length,ENS_representation_hc_train_vi_full_hc_wav2vec2__mfcc_pitch_mfbe_pitch_mfbe_pitch__a45,ensemble,representation_hc,train_vi_full__wav2vec2__mfcc_pitch | train_vi_full__wav2vec2__mfbe_pitch | train_vi_full__wav2vec2__mfbe_only | train_vi_full__wav2vec2__pitch_only,"0.4500,0.2500,0.1500,0.1500",ensemble,ensemble,ensemble,ensemble,multi,5.389919372144868,0.6639897555764052,9895,0,,Mode3_film_train_vi_full_wav2vec2_mfcc_pitch_bdrop0p1 | Mode3_film_train_vi_full_wav2vec2_mfbe_pitch | Mode3_film_train_vi_full_wav2vec2_mfbe_only | Mode3_film_train_vi_full_wav2vec2_pitch_only
full_length,ENS_representation_hc_train_vi_3s_hc_wav2vec2__mfbe_pitch_mfbe__a60,ensemble,representation_hc,train_vi_3s__wav2vec2__mfbe_pitch | train_vi_3s__wav2vec2__mfbe_only,"0.6000,0.4000",ensemble,ensemble,ensemble,ensemble,multi,5.389919372144868,0.6676076524509486,9895,0,,Mode3_film_train_vi_3s_wav2vec2_mfbe_pitch | Mode3_film_train_vi_3s_wav2vec2_mfbe_only
full_length,ENS_representation_hc_train_raw_hc_hubert__mfcc_pitch_mfcc__a60,ensemble,representation_hc,train_raw__hubert__mfcc_pitch | train_raw__hubert__mfcc_only,"0.6000,0.4000",ensemble,ensemble,ensemble,ensemble,multi,5.3966316825221,0.5688331238411934,9895,0,,Mode3_film_train_raw_hubert_mfcc_pitch | Mode3_film_train_raw_hubert_mfcc_only
full_length,ENS_representation_ptm_train_vi_full_ptm_pitch_only__wavlm_hubert__a70,ensemble,representation_ptm,train_vi_full__wavlm__pitch_only | train_vi_full__hubert__pitch_only,"0.7000,0.3000",ensemble,ensemble,ensemble,ensemble,multi,5.3966316825221,0.5869628930529728,9895,0,,Mode3_film_train_vi_full_wavlm_pitch_only | Mode3_film_train_vi_full_hubert_pitch_only
full_length,ENS_representation_hc_train_raw_hc_hubert__mfcc_pitch__a70,ensemble,representation_hc,train_raw__hubert__mfcc_only | train_raw__hubert__pitch_only,"0.7000,0.3000",ensemble,ensemble,ensemble,ensemble,multi,5.3966316825221,0.5981531871070523,9895,0,,Mode3_film_train_raw_hubert_mfcc_only | Mode3_film_train_raw_hubert_pitch_only
full_length,ENS_representation_ptm_train_vi_full_ptm_pitch_only__wav2vec2_hubert__a60,ensemble,representation_ptm,train_vi_full__wav2vec2__pitch_only | train_vi_full__hubert__pitch_only,"0.6000,0.4000",ensemble,ensemble,ensemble,ensemble,multi,5.3966316825221,0.6039383973461616,9895,0,,Mode3_film_train_vi_full_wav2vec2_pitch_only | Mode3_film_train_vi_full_hubert_pitch_only
full_length,ENS_representation_ptm_train_vi_full_ptm_mfbe_only__wav2vec2_wavlm_hubert__a60,ensemble,representation_ptm,train_vi_full__wav2vec2__mfbe_only | train_vi_full__wavlm__mfbe_only | train_vi_full__hubert__mfbe_only,"0.6000,0.2500,0.1500",ensemble,ensemble,ensemble,ensemble,multi,5.3966316825221,0.6077590905154225,9895,0,,Mode3_film_train_vi_full_wav2vec2_mfbe_only | Mode3_film_train_vi_full_wavlm_mfbe_only | Mode3_film_train_vi_full_hubert_mfbe_only
full_length,ENS_representation_hc_train_vi_full_hc_wavlm__mfcc_pitch_mfcc_mfbe__a50,ensemble,representation_hc,train_vi_full__wavlm__mfcc_pitch | train_vi_full__wavlm__mfcc_only | train_vi_full__wavlm__mfbe_only,"0.5000,0.3000,0.2000",ensemble,ensemble,ensemble,ensemble,multi,5.3966316825221,0.6125673659653693,9895,0,,Mode3_film_train_vi_full_wavlm_mfcc_pitch | Mode3_film_train_vi_full_wavlm_mfcc_only | Mode3_film_train_vi_full_wavlm_mfbe_only
full_length,ENS_representation_hc_train_vi_full_hc_wav2vec2__mfcc_pitch_pitch__a70,ensemble,representation_hc,train_vi_full__wav2vec2__mfcc_pitch | train_vi_full__wav2vec2__pitch_only,"0.7000,0.3000",ensemble,ensemble,ensemble,ensemble,multi,5.3966316825221,0.6152518510444471,9895,0,,Mode3_film_train_vi_full_wav2vec2_mfcc_pitch_bdrop0p1 | Mode3_film_train_vi_full_wav2vec2_pitch_only
full_length,ENS_representation_ptm_train_vi_full_ptm_mfcc_pitch__wav2vec2_wavlm_hubert__a50,ensemble,representation_ptm,train_vi_full__wav2vec2__mfcc_pitch | train_vi_full__wavlm__mfcc_pitch | train_vi_full__hubert__mfcc_pitch,"0.5000,0.3000,0.2000",ensemble,ensemble,ensemble,ensemble,multi,5.3966316825221,0.6153856581801764,9895,0,,Mode3_film_train_vi_full_wav2vec2_mfcc_pitch_bdrop0p1 | Mode3_film_train_vi_full_wavlm_mfcc_pitch | Mode3_film_train_vi_full_hubert_mfcc_pitch
full_length,ENS_representation_ptm_train_vi_full_ptm_mfcc_pitch__wav2vec2_wavlm_hubert__eq,ensemble,representation_ptm,train_vi_full__wav2vec2__mfcc_pitch | train_vi_full__wavlm__mfcc_pitch | train_vi_full__hubert__mfcc_pitch,"0.3333,0.3333,0.3333",ensemble,ensemble,ensemble,ensemble,multi,5.3966316825221,0.6173501752500268,9895,0,,Mode3_film_train_vi_full_wav2vec2_mfcc_pitch_bdrop0p1 | Mode3_film_train_vi_full_wavlm_mfcc_pitch | Mode3_film_train_vi_full_hubert_mfcc_pitch
full_length,ENS_representation_hc_train_vi_full_hc_wav2vec2__mfcc_pitch_pitch__a60,ensemble,representation_hc,train_vi_full__wav2vec2__mfcc_pitch | train_vi_full__wav2vec2__pitch_only,"0.6000,0.4000",ensemble,ensemble,ensemble,ensemble,multi,5.3966316825221,0.6194378519640833,9895,0,,Mode3_film_train_vi_full_wav2vec2_mfcc_pitch_bdrop0p1 | Mode3_film_train_vi_full_wav2vec2_pitch_only
full_length,ENS_representation_hc_train_vi_3s_hc_wav2vec2__mfcc_pitch_mfbe_pitch_mfbe__eq,ensemble,representation_hc,train_vi_3s__wav2vec2__mfcc_pitch | train_vi_3s__wav2vec2__mfbe_pitch | train_vi_3s__wav2vec2__mfbe_only,"0.3333,0.3333,0.3333",ensemble,ensemble,ensemble,ensemble,multi,5.3966316825221,0.6307587149992527,9895,0,,Mode3_film_train_vi_3s_wav2vec2_mfcc_pitch | Mode3_film_train_vi_3s_wav2vec2_mfbe_pitch | Mode3_film_train_vi_3s_wav2vec2_mfbe_only
full_length,ENS_representation_ptm_train_vi_full_ptm_mfcc_pitch__wavlm_hubert__a70,ensemble,representation_ptm,train_vi_full__wavlm__mfcc_pitch | train_vi_full__hubert__mfcc_pitch,"0.7000,0.3000",ensemble,ensemble,ensemble,ensemble,multi,5.3966316825221,0.6381283158840712,9895,0,,Mode3_film_train_vi_full_wavlm_mfcc_pitch | Mode3_film_train_vi_full_hubert_mfcc_pitch
full_length,ENS_representation_hc_train_raw_hc_wavlm__mfcc_pitch_mfbe_pitch__a50,ensemble,representation_hc,train_raw__wavlm__mfcc_pitch | train_raw__wavlm__mfbe_only | train_raw__wavlm__pitch_only,"0.5000,0.3000,0.2000",ensemble,ensemble,ensemble,ensemble,multi,5.3966316825221,0.6740693077055906,9895,0,,Mode3_film_train_raw_wavlm_mfcc_pitch | Mode3_film_train_raw_wavlm_mfbe_only | Mode3_film_train_raw_wavlm_pitch_only
full_length,ENS_representation_hc_train_raw_hc_wavlm__mfcc_pitch_mfbe_pitch__eq,ensemble,representation_hc,train_raw__wavlm__mfcc_pitch | train_raw__wavlm__mfbe_only | train_raw__wavlm__pitch_only,"0.3333,0.3333,0.3333",ensemble,ensemble,ensemble,ensemble,multi,5.3966316825221,0.675331913594619,9895,0,,Mode3_film_train_raw_wavlm_mfcc_pitch | Mode3_film_train_raw_wavlm_mfbe_only | Mode3_film_train_raw_wavlm_pitch_only
full_length,ENS_representation_hc_train_raw_hc_hubert__mfcc_pitch_mfcc_pitch__eq,ensemble,representation_hc,train_raw__hubert__mfcc_pitch | train_raw__hubert__mfcc_only | train_raw__hubert__pitch_only,"0.3333,0.3333,0.3333",ensemble,ensemble,ensemble,ensemble,multi,5.403343992899333,0.5753202452611248,9895,0,,Mode3_film_train_raw_hubert_mfcc_pitch | Mode3_film_train_raw_hubert_mfcc_only | Mode3_film_train_raw_hubert_pitch_only
full_length,ENS_representation_hc_train_vi_full_hc_wavlm__mfcc_pitch_mfcc_mfbe_pitch__eq,ensemble,representation_hc,train_vi_full__wavlm__mfcc_pitch | train_vi_full__wavlm__mfcc_only | train_vi_full__wavlm__mfbe_only | train_vi_full__wavlm__pitch_only,"0.2500,0.2500,0.2500,0.2500",ensemble,ensemble,ensemble,ensemble,multi,5.403343992899333,0.5890505697670293,9895,0,,Mode3_film_train_vi_full_wavlm_mfcc_pitch | Mode3_film_train_vi_full_wavlm_mfcc_only | Mode3_film_train_vi_full_wavlm_mfbe_only | Mode3_film_train_vi_full_wavlm_pitch_only
full_length,ENS_representation_hc_train_raw_hc_hubert__mfcc_pitch__a60,ensemble,representation_hc,train_raw__hubert__mfcc_only | train_raw__hubert__pitch_only,"0.6000,0.4000",ensemble,ensemble,ensemble,ensemble,multi,5.403343992899333,0.5939310725306035,9895,0,,Mode3_film_train_raw_hubert_mfcc_only | Mode3_film_train_raw_hubert_pitch_only
full_length,ENS_representation_hc_train_vi_full_hc_wavlm__mfcc_pitch_mfbe_pitch_mfcc_pitch__a50,ensemble,representation_hc,train_vi_full__wavlm__mfcc_pitch | train_vi_full__wavlm__mfbe_pitch | train_vi_full__wavlm__mfcc_only | train_vi_full__wavlm__pitch_only,"0.5000,0.2000,0.1500,0.1500",ensemble,ensemble,ensemble,ensemble,multi,5.403343992899333,0.6099986311936156,9895,0,,Mode3_film_train_vi_full_wavlm_mfcc_pitch | Mode3_film_train_vi_full_wavlm_mfbe_pitch | Mode3_film_train_vi_full_wavlm_mfcc_only | Mode3_film_train_vi_full_wavlm_pitch_only
full_length,ENS_representation_hc_train_vi_3s_hc_wav2vec2__mfcc_pitch_mfbe__eq,ensemble,representation_hc,train_vi_3s__wav2vec2__mfcc_pitch | train_vi_3s__wav2vec2__mfbe_only,"0.5000,0.5000",ensemble,ensemble,ensemble,ensemble,multi,5.403343992899333,0.6231066811692096,9895,0,,Mode3_film_train_vi_3s_wav2vec2_mfcc_pitch | Mode3_film_train_vi_3s_wav2vec2_mfbe_only
full_length,ENS_representation_hc_train_vi_full_hc_wav2vec2__mfbe_pitch_mfcc_mfbe_pitch__eq,ensemble,representation_hc,train_vi_full__wav2vec2__mfbe_pitch | train_vi_full__wav2vec2__mfcc_only | train_vi_full__wav2vec2__mfbe_only | train_vi_full__wav2vec2__pitch_only,"0.2500,0.2500,0.2500,0.2500",ensemble,ensemble,ensemble,ensemble,multi,5.403343992899333,0.6424555332763208,9895,0,,Mode3_film_train_vi_full_wav2vec2_mfbe_pitch | Mode3_film_train_vi_full_wav2vec2_mfcc_only | Mode3_film_train_vi_full_wav2vec2_mfbe_only | Mode3_film_train_vi_full_wav2vec2_pitch_only
full_length,ENS_representation_ptm_train_vi_3s_ptm_mfcc_only__wav2vec2_wavlm_hubert__a50,ensemble,representation_ptm,train_vi_3s__wav2vec2__mfcc_only | train_vi_3s__wavlm__mfcc_only | train_vi_3s__hubert__mfcc_only,"0.5000,0.3000,0.2000",ensemble,ensemble,ensemble,ensemble,multi,5.403343992899333,0.6497167931906992,9895,0,,Mode3_film_train_vi_3s_wav2vec2_mfcc_only | Mode3_film_train_vi_3s_wavlm_mfcc_only | Mode3_film_train_vi_3s_hubert_mfcc_only
full_length,ENS_representation_hc_train_vi_full_hc_wav2vec2__mfcc_pitch_mfbe_pitch_mfbe__a50,ensemble,representation_hc,train_vi_full__wav2vec2__mfcc_pitch | train_vi_full__wav2vec2__mfbe_pitch | train_vi_full__wav2vec2__mfbe_only,"0.5000,0.3000,0.2000",ensemble,ensemble,ensemble,ensemble,multi,5.403343992899333,0.6775608067812889,9895,0,,Mode3_film_train_vi_full_wav2vec2_mfcc_pitch_bdrop0p1 | Mode3_film_train_vi_full_wav2vec2_mfbe_pitch | Mode3_film_train_vi_full_wav2vec2_mfbe_only
full_length,ENS_representation_ptm_train_vi_3s_ptm_pitch_only__wav2vec2_wavlm_hubert__a60,ensemble,representation_ptm,train_vi_3s__wav2vec2__pitch_only | train_vi_3s__wavlm__pitch_only | train_vi_3s__hubert__pitch_only,"0.6000,0.2500,0.1500",ensemble,ensemble,ensemble,ensemble,multi,5.430497840480163,0.587024472875077,9895,0,,Mode3_film_train_vi_3s_wav2vec2_pitch_only | Mode3_film_train_vi_3s_wavlm_pitch_only | Mode3_film_train_vi_3s_hubert_pitch_only
full_length,ENS_representation_ptm_train_raw_ptm_pitch_only__wav2vec2_hubert__a70,ensemble,representation_ptm,train_raw__wav2vec2__pitch_only | train_raw__hubert__pitch_only,"0.7000,0.3000",ensemble,ensemble,ensemble,ensemble,multi,5.430497840480163,0.6040976706471823,9895,0,,Mode3_film_train_raw_wav2vec2_pitch_only | Mode3_film_train_raw_hubert_pitch_only
full_length,ENS_representation_hc_train_raw_hc_hubert__mfcc_pitch_mfbe_pitch_mfcc_mfbe_pitch__eq,ensemble,representation_hc,train_raw__hubert__mfcc_pitch | train_raw__hubert__mfbe_pitch | train_raw__hubert__mfcc_only | train_raw__hubert__mfbe_only | train_raw__hubert__pitch_only,"0.2000,0.2000,0.2000,0.2000,0.2000",ensemble,ensemble,ensemble,ensemble,multi,5.430497840480163,0.6117061814835287,9895,0,,Mode3_film_train_raw_hubert_mfcc_pitch | Mode3_film_train_raw_hubert_mfbe_pitch | Mode3_film_train_raw_hubert_mfcc_only | Mode3_film_train_raw_hubert_mfbe_only | Mode3_film_train_raw_hubert_pitch_only
full_length,ENS_representation_hc_train_vi_3s_hc_wav2vec2__mfcc_pitch_mfbe_pitch__eq,ensemble,representation_hc,train_vi_3s__wav2vec2__mfcc_pitch | train_vi_3s__wav2vec2__mfbe_only | train_vi_3s__wav2vec2__pitch_only,"0.3333,0.3333,0.3333",ensemble,ensemble,ensemble,ensemble,multi,5.430497840480163,0.6144235420647819,9895,0,,Mode3_film_train_vi_3s_wav2vec2_mfcc_pitch | Mode3_film_train_vi_3s_wav2vec2_mfbe_only | Mode3_film_train_vi_3s_wav2vec2_pitch_only
full_length,ENS_representation_hc_train_vi_3s_hc_wav2vec2__mfbe_pitch_mfcc_pitch__eq,ensemble,representation_hc,train_vi_3s__wav2vec2__mfbe_pitch | train_vi_3s__wav2vec2__mfcc_only | train_vi_3s__wav2vec2__pitch_only,"0.3333,0.3333,0.3333",ensemble,ensemble,ensemble,ensemble,multi,5.430497840480163,0.6315763764873967,9895,0,,Mode3_film_train_vi_3s_wav2vec2_mfbe_pitch | Mode3_film_train_vi_3s_wav2vec2_mfcc_only | Mode3_film_train_vi_3s_wav2vec2_pitch_only
full_length,ENS_representation_ptm_train_vi_3s_ptm_mfbe_only__wav2vec2_wavlm_hubert__a50,ensemble,representation_ptm,train_vi_3s__wav2vec2__mfbe_only | train_vi_3s__wavlm__mfbe_only | train_vi_3s__hubert__mfbe_only,"0.5000,0.3000,0.2000",ensemble,ensemble,ensemble,ensemble,multi,5.430497840480163,0.6851257946239386,9895,0,,Mode3_film_train_vi_3s_wav2vec2_mfbe_only | Mode3_film_train_vi_3s_wavlm_mfbe_only | Mode3_film_train_vi_3s_hubert_mfbe_only
full_length,ENS_representation_ptm_train_vi_3s_ptm_pitch_only__wavlm_hubert__a70,ensemble,representation_ptm,train_vi_3s__wavlm__pitch_only | train_vi_3s__hubert__pitch_only,"0.7000,0.3000",ensemble,ensemble,ensemble,ensemble,multi,5.43721015085739,0.5508880940957243,9895,0,,Mode3_film_train_vi_3s_wavlm_pitch_only | Mode3_film_train_vi_3s_hubert_pitch_only
full_length,ENS_representation_hc_train_raw_hc_hubert__mfcc_pitch_mfcc_pitch__a60,ensemble,representation_hc,train_raw__hubert__mfcc_pitch | train_raw__hubert__mfcc_only | train_raw__hubert__pitch_only,"0.6000,0.2500,0.1500",ensemble,ensemble,ensemble,ensemble,multi,5.43721015085739,0.5631094934241861,9895,0,,Mode3_film_train_raw_hubert_mfcc_pitch | Mode3_film_train_raw_hubert_mfcc_only | Mode3_film_train_raw_hubert_pitch_only
full_length,ENS_representation_hc_train_raw_hc_hubert__mfcc_pitch_mfcc_pitch__a50,ensemble,representation_hc,train_raw__hubert__mfcc_pitch | train_raw__hubert__mfcc_only | train_raw__hubert__pitch_only,"0.5000,0.3000,0.2000",ensemble,ensemble,ensemble,ensemble,multi,5.43721015085739,0.5691262042779436,9895,0,,Mode3_film_train_raw_hubert_mfcc_pitch | Mode3_film_train_raw_hubert_mfcc_only | Mode3_film_train_raw_hubert_pitch_only
full_length,ENS_representation_ptm_train_vi_5s_ptm_pitch_only__wav2vec2_wavlm__a70,ensemble,representation_ptm,train_vi_5s__wav2vec2__pitch_only | train_vi_5s__wavlm__pitch_only,"0.7000,0.3000",ensemble,ensemble,ensemble,ensemble,multi,5.43721015085739,0.5818434803378708,9895,0,,Mode3_film_train_vi_5s_wav2vec2_pitch_only | Mode3_film_train_vi_5s_wavlm_pitch_only
full_length,ENS_representation_ptm_train_vi_3s_ptm_pitch_only__wav2vec2_wavlm__eq,ensemble,representation_ptm,train_vi_3s__wav2vec2__pitch_only | train_vi_3s__wavlm__pitch_only,"0.5000,0.5000",ensemble,ensemble,ensemble,ensemble,multi,5.43721015085739,0.5857183439923497,9895,0,,Mode3_film_train_vi_3s_wav2vec2_pitch_only | Mode3_film_train_vi_3s_wavlm_pitch_only
full_length,ENS_representation_hc_train_raw_hc_hubert__mfcc_pitch_mfcc_mfbe__a50,ensemble,representation_hc,train_raw__hubert__mfcc_pitch | train_raw__hubert__mfcc_only | train_raw__hubert__mfbe_only,"0.5000,0.3000,0.2000",ensemble,ensemble,ensemble,ensemble,multi,5.43721015085739,0.5915142017229843,9895,0,,Mode3_film_train_raw_hubert_mfcc_pitch | Mode3_film_train_raw_hubert_mfcc_only | Mode3_film_train_raw_hubert_mfbe_only
full_length,ENS_representation_ptm_train_vi_full_ptm_mfcc_only__wav2vec2_wavlm_hubert__eq,ensemble,representation_ptm,train_vi_full__wav2vec2__mfcc_only | train_vi_full__wavlm__mfcc_only | train_vi_full__hubert__mfcc_only,"0.3333,0.3333,0.3333",ensemble,ensemble,ensemble,ensemble,multi,5.43721015085739,0.5934861281297168,9895,0,,Mode3_film_train_vi_full_wav2vec2_mfcc_only | Mode3_film_train_vi_full_wavlm_mfcc_only | Mode3_film_train_vi_full_hubert_mfcc_only
full_length,ENS_representation_hc_train_vi_full_hc_wavlm__mfcc_pitch_mfbe_pitch__eq,ensemble,representation_hc,train_vi_full__wavlm__mfcc_pitch | train_vi_full__wavlm__mfbe_only | train_vi_full__wavlm__pitch_only,"0.3333,0.3333,0.3333",ensemble,ensemble,ensemble,ensemble,multi,5.43721015085739,0.5957076119795047,9895,0,,Mode3_film_train_vi_full_wavlm_mfcc_pitch | Mode3_film_train_vi_full_wavlm_mfbe_only | Mode3_film_train_vi_full_wavlm_pitch_only
full_length,ENS_representation_hc_train_raw_hc_hubert__mfbe_pitch_pitch__eq,ensemble,representation_hc,train_raw__hubert__mfbe_pitch | train_raw__hubert__pitch_only,"0.5000,0.5000",ensemble,ensemble,ensemble,ensemble,multi,5.43721015085739,0.5968109445675124,9895,0,,Mode3_film_train_raw_hubert_mfbe_pitch | Mode3_film_train_raw_hubert_pitch_only
full_length,ENS_representation_hc_train_vi_full_hc_wavlm__mfcc_pitch_mfbe__eq,ensemble,representation_hc,train_vi_full__wavlm__mfcc_pitch | train_vi_full__wavlm__mfbe_only,"0.5000,0.5000",ensemble,ensemble,ensemble,ensemble,multi,5.43721015085739,0.6050926622647522,9895,0,,Mode3_film_train_vi_full_wavlm_mfcc_pitch | Mode3_film_train_vi_full_wavlm_mfbe_only
full_length,ENS_representation_hc_train_vi_full_hc_wavlm__mfcc_pitch_mfbe_pitch_mfcc_mfbe_pitch__a45,ensemble,representation_hc,train_vi_full__wavlm__mfcc_pitch | train_vi_full__wavlm__mfbe_pitch | train_vi_full__wavlm__mfcc_only | train_vi_full__wavlm__mfbe_only | train_vi_full__wavlm__pitch_only,"0.4500,0.2000,0.1500,0.1000,0.1000",ensemble,ensemble,ensemble,ensemble,multi,5.43721015085739,0.6059103237528962,9895,0,,Mode3_film_train_vi_full_wavlm_mfcc_pitch | Mode3_film_train_vi_full_wavlm_mfbe_pitch | Mode3_film_train_vi_full_wavlm_mfcc_only | Mode3_film_train_vi_full_wavlm_mfbe_only | Mode3_film_train_vi_full_wavlm_pitch_only
full_length,ENS_representation_hc_train_vi_3s_hc_wav2vec2__mfcc_pitch_mfbe_pitch_mfcc_pitch__eq,ensemble,representation_hc,train_vi_3s__wav2vec2__mfcc_pitch | train_vi_3s__wav2vec2__mfbe_pitch | train_vi_3s__wav2vec2__mfcc_only | train_vi_3s__wav2vec2__pitch_only,"0.2500,0.2500,0.2500,0.2500",ensemble,ensemble,ensemble,ensemble,multi,5.43721015085739,0.6145573492005112,9895,0,,Mode3_film_train_vi_3s_wav2vec2_mfcc_pitch | Mode3_film_train_vi_3s_wav2vec2_mfbe_pitch | Mode3_film_train_vi_3s_wav2vec2_mfcc_only | Mode3_film_train_vi_3s_wav2vec2_pitch_only
full_length,ENS_representation_hc_train_vi_full_hc_wavlm__mfcc_pitch_mfbe__a70,ensemble,representation_hc,train_vi_full__wavlm__mfcc_pitch | train_vi_full__wavlm__mfbe_only,"0.7000,0.3000",ensemble,ensemble,ensemble,ensemble,multi,5.43721015085739,0.6154652948306878,9895,0,,Mode3_film_train_vi_full_wavlm_mfcc_pitch | Mode3_film_train_vi_full_wavlm_mfbe_only
full_length,ENS_representation_hc_train_vi_3s_hc_wav2vec2__mfcc_pitch_mfcc_mfbe__eq,ensemble,representation_hc,train_vi_3s__wav2vec2__mfcc_pitch | train_vi_3s__wav2vec2__mfcc_only | train_vi_3s__wav2vec2__mfbe_only,"0.3333,0.3333,0.3333",ensemble,ensemble,ensemble,ensemble,multi,5.43721015085739,0.6155703976464864,9895,0,,Mode3_film_train_vi_3s_wav2vec2_mfcc_pitch | Mode3_film_train_vi_3s_wav2vec2_mfcc_only | Mode3_film_train_vi_3s_wav2vec2_mfbe_only
full_length,ENS_representation_hc_train_vi_full_hc_wavlm__mfcc_pitch_mfcc_mfbe__a60,ensemble,representation_hc,train_vi_full__wavlm__mfcc_pitch | train_vi_full__wavlm__mfcc_only | train_vi_full__wavlm__mfbe_only,"0.6000,0.2500,0.1500",ensemble,ensemble,ensemble,ensemble,multi,5.43721015085739,0.6185405538254299,9895,0,,Mode3_film_train_vi_full_wavlm_mfcc_pitch | Mode3_film_train_vi_full_wavlm_mfcc_only | Mode3_film_train_vi_full_wavlm_mfbe_only
full_length,ENS_representation_hc_train_vi_full_hc_wav2vec2__mfcc_pitch_pitch__eq,ensemble,representation_hc,train_vi_full__wav2vec2__mfcc_pitch | train_vi_full__wav2vec2__pitch_only,"0.5000,0.5000",ensemble,ensemble,ensemble,ensemble,multi,5.43721015085739,0.6226108044377423,9895,0,,Mode3_film_train_vi_full_wav2vec2_mfcc_pitch_bdrop0p1 | Mode3_film_train_vi_full_wav2vec2_pitch_only
full_length,ENS_representation_hc_train_vi_full_hc_hubert__mfbe_pitch__eq,ensemble,representation_hc,train_vi_full__hubert__mfbe_only | train_vi_full__hubert__pitch_only,"0.5000,0.5000",ensemble,ensemble,ensemble,ensemble,multi,5.43721015085739,0.6266991118784617,9895,0,,Mode3_film_train_vi_full_hubert_mfbe_only | Mode3_film_train_vi_full_hubert_pitch_only
full_length,ENS_representation_hc_train_vi_3s_hc_wav2vec2__mfbe_pitch_mfcc__a60,ensemble,representation_hc,train_vi_3s__wav2vec2__mfbe_pitch | train_vi_3s__wav2vec2__mfcc_only,"0.6000,0.4000",ensemble,ensemble,ensemble,ensemble,multi,5.43721015085739,0.6544889549838334,9895,0,,Mode3_film_train_vi_3s_wav2vec2_mfbe_pitch | Mode3_film_train_vi_3s_wav2vec2_mfcc_only
full_length,ENS_representation_hc_train_vi_full_hc_wav2vec2__mfcc_pitch_mfbe_pitch_mfcc_mfbe__a45,ensemble,representation_hc,train_vi_full__wav2vec2__mfcc_pitch | train_vi_full__wav2vec2__mfbe_pitch | train_vi_full__wav2vec2__mfcc_only | train_vi_full__wav2vec2__mfbe_only,"0.4500,0.2500,0.1500,0.1500",ensemble,ensemble,ensemble,ensemble,multi,5.43721015085739,0.6618298515487212,9895,0,,Mode3_film_train_vi_full_wav2vec2_mfcc_pitch_bdrop0p1 | Mode3_film_train_vi_full_wav2vec2_mfbe_pitch | Mode3_film_train_vi_full_wav2vec2_mfcc_only | Mode3_film_train_vi_full_wav2vec2_mfbe_only
full_length,ENS_representation_hc_train_vi_full_hc_wav2vec2__mfcc_pitch_mfbe_pitch_mfbe__eq,ensemble,representation_hc,train_vi_full__wav2vec2__mfcc_pitch | train_vi_full__wav2vec2__mfbe_pitch | train_vi_full__wav2vec2__mfbe_only,"0.3333,0.3333,0.3333",ensemble,ensemble,ensemble,ensemble,multi,5.43721015085739,0.6766454518142282,9895,0,,Mode3_film_train_vi_full_wav2vec2_mfcc_pitch_bdrop0p1 | Mode3_film_train_vi_full_wav2vec2_mfbe_pitch | Mode3_film_train_vi_full_wav2vec2_mfbe_only
full_length,ENS_representation_hc_train_raw_hc_wavlm__mfbe_pitch_mfbe_pitch__a50,ensemble,representation_hc,train_raw__wavlm__mfbe_pitch | train_raw__wavlm__mfbe_only | train_raw__wavlm__pitch_only,"0.5000,0.3000,0.2000",ensemble,ensemble,ensemble,ensemble,multi,5.43721015085739,0.691790246173298,9895,0,,Mode3_film_train_raw_wavlm_mfbe_pitch | Mode3_film_train_raw_wavlm_mfbe_only | Mode3_film_train_raw_wavlm_pitch_only
full_length,ENS_representation_hc_train_vi_full_hc_wavlm__mfcc_pitch_mfbe_pitch_mfbe_pitch__a50,ensemble,representation_hc,train_vi_full__wavlm__mfcc_pitch | train_vi_full__wavlm__mfbe_pitch | train_vi_full__wavlm__mfbe_only | train_vi_full__wavlm__pitch_only,"0.5000,0.2000,0.1500,0.1500",ensemble,ensemble,ensemble,ensemble,multi,5.443922461234623,0.6087721389613998,9895,0,,Mode3_film_train_vi_full_wavlm_mfcc_pitch | Mode3_film_train_vi_full_wavlm_mfbe_pitch | Mode3_film_train_vi_full_wavlm_mfbe_only | Mode3_film_train_vi_full_wavlm_pitch_only
full_length,ENS_representation_hc_train_vi_3s_hc_wav2vec2__mfcc_pitch__a70,ensemble,representation_hc,train_vi_3s__wav2vec2__mfcc_only | train_vi_3s__wav2vec2__pitch_only,"0.7000,0.3000",ensemble,ensemble,ensemble,ensemble,multi,5.443922461234623,0.6143619622426779,9895,0,,Mode3_film_train_vi_3s_wav2vec2_mfcc_only | Mode3_film_train_vi_3s_wav2vec2_pitch_only
full_length,ENS_representation_ptm_train_vi_full_ptm_mfbe_only__wav2vec2_hubert__eq,ensemble,representation_ptm,train_vi_full__wav2vec2__mfbe_only | train_vi_full__hubert__mfbe_only,"0.5000,0.5000",ensemble,ensemble,ensemble,ensemble,multi,5.443922461234623,0.6249841522516646,9895,0,,Mode3_film_train_vi_full_wav2vec2_mfbe_only | Mode3_film_train_vi_full_hubert_mfbe_only
full_length,ENS_representation_ptm_train_vi_full_ptm_mfbe_only__wav2vec2_hubert__a70,ensemble,representation_ptm,train_vi_full__wav2vec2__mfbe_only | train_vi_full__hubert__mfbe_only,"0.7000,0.3000",ensemble,ensemble,ensemble,ensemble,multi,5.443922461234623,0.6323250488165524,9895,0,,Mode3_film_train_vi_full_wav2vec2_mfbe_only | Mode3_film_train_vi_full_hubert_mfbe_only
full_length,ENS_representation_hc_train_vi_full_hc_wav2vec2__mfcc_pitch_mfbe_pitch_mfcc_mfbe__a50,ensemble,representation_hc,train_vi_full__wav2vec2__mfcc_pitch | train_vi_full__wav2vec2__mfbe_pitch | train_vi_full__wav2vec2__mfcc_only | train_vi_full__wav2vec2__mfbe_only,"0.5000,0.2000,0.1500,0.1500",ensemble,ensemble,ensemble,ensemble,multi,5.443922461234623,0.6475059568324348,9895,0,,Mode3_film_train_vi_full_wav2vec2_mfcc_pitch_bdrop0p1 | Mode3_film_train_vi_full_wav2vec2_mfbe_pitch | Mode3_film_train_vi_full_wav2vec2_mfcc_only | Mode3_film_train_vi_full_wav2vec2_mfbe_only
full_length,ENS_representation_hc_train_vi_full_hc_wav2vec2__mfcc_pitch_mfbe_pitch_mfcc_mfbe__eq,ensemble,representation_hc,train_vi_full__wav2vec2__mfcc_pitch | train_vi_full__wav2vec2__mfbe_pitch | train_vi_full__wav2vec2__mfcc_only | train_vi_full__wav2vec2__mfbe_only,"0.2500,0.2500,0.2500,0.2500",ensemble,ensemble,ensemble,ensemble,multi,5.443922461234623,0.6573868838491498,9895,0,,Mode3_film_train_vi_full_wav2vec2_mfcc_pitch_bdrop0p1 | Mode3_film_train_vi_full_wav2vec2_mfbe_pitch | Mode3_film_train_vi_full_wav2vec2_mfcc_only | Mode3_film_train_vi_full_wav2vec2_mfbe_only
full_length,ENS_representation_hc_train_raw_hc_hubert__mfcc_pitch_mfcc__a70,ensemble,representation_hc,train_raw__hubert__mfcc_pitch | train_raw__hubert__mfcc_only,"0.7000,0.3000",ensemble,ensemble,ensemble,ensemble,multi,5.471076308815452,0.5688947036632975,9895,0,,Mode3_film_train_raw_hubert_mfcc_pitch | Mode3_film_train_raw_hubert_mfcc_only
full_length,ENS_representation_hc_train_vi_full_hc_wavlm__mfcc_pitch_mfbe_pitch_mfcc_pitch__a45,ensemble,representation_hc,train_vi_full__wavlm__mfcc_pitch | train_vi_full__wavlm__mfbe_pitch | train_vi_full__wavlm__mfcc_only | train_vi_full__wavlm__pitch_only,"0.4500,0.2500,0.1500,0.1500",ensemble,ensemble,ensemble,ensemble,multi,5.471076308815452,0.611243180254239,9895,0,,Mode3_film_train_vi_full_wavlm_mfcc_pitch | Mode3_film_train_vi_full_wavlm_mfbe_pitch | Mode3_film_train_vi_full_wavlm_mfcc_only | Mode3_film_train_vi_full_wavlm_pitch_only
full_length,ENS_representation_hc_train_vi_full_hc_wav2vec2__mfcc_mfbe__eq,ensemble,representation_hc,train_vi_full__wav2vec2__mfcc_only | train_vi_full__wav2vec2__mfbe_only,"0.5000,0.5000",ensemble,ensemble,ensemble,ensemble,multi,5.471076308815452,0.6225853382724529,9895,0,,Mode3_film_train_vi_full_wav2vec2_mfcc_only | Mode3_film_train_vi_full_wav2vec2_mfbe_only
full_length,ENS_representation_hc_train_raw_hc_hubert__mfcc_pitch_mfbe_pitch_mfcc_mfbe__eq,ensemble,representation_hc,train_raw__hubert__mfcc_pitch | train_raw__hubert__mfbe_pitch | train_raw__hubert__mfcc_only | train_raw__hubert__mfbe_only,"0.2500,0.2500,0.2500,0.2500",ensemble,ensemble,ensemble,ensemble,multi,5.471076308815452,0.6258995072187252,9895,0,,Mode3_film_train_raw_hubert_mfcc_pitch | Mode3_film_train_raw_hubert_mfbe_pitch | Mode3_film_train_raw_hubert_mfcc_only | Mode3_film_train_raw_hubert_mfbe_only
full_length,ENS_representation_hc_train_vi_3s_hc_wav2vec2__mfbe_pitch_mfcc_mfbe__a60,ensemble,representation_hc,train_vi_3s__wav2vec2__mfbe_pitch | train_vi_3s__wav2vec2__mfcc_only | train_vi_3s__wav2vec2__mfbe_only,"0.6000,0.2500,0.1500",ensemble,ensemble,ensemble,ensemble,multi,5.471076308815452,0.6582480683309903,9895,0,,Mode3_film_train_vi_3s_wav2vec2_mfbe_pitch | Mode3_film_train_vi_3s_wav2vec2_mfcc_only | Mode3_film_train_vi_3s_wav2vec2_mfbe_only
full_length,ENS_representation_ptm_train_vi_3s_ptm_pitch_only__wavlm_hubert__eq,ensemble,representation_ptm,train_vi_3s__wavlm__pitch_only | train_vi_3s__hubert__pitch_only,"0.5000,0.5000",ensemble,ensemble,ensemble,ensemble,multi,5.477788619192685,0.5406853823223327,9895,0,,Mode3_film_train_vi_3s_wavlm_pitch_only | Mode3_film_train_vi_3s_hubert_pitch_only
full_length,ENS_representation_ptm_train_vi_full_ptm_pitch_only__wav2vec2_wavlm_hubert__a50,ensemble,representation_ptm,train_vi_full__wav2vec2__pitch_only | train_vi_full__wavlm__pitch_only | train_vi_full__hubert__pitch_only,"0.5000,0.3000,0.2000",ensemble,ensemble,ensemble,ensemble,multi,5.477788619192685,0.5915216110598684,9895,0,,Mode3_film_train_vi_full_wav2vec2_pitch_only | Mode3_film_train_vi_full_wavlm_pitch_only | Mode3_film_train_vi_full_hubert_pitch_only
full_length,Mode3_film_train_vi_full_hubert_pitch_only,single,single,Mode3_film_train_vi_full_hubert_pitch_only,1.0,3,film,pitch_only,hubert,train_vi_full,5.477788619192685,0.6013696625744079,9895,0,train_vi_full__hubert__pitch_only,
full_length,ENS_representation_ptm_train_vi_full_ptm_mfbe_only__wav2vec2_wavlm_hubert__a50,ensemble,representation_ptm,train_vi_full__wav2vec2__mfbe_only | train_vi_full__wavlm__mfbe_only | train_vi_full__hubert__mfbe_only,"0.5000,0.3000,0.2000",ensemble,ensemble,ensemble,ensemble,multi,5.477788619192685,0.6087105591392957,9895,0,,Mode3_film_train_vi_full_wav2vec2_mfbe_only | Mode3_film_train_vi_full_wavlm_mfbe_only | Mode3_film_train_vi_full_hubert_mfbe_only
full_length,ENS_representation_hc_train_vi_full_hc_wavlm__mfcc_pitch_mfbe_pitch_mfcc_mfbe__a50,ensemble,representation_hc,train_vi_full__wavlm__mfcc_pitch | train_vi_full__wavlm__mfbe_pitch | train_vi_full__wavlm__mfcc_only | train_vi_full__wavlm__mfbe_only,"0.5000,0.2000,0.1500,0.1500",ensemble,ensemble,ensemble,ensemble,multi,5.477788619192685,0.6147092131646459,9895,0,,Mode3_film_train_vi_full_wavlm_mfcc_pitch | Mode3_film_train_vi_full_wavlm_mfbe_pitch | Mode3_film_train_vi_full_wavlm_mfcc_only | Mode3_film_train_vi_full_wavlm_mfbe_only
full_length,ENS_representation_hc_train_vi_full_hc_wav2vec2__mfcc_mfbe__a70,ensemble,representation_hc,train_vi_full__wav2vec2__mfcc_only | train_vi_full__wav2vec2__mfbe_only,"0.7000,0.3000",ensemble,ensemble,ensemble,ensemble,multi,5.477788619192685,0.6178131764793188,9895,0,,Mode3_film_train_vi_full_wav2vec2_mfcc_only | Mode3_film_train_vi_full_wav2vec2_mfbe_only
full_length,ENS_representation_hc_train_vi_full_hc_wavlm__mfcc_pitch_mfbe_pitch_pitch__a60,ensemble,representation_hc,train_vi_full__wavlm__mfcc_pitch | train_vi_full__wavlm__mfbe_pitch | train_vi_full__wavlm__pitch_only,"0.6000,0.2500,0.1500",ensemble,ensemble,ensemble,ensemble,multi,5.477788619192685,0.6194813749577799,9895,0,,Mode3_film_train_vi_full_wavlm_mfcc_pitch | Mode3_film_train_vi_full_wavlm_mfbe_pitch | Mode3_film_train_vi_full_wavlm_pitch_only
full_length,ENS_representation_hc_train_vi_full_hc_wav2vec2__mfcc_mfbe__a60,ensemble,representation_hc,train_vi_full__wav2vec2__mfcc_only | train_vi_full__wav2vec2__mfbe_only,"0.6000,0.4000",ensemble,ensemble,ensemble,ensemble,multi,5.477788619192685,0.6212611525613203,9895,0,,Mode3_film_train_vi_full_wav2vec2_mfcc_only | Mode3_film_train_vi_full_wav2vec2_mfbe_only
full_length,ENS_representation_hc_train_raw_hc_wavlm__mfcc_mfbe_pitch__a60,ensemble,representation_hc,train_raw__wavlm__mfcc_only | train_raw__wavlm__mfbe_only | train_raw__wavlm__pitch_only,"0.6000,0.2500,0.1500",ensemble,ensemble,ensemble,ensemble,multi,5.477788619192685,0.6230631581755108,9895,0,,Mode3_film_train_raw_wavlm_mfcc_only | Mode3_film_train_raw_wavlm_mfbe_only | Mode3_film_train_raw_wavlm_pitch_only
full_length,ENS_representation_hc_train_vi_full_hc_wav2vec2__mfbe_pitch__a60,ensemble,representation_hc,train_vi_full__wav2vec2__mfbe_only | train_vi_full__wav2vec2__pitch_only,"0.6000,0.4000",ensemble,ensemble,ensemble,ensemble,multi,5.477788619192685,0.6266629982216491,9895,0,,Mode3_film_train_vi_full_wav2vec2_mfbe_only | Mode3_film_train_vi_full_wav2vec2_pitch_only
full_length,ENS_representation_hc_train_vi_3s_hc_wav2vec2__mfcc_pitch_mfbe_pitch_mfcc__eq,ensemble,representation_hc,train_vi_3s__wav2vec2__mfcc_pitch | train_vi_3s__wav2vec2__mfbe_pitch | train_vi_3s__wav2vec2__mfcc_only,"0.3333,0.3333,0.3333",ensemble,ensemble,ensemble,ensemble,multi,5.477788619192685,0.6328028687196126,9895,0,,Mode3_film_train_vi_3s_wav2vec2_mfcc_pitch | Mode3_film_train_vi_3s_wav2vec2_mfbe_pitch | Mode3_film_train_vi_3s_wav2vec2_mfcc_only
full_length,ENS_representation_hc_train_vi_full_hc_hubert__mfbe_pitch__a60,ensemble,representation_hc,train_vi_full__hubert__mfbe_only | train_vi_full__hubert__pitch_only,"0.6000,0.4000",ensemble,ensemble,ensemble,ensemble,multi,5.477788619192685,0.6335515410487682,9895,0,,Mode3_film_train_vi_full_hubert_mfbe_only | Mode3_film_train_vi_full_hubert_pitch_only
full_length,ENS_representation_hc_train_vi_3s_hc_wav2vec2__mfbe_pitch_mfcc__eq,ensemble,representation_hc,train_vi_3s__wav2vec2__mfbe_pitch | train_vi_3s__wav2vec2__mfcc_only,"0.5000,0.5000",ensemble,ensemble,ensemble,ensemble,multi,5.477788619192685,0.6491922121393032,9895,0,,Mode3_film_train_vi_3s_wav2vec2_mfbe_pitch | Mode3_film_train_vi_3s_wav2vec2_mfcc_only
full_length,ENS_representation_ptm_train_vi_3s_ptm_mfcc_pitch__wav2vec2_wavlm_hubert__a50,ensemble,representation_ptm,train_vi_3s__wav2vec2__mfcc_pitch | train_vi_3s__wavlm__mfcc_pitch | train_vi_3s__hubert__mfcc_pitch,"0.5000,0.3000,0.2000",ensemble,ensemble,ensemble,ensemble,multi,5.477788619192685,0.6502052605852806,9895,0,,Mode3_film_train_vi_3s_wav2vec2_mfcc_pitch | Mode3_film_train_vi_3s_wavlm_mfcc_pitch | Mode3_film_train_vi_3s_hubert_mfcc_pitch
full_length,ENS_representation_hc_train_raw_hc_wavlm__mfcc_pitch_mfcc_mfbe__eq,ensemble,representation_hc,train_raw__wavlm__mfcc_pitch | train_raw__wavlm__mfcc_only | train_raw__wavlm__mfbe_only,"0.3333,0.3333,0.3333",ensemble,ensemble,ensemble,ensemble,multi,5.477788619192685,0.6673506856710112,9895,0,,Mode3_film_train_raw_wavlm_mfcc_pitch | Mode3_film_train_raw_wavlm_mfcc_only | Mode3_film_train_raw_wavlm_mfbe_only
full_length,ENS_representation_hc_train_vi_full_hc_wav2vec2__mfcc_pitch_mfbe_pitch_mfbe__a60,ensemble,representation_hc,train_vi_full__wav2vec2__mfcc_pitch | train_vi_full__wav2vec2__mfbe_pitch | train_vi_full__wav2vec2__mfbe_only,"0.6000,0.2500,0.1500",ensemble,ensemble,ensemble,ensemble,multi,5.477788619192685,0.6698726592944311,9895,0,,Mode3_film_train_vi_full_wav2vec2_mfcc_pitch_bdrop0p1 | Mode3_film_train_vi_full_wav2vec2_mfbe_pitch | Mode3_film_train_vi_full_wav2vec2_mfbe_only
full_length,ENS_representation_hc_train_vi_full_hc_wavlm__mfcc_pitch__eq,ensemble,representation_hc,train_vi_full__wavlm__mfcc_only | train_vi_full__wavlm__pitch_only,"0.5000,0.5000",ensemble,ensemble,ensemble,ensemble,multi,5.484500929569918,0.5930050700720196,9895,0,,Mode3_film_train_vi_full_wavlm_mfcc_only | Mode3_film_train_vi_full_wavlm_pitch_only
full_length,ENS_representation_hc_train_vi_3s_hc_wav2vec2__mfcc_pitch__a60,ensemble,representation_hc,train_vi_3s__wav2vec2__mfcc_only | train_vi_3s__wav2vec2__pitch_only,"0.6000,0.4000",ensemble,ensemble,ensemble,ensemble,multi,5.484500929569918,0.6167968898787022,9895,0,,Mode3_film_train_vi_3s_wav2vec2_mfcc_only | Mode3_film_train_vi_3s_wav2vec2_pitch_only
full_length,ENS_representation_hc_train_vi_full_hc_wav2vec2__mfbe_pitch__a70,ensemble,representation_hc,train_vi_full__wav2vec2__mfbe_only | train_vi_full__wav2vec2__pitch_only,"0.7000,0.3000",ensemble,ensemble,ensemble,ensemble,multi,5.484500929569918,0.630769362490776,9895,0,,Mode3_film_train_vi_full_wav2vec2_mfbe_only | Mode3_film_train_vi_full_wav2vec2_pitch_only
full_length,ENS_representation_hc_train_vi_3s_hc_wav2vec2__mfbe_pitch_mfcc_pitch__a50,ensemble,representation_hc,train_vi_3s__wav2vec2__mfbe_pitch | train_vi_3s__wav2vec2__mfcc_only | train_vi_3s__wav2vec2__pitch_only,"0.5000,0.3000,0.2000",ensemble,ensemble,ensemble,ensemble,multi,5.484500929569918,0.6392645239742545,9895,0,,Mode3_film_train_vi_3s_wav2vec2_mfbe_pitch | Mode3_film_train_vi_3s_wav2vec2_mfcc_only | Mode3_film_train_vi_3s_wav2vec2_pitch_only
full_length,ENS_representation_hc_train_vi_3s_hc_wav2vec2__mfbe_pitch_pitch__a60,ensemble,representation_hc,train_vi_3s__wav2vec2__mfbe_pitch | train_vi_3s__wav2vec2__pitch_only,"0.6000,0.4000",ensemble,ensemble,ensemble,ensemble,multi,5.484500929569918,0.6553246733003826,9895,0,,Mode3_film_train_vi_3s_wav2vec2_mfbe_pitch | Mode3_film_train_vi_3s_wav2vec2_pitch_only
full_length,ENS_representation_hc_train_vi_full_hc_wav2vec2__mfcc_pitch_mfbe_pitch_mfcc__eq,ensemble,representation_hc,train_vi_full__wav2vec2__mfcc_pitch | train_vi_full__wav2vec2__mfbe_pitch | train_vi_full__wav2vec2__mfcc_only,"0.3333,0.3333,0.3333",ensemble,ensemble,ensemble,ensemble,multi,5.484500929569918,0.6631646847513772,9895,0,,Mode3_film_train_vi_full_wav2vec2_mfcc_pitch_bdrop0p1 | Mode3_film_train_vi_full_wav2vec2_mfbe_pitch | Mode3_film_train_vi_full_wav2vec2_mfcc_only
full_length,ENS_representation_hc_train_raw_hc_wavlm__mfcc_pitch_mfbe__a70,ensemble,representation_hc,train_raw__wavlm__mfcc_pitch | train_raw__wavlm__mfbe_only,"0.7000,0.3000",ensemble,ensemble,ensemble,ensemble,multi,5.484500929569918,0.6891779884078455,9895,0,,Mode3_film_train_raw_wavlm_mfcc_pitch | Mode3_film_train_raw_wavlm_mfbe_only
full_length,ENS_representation_ptm_train_vi_3s_ptm_pitch_only__wavlm_hubert__a60,ensemble,representation_ptm,train_vi_3s__wavlm__pitch_only | train_vi_3s__hubert__pitch_only,"0.6000,0.4000",ensemble,ensemble,ensemble,ensemble,multi,5.511654777150748,0.5472086173990767,9895,0,,Mode3_film_train_vi_3s_wavlm_pitch_only | Mode3_film_train_vi_3s_hubert_pitch_only
full_length,ENS_representation_hc_train_raw_hc_hubert__mfcc_pitch_mfcc_mfbe__a60,ensemble,representation_hc,train_raw__hubert__mfcc_pitch | train_raw__hubert__mfcc_only | train_raw__hubert__mfbe_only,"0.6000,0.2500,0.1500",ensemble,ensemble,ensemble,ensemble,multi,5.511654777150748,0.5837464175856172,9895,0,,Mode3_film_train_raw_hubert_mfcc_pitch | Mode3_film_train_raw_hubert_mfcc_only | Mode3_film_train_raw_hubert_mfbe_only
full_length,ENS_representation_hc_train_vi_full_hc_wavlm__mfcc_pitch__a60,ensemble,representation_hc,train_vi_full__wavlm__mfcc_only | train_vi_full__wavlm__pitch_only,"0.6000,0.4000",ensemble,ensemble,ensemble,ensemble,multi,5.511654777150748,0.5885621023724481,9895,0,,Mode3_film_train_vi_full_wavlm_mfcc_only | Mode3_film_train_vi_full_wavlm_pitch_only
full_length,ENS_representation_hc_train_raw_hc_wav2vec2__mfbe_pitch__a70,ensemble,representation_hc,train_raw__wav2vec2__mfbe_only | train_raw__wav2vec2__pitch_only,"0.7000,0.3000",ensemble,ensemble,ensemble,ensemble,multi,5.511654777150748,0.6316847174578366,9895,0,,Mode3_film_train_raw_wav2vec2_mfbe_only | Mode3_film_train_raw_wav2vec2_pitch_only
full_length,ENS_representation_hc_train_raw_hc_wavlm__mfcc_mfbe_pitch__a50,ensemble,representation_hc,train_raw__wavlm__mfcc_only | train_raw__wavlm__mfbe_only | train_raw__wavlm__pitch_only,"0.5000,0.3000,0.2000",ensemble,ensemble,ensemble,ensemble,multi,5.511654777150748,0.6412470978725102,9895,0,,Mode3_film_train_raw_wavlm_mfcc_only | Mode3_film_train_raw_wavlm_mfbe_only | Mode3_film_train_raw_wavlm_pitch_only
full_length,ENS_representation_ptm_train_vi_5s_ptm_pitch_only__wav2vec2_hubert__a60,ensemble,representation_ptm,train_vi_5s__wav2vec2__pitch_only | train_vi_5s__hubert__pitch_only,"0.6000,0.4000",ensemble,ensemble,ensemble,ensemble,multi,5.518367087527981,0.5764309871860187,9895,0,,Mode3_film_train_vi_5s_wav2vec2_pitch_only | Mode3_film_train_vi_5s_hubert_pitch_only
full_length,ENS_representation_ptm_train_vi_5s_ptm_pitch_only__wav2vec2_hubert__eq,ensemble,representation_ptm,train_vi_5s__wav2vec2__pitch_only | train_vi_5s__hubert__pitch_only,"0.5000,0.5000",ensemble,ensemble,ensemble,ensemble,multi,5.518367087527981,0.5811415691570488,9895,0,,Mode3_film_train_vi_5s_wav2vec2_pitch_only | Mode3_film_train_vi_5s_hubert_pitch_only
full_length,ENS_representation_hc_train_raw_hc_hubert__mfcc_pitch__eq,ensemble,representation_hc,train_raw__hubert__mfcc_only | train_raw__hubert__pitch_only,"0.5000,0.5000",ensemble,ensemble,ensemble,ensemble,multi,5.518367087527981,0.5915757815450863,9895,0,,Mode3_film_train_raw_hubert_mfcc_only | Mode3_film_train_raw_hubert_pitch_only
full_length,ENS_representation_ptm_train_vi_3s_ptm_pitch_only__wav2vec2_wavlm__a60,ensemble,representation_ptm,train_vi_3s__wav2vec2__pitch_only | train_vi_3s__wavlm__pitch_only,"0.6000,0.4000",ensemble,ensemble,ensemble,ensemble,multi,5.518367087527981,0.5920100784544498,9895,0,,Mode3_film_train_vi_3s_wav2vec2_pitch_only | Mode3_film_train_vi_3s_wavlm_pitch_only
full_length,ENS_representation_hc_train_vi_full_hc_wavlm__mfcc_pitch__a70,ensemble,representation_hc,train_vi_full__wavlm__mfcc_only | train_vi_full__wavlm__pitch_only,"0.7000,0.3000",ensemble,ensemble,ensemble,ensemble,multi,5.518367087527981,0.5933342641655822,9895,0,,Mode3_film_train_vi_full_wavlm_mfcc_only | Mode3_film_train_vi_full_wavlm_pitch_only
full_length,ENS_representation_ptm_train_vi_full_ptm_mfbe_only__wav2vec2_wavlm__a60,ensemble,representation_ptm,train_vi_full__wav2vec2__mfbe_only | train_vi_full__wavlm__mfbe_only,"0.6000,0.4000",ensemble,ensemble,ensemble,ensemble,multi,5.518367087527981,0.5990940082394022,9895,0,,Mode3_film_train_vi_full_wav2vec2_mfbe_only | Mode3_film_train_vi_full_wavlm_mfbe_only
full_length,ENS_representation_ptm_train_vi_full_ptm_mfbe_only__wav2vec2_wavlm_hubert__eq,ensemble,representation_ptm,train_vi_full__wav2vec2__mfbe_only | train_vi_full__wavlm__mfbe_only | train_vi_full__hubert__mfbe_only,"0.3333,0.3333,0.3333",ensemble,ensemble,ensemble,ensemble,multi,5.518367087527981,0.6041157274755876,9895,0,,Mode3_film_train_vi_full_wav2vec2_mfbe_only | Mode3_film_train_vi_full_wavlm_mfbe_only | Mode3_film_train_vi_full_hubert_mfbe_only
full_length,ENS_representation_hc_train_vi_full_hc_wavlm__mfcc_pitch_mfbe_pitch_mfcc_pitch__eq,ensemble,representation_hc,train_vi_full__wavlm__mfcc_pitch | train_vi_full__wavlm__mfbe_pitch | train_vi_full__wavlm__mfcc_only | train_vi_full__wavlm__pitch_only,"0.2500,0.2500,0.2500,0.2500",ensemble,ensemble,ensemble,ensemble,multi,5.518367087527981,0.6066302917621234,9895,0,,Mode3_film_train_vi_full_wavlm_mfcc_pitch | Mode3_film_train_vi_full_wavlm_mfbe_pitch | Mode3_film_train_vi_full_wavlm_mfcc_only | Mode3_film_train_vi_full_wavlm_pitch_only
full_length,ENS_representation_hc_train_vi_3s_hc_wav2vec2__mfcc_pitch_mfcc_mfbe_pitch__a45,ensemble,representation_hc,train_vi_3s__wav2vec2__mfcc_pitch | train_vi_3s__wav2vec2__mfcc_only | train_vi_3s__wav2vec2__mfbe_only | train_vi_3s__wav2vec2__pitch_only,"0.4500,0.2500,0.1500,0.1500",ensemble,ensemble,ensemble,ensemble,multi,5.518367087527981,0.6126108889590681,9895,0,,Mode3_film_train_vi_3s_wav2vec2_mfcc_pitch | Mode3_film_train_vi_3s_wav2vec2_mfcc_only | Mode3_film_train_vi_3s_wav2vec2_mfbe_only | Mode3_film_train_vi_3s_wav2vec2_pitch_only
full_length,ENS_representation_hc_train_vi_full_hc_wavlm__mfcc_pitch_mfbe_pitch_pitch__a50,ensemble,representation_hc,train_vi_full__wavlm__mfcc_pitch | train_vi_full__wavlm__mfbe_pitch | train_vi_full__wavlm__pitch_only,"0.5000,0.3000,0.2000",ensemble,ensemble,ensemble,ensemble,multi,5.518367087527981,0.61377580136918,9895,0,,Mode3_film_train_vi_full_wavlm_mfcc_pitch | Mode3_film_train_vi_full_wavlm_mfbe_pitch | Mode3_film_train_vi_full_wavlm_pitch_only
full_length,ENS_representation_hc_train_vi_3s_hc_wav2vec2__mfcc_pitch_mfbe__a60,ensemble,representation_hc,train_vi_3s__wav2vec2__mfcc_pitch | train_vi_3s__wav2vec2__mfbe_only,"0.6000,0.4000",ensemble,ensemble,ensemble,ensemble,multi,5.518367087527981,0.6168765265292137,9895,0,,Mode3_film_train_vi_3s_wav2vec2_mfcc_pitch | Mode3_film_train_vi_3s_wav2vec2_mfbe_only
full_length,ENS_representation_ptm_train_vi_full_ptm_mfcc_pitch__wavlm_hubert__a60,ensemble,representation_ptm,train_vi_full__wavlm__mfcc_pitch | train_vi_full__hubert__mfcc_pitch,"0.6000,0.4000",ensemble,ensemble,ensemble,ensemble,multi,5.518367087527981,0.635888775205878,9895,0,,Mode3_film_train_vi_full_wavlm_mfcc_pitch | Mode3_film_train_vi_full_hubert_mfcc_pitch
full_length,ENS_representation_hc_train_raw_hc_hubert__mfbe_pitch_mfcc_mfbe__a50,ensemble,representation_hc,train_raw__hubert__mfbe_pitch | train_raw__hubert__mfcc_only | train_raw__hubert__mfbe_only,"0.5000,0.3000,0.2000",ensemble,ensemble,ensemble,ensemble,multi,5.518367087527981,0.6395501950741184,9895,0,,Mode3_film_train_raw_hubert_mfbe_pitch | Mode3_film_train_raw_hubert_mfcc_only | Mode3_film_train_raw_hubert_mfbe_only
full_length,Mode3_film_train_vi_full_wavlm_mfcc_pitch,single,single,Mode3_film_train_vi_full_wavlm_mfcc_pitch,1.0,3,film,mfcc_pitch,wavlm,train_vi_full,5.518367087527981,0.6396117748962223,9895,0,train_vi_full__wavlm__mfcc_pitch,
full_length,ENS_representation_hc_train_vi_full_hc_wav2vec2__mfbe_pitch_mfcc_pitch__eq,ensemble,representation_hc,train_vi_full__wav2vec2__mfbe_pitch | train_vi_full__wav2vec2__mfcc_only | train_vi_full__wav2vec2__pitch_only,"0.3333,0.3333,0.3333",ensemble,ensemble,ensemble,ensemble,multi,5.518367087527981,0.6468730348106008,9895,0,,Mode3_film_train_vi_full_wav2vec2_mfbe_pitch | Mode3_film_train_vi_full_wav2vec2_mfcc_only | Mode3_film_train_vi_full_wav2vec2_pitch_only
full_length,ENS_representation_hc_train_vi_3s_hc_wav2vec2__mfbe_pitch_pitch__eq,ensemble,representation_hc,train_vi_3s__wav2vec2__mfbe_pitch | train_vi_3s__wav2vec2__pitch_only,"0.5000,0.5000",ensemble,ensemble,ensemble,ensemble,multi,5.518367087527981,0.6493875990971366,9895,0,,Mode3_film_train_vi_3s_wav2vec2_mfbe_pitch | Mode3_film_train_vi_3s_wav2vec2_pitch_only
full_length,ENS_representation_hc_train_vi_3s_hc_wavlm__mfcc_pitch__eq,ensemble,representation_hc,train_vi_3s__wavlm__mfcc_only | train_vi_3s__wavlm__pitch_only,"0.5000,0.5000",ensemble,ensemble,ensemble,ensemble,multi,5.518367087527981,0.6522674711340477,9895,0,,Mode3_film_train_vi_3s_wavlm_mfcc_only | Mode3_film_train_vi_3s_wavlm_pitch_only
full_length,ENS_representation_hc_train_vi_full_hc_wav2vec2__mfbe_pitch_mfbe_pitch__eq,ensemble,representation_hc,train_vi_full__wav2vec2__mfbe_pitch | train_vi_full__wav2vec2__mfbe_only | train_vi_full__wav2vec2__pitch_only,"0.3333,0.3333,0.3333",ensemble,ensemble,ensemble,ensemble,multi,5.518367087527981,0.6630744006093444,9895,0,,Mode3_film_train_vi_full_wav2vec2_mfbe_pitch | Mode3_film_train_vi_full_wav2vec2_mfbe_only | Mode3_film_train_vi_full_wav2vec2_pitch_only
full_length,ENS_representation_hc_train_vi_full_hc_wav2vec2__mfcc_pitch_mfbe_pitch_mfcc__a50,ensemble,representation_hc,train_vi_full__wav2vec2__mfcc_pitch | train_vi_full__wav2vec2__mfbe_pitch | train_vi_full__wav2vec2__mfcc_only,"0.5000,0.3000,0.2000",ensemble,ensemble,ensemble,ensemble,multi,5.518367087527981,0.6666668313185966,9895,0,,Mode3_film_train_vi_full_wav2vec2_mfcc_pitch_bdrop0p1 | Mode3_film_train_vi_full_wav2vec2_mfbe_pitch | Mode3_film_train_vi_full_wav2vec2_mfcc_only
full_length,ENS_representation_hc_train_vi_full_hc_wav2vec2__mfcc_pitch_mfbe_pitch_pitch__eq,ensemble,representation_hc,train_vi_full__wav2vec2__mfcc_pitch | train_vi_full__wav2vec2__mfbe_pitch | train_vi_full__wav2vec2__pitch_only,"0.3333,0.3333,0.3333",ensemble,ensemble,ensemble,ensemble,multi,5.518367087527981,0.6671265943932514,9895,0,,Mode3_film_train_vi_full_wav2vec2_mfcc_pitch_bdrop0p1 | Mode3_film_train_vi_full_wav2vec2_mfbe_pitch | Mode3_film_train_vi_full_wav2vec2_pitch_only
full_length,ENS_representation_hc_train_vi_3s_hc_wav2vec2__mfbe_pitch_mfbe__a70,ensemble,representation_hc,train_vi_3s__wav2vec2__mfbe_pitch | train_vi_3s__wav2vec2__mfbe_only,"0.7000,0.3000",ensemble,ensemble,ensemble,ensemble,multi,5.518367087527981,0.6781034446610902,9895,0,,Mode3_film_train_vi_3s_wav2vec2_mfbe_pitch | Mode3_film_train_vi_3s_wav2vec2_mfbe_only
full_length,ENS_representation_hc_train_vi_full_hc_wavlm__mfcc_mfbe_pitch__a50,ensemble,representation_hc,train_vi_full__wavlm__mfcc_only | train_vi_full__wavlm__mfbe_only | train_vi_full__wavlm__pitch_only,"0.5000,0.3000,0.2000",ensemble,ensemble,ensemble,ensemble,multi,5.525079397905208,0.589264013553268,9895,0,,Mode3_film_train_vi_full_wavlm_mfcc_only | Mode3_film_train_vi_full_wavlm_mfbe_only | Mode3_film_train_vi_full_wavlm_pitch_only
full_length,ENS_representation_hc_train_vi_3s_hc_wav2vec2__mfcc_pitch_mfcc_mfbe__a50,ensemble,representation_hc,train_vi_3s__wav2vec2__mfcc_pitch | train_vi_3s__wav2vec2__mfcc_only | train_vi_3s__wav2vec2__mfbe_only,"0.5000,0.3000,0.2000",ensemble,ensemble,ensemble,ensemble,multi,5.525079397905208,0.6168149467071096,9895,0,,Mode3_film_train_vi_3s_wav2vec2_mfcc_pitch | Mode3_film_train_vi_3s_wav2vec2_mfcc_only | Mode3_film_train_vi_3s_wav2vec2_mfbe_only
full_length,ENS_representation_hc_train_vi_full_hc_wav2vec2__mfcc_pitch_mfbe_pitch_pitch__a60,ensemble,representation_hc,train_vi_full__wav2vec2__mfcc_pitch | train_vi_full__wav2vec2__mfbe_pitch | train_vi_full__wav2vec2__pitch_only,"0.6000,0.2500,0.1500",ensemble,ensemble,ensemble,ensemble,multi,5.525079397905208,0.6683892002822798,9895,0,,Mode3_film_train_vi_full_wav2vec2_mfcc_pitch_bdrop0p1 | Mode3_film_train_vi_full_wav2vec2_mfbe_pitch | Mode3_film_train_vi_full_wav2vec2_pitch_only
full_length,ENS_representation_hc_train_vi_full_hc_wavlm__mfcc_mfbe_pitch__eq,ensemble,representation_hc,train_vi_full__wavlm__mfcc_only | train_vi_full__wavlm__mfbe_only | train_vi_full__wavlm__pitch_only,"0.3333,0.3333,0.3333",ensemble,ensemble,ensemble,ensemble,multi,5.552233245486039,0.5831315523921886,9895,0,,Mode3_film_train_vi_full_wavlm_mfcc_only | Mode3_film_train_vi_full_wavlm_mfbe_only | Mode3_film_train_vi_full_wavlm_pitch_only
full_length,ENS_representation_hc_train_vi_full_hc_wavlm__mfcc_pitch_mfbe_pitch_pitch__eq,ensemble,representation_hc,train_vi_full__wavlm__mfcc_pitch | train_vi_full__wavlm__mfbe_pitch | train_vi_full__wavlm__pitch_only,"0.3333,0.3333,0.3333",ensemble,ensemble,ensemble,ensemble,multi,5.552233245486039,0.6060441308886254,9895,0,,Mode3_film_train_vi_full_wavlm_mfcc_pitch | Mode3_film_train_vi_full_wavlm_mfbe_pitch | Mode3_film_train_vi_full_wavlm_pitch_only
full_length,ENS_representation_hc_train_vi_3s_hc_wav2vec2__mfcc_pitch_mfbe_pitch__a50,ensemble,representation_hc,train_vi_3s__wav2vec2__mfcc_pitch | train_vi_3s__wav2vec2__mfbe_only | train_vi_3s__wav2vec2__pitch_only,"0.5000,0.3000,0.2000",ensemble,ensemble,ensemble,ensemble,multi,5.552233245486039,0.6126905256095775,9895,0,,Mode3_film_train_vi_3s_wav2vec2_mfcc_pitch | Mode3_film_train_vi_3s_wav2vec2_mfbe_only | Mode3_film_train_vi_3s_wav2vec2_pitch_only
full_length,ENS_representation_hc_train_vi_3s_hc_wav2vec2__mfcc_pitch_mfbe_pitch_mfcc_mfbe_pitch__a40,ensemble,representation_hc,train_vi_3s__wav2vec2__mfcc_pitch | train_vi_3s__wav2vec2__mfbe_pitch | train_vi_3s__wav2vec2__mfcc_only | train_vi_3s__wav2vec2__mfbe_only | train_vi_3s__wav2vec2__pitch_only,"0.4000,0.2500,0.1500,0.1000,0.1000",ensemble,ensemble,ensemble,ensemble,multi,5.552233245486039,0.6198540920450393,9895,0,,Mode3_film_train_vi_3s_wav2vec2_mfcc_pitch | Mode3_film_train_vi_3s_wav2vec2_mfbe_pitch | Mode3_film_train_vi_3s_wav2vec2_mfcc_only | Mode3_film_train_vi_3s_wav2vec2_mfbe_only | Mode3_film_train_vi_3s_wav2vec2_pitch_only
full_length,ENS_representation_ptm_train_vi_full_ptm_mfcc_pitch__wav2vec2_hubert__a70,ensemble,representation_ptm,train_vi_full__wav2vec2__mfcc_pitch | train_vi_full__hubert__mfcc_pitch,"0.7000,0.3000",ensemble,ensemble,ensemble,ensemble,multi,5.552233245486039,0.6298901211805281,9895,0,,Mode3_film_train_vi_full_wav2vec2_mfcc_pitch_bdrop0p1 | Mode3_film_train_vi_full_hubert_mfcc_pitch
full_length,ENS_representation_hc_train_raw_hc_wavlm__mfbe_pitch_mfbe_pitch__eq,ensemble,representation_hc,train_raw__wavlm__mfbe_pitch | train_raw__wavlm__mfbe_only | train_raw__wavlm__pitch_only,"0.3333,0.3333,0.3333",ensemble,ensemble,ensemble,ensemble,multi,5.552233245486039,0.6831432207256829,9895,0,,Mode3_film_train_raw_wavlm_mfbe_pitch | Mode3_film_train_raw_wavlm_mfbe_only | Mode3_film_train_raw_wavlm_pitch_only
full_length,ENS_representation_hc_train_raw_hc_hubert__mfcc_pitch_pitch__a60,ensemble,representation_hc,train_raw__hubert__mfcc_pitch | train_raw__hubert__pitch_only,"0.6000,0.4000",ensemble,ensemble,ensemble,ensemble,multi,5.558945555863271,0.5605407586524326,9895,0,,Mode3_film_train_raw_hubert_mfcc_pitch | Mode3_film_train_raw_hubert_pitch_only
full_length,ENS_representation_ptm_train_vi_full_ptm_pitch_only__wav2vec2_wavlm_hubert__a60,ensemble,representation_ptm,train_vi_full__wav2vec2__pitch_only | train_vi_full__wavlm__pitch_only | train_vi_full__hubert__pitch_only,"0.6000,0.2500,0.1500",ensemble,ensemble,ensemble,ensemble,multi,5.558945555863271,0.5955122250216712,9895,0,,Mode3_film_train_vi_full_wav2vec2_pitch_only | Mode3_film_train_vi_full_wavlm_pitch_only | Mode3_film_train_vi_full_hubert_pitch_only
full_length,ENS_representation_hc_train_vi_full_hc_wavlm__mfcc_pitch_mfcc_mfbe__eq,ensemble,representation_hc,train_vi_full__wavlm__mfcc_pitch | train_vi_full__wavlm__mfcc_only | train_vi_full__wavlm__mfbe_only,"0.3333,0.3333,0.3333",ensemble,ensemble,ensemble,ensemble,multi,5.558945555863271,0.6045861380417636,9895,0,,Mode3_film_train_vi_full_wavlm_mfcc_pitch | Mode3_film_train_vi_full_wavlm_mfcc_only | Mode3_film_train_vi_full_wavlm_mfbe_only
full_length,ENS_representation_hc_train_vi_3s_hc_wav2vec2__mfcc_pitch_mfcc_mfbe_pitch__a50,ensemble,representation_hc,train_vi_3s__wav2vec2__mfcc_pitch | train_vi_3s__wav2vec2__mfcc_only | train_vi_3s__wav2vec2__mfbe_only | train_vi_3s__wav2vec2__pitch_only,"0.5000,0.2000,0.1500,0.1500",ensemble,ensemble,ensemble,ensemble,multi,5.558945555863271,0.6120682510792669,9895,0,,Mode3_film_train_vi_3s_wav2vec2_mfcc_pitch | Mode3_film_train_vi_3s_wav2vec2_mfcc_only | Mode3_film_train_vi_3s_wav2vec2_mfbe_only | Mode3_film_train_vi_3s_wav2vec2_pitch_only
full_length,ENS_representation_hc_train_vi_3s_hc_wav2vec2__mfcc_pitch_mfcc__eq,ensemble,representation_hc,train_vi_3s__wav2vec2__mfcc_pitch | train_vi_3s__wav2vec2__mfcc_only,"0.5000,0.5000",ensemble,ensemble,ensemble,ensemble,multi,5.558945555863271,0.6135623575829413,9895,0,,Mode3_film_train_vi_3s_wav2vec2_mfcc_pitch | Mode3_film_train_vi_3s_wav2vec2_mfcc_only
full_length,ENS_representation_hc_train_raw_hc_hubert__mfcc_pitch_mfbe_pitch_mfbe_pitch__eq,ensemble,representation_hc,train_raw__hubert__mfcc_pitch | train_raw__hubert__mfbe_pitch | train_raw__hubert__mfbe_only | train_raw__hubert__pitch_only,"0.2500,0.2500,0.2500,0.2500",ensemble,ensemble,ensemble,ensemble,multi,5.558945555863271,0.6172705385995174,9895,0,,Mode3_film_train_raw_hubert_mfcc_pitch | Mode3_film_train_raw_hubert_mfbe_pitch | Mode3_film_train_raw_hubert_mfbe_only | Mode3_film_train_raw_hubert_pitch_only
full_length,ENS_representation_hc_train_vi_3s_hc_wav2vec2__mfcc_pitch_mfbe_pitch_mfbe_pitch__a50,ensemble,representation_hc,train_vi_3s__wav2vec2__mfcc_pitch | train_vi_3s__wav2vec2__mfbe_pitch | train_vi_3s__wav2vec2__mfbe_only | train_vi_3s__wav2vec2__pitch_only,"0.5000,0.2000,0.1500,0.1500",ensemble,ensemble,ensemble,ensemble,multi,5.558945555863271,0.6186456566412307,9895,0,,Mode3_film_train_vi_3s_wav2vec2_mfcc_pitch | Mode3_film_train_vi_3s_wav2vec2_mfbe_pitch | Mode3_film_train_vi_3s_wav2vec2_mfbe_only | Mode3_film_train_vi_3s_wav2vec2_pitch_only
full_length,ENS_representation_hc_train_vi_3s_hc_wav2vec2__mfcc_pitch_mfbe_pitch_mfbe_pitch__a45,ensemble,representation_hc,train_vi_3s__wav2vec2__mfcc_pitch | train_vi_3s__wav2vec2__mfbe_pitch | train_vi_3s__wav2vec2__mfbe_only | train_vi_3s__wav2vec2__pitch_only,"0.4500,0.2500,0.1500,0.1500",ensemble,ensemble,ensemble,ensemble,multi,5.558945555863271,0.6187252932917401,9895,0,,Mode3_film_train_vi_3s_wav2vec2_mfcc_pitch | Mode3_film_train_vi_3s_wav2vec2_mfbe_pitch | Mode3_film_train_vi_3s_wav2vec2_mfbe_only | Mode3_film_train_vi_3s_wav2vec2_pitch_only
full_length,ENS_representation_hc_train_vi_3s_hc_wav2vec2__mfcc_pitch_mfbe_pitch_mfcc_mfbe_pitch__a45,ensemble,representation_hc,train_vi_3s__wav2vec2__mfcc_pitch | train_vi_3s__wav2vec2__mfbe_pitch | train_vi_3s__wav2vec2__mfcc_only | train_vi_3s__wav2vec2__mfbe_only | train_vi_3s__wav2vec2__pitch_only,"0.4500,0.2000,0.1500,0.1000,0.1000",ensemble,ensemble,ensemble,ensemble,multi,5.558945555863271,0.6197563985661225,9895,0,,Mode3_film_train_vi_3s_wav2vec2_mfcc_pitch | Mode3_film_train_vi_3s_wav2vec2_mfbe_pitch | Mode3_film_train_vi_3s_wav2vec2_mfcc_only | Mode3_film_train_vi_3s_wav2vec2_mfbe_only | Mode3_film_train_vi_3s_wav2vec2_pitch_only
full_length,ENS_representation_hc_train_vi_3s_hc_wav2vec2__mfcc_pitch_mfbe_pitch_mfcc_mfbe__a45,ensemble,representation_hc,train_vi_3s__wav2vec2__mfcc_pitch | train_vi_3s__wav2vec2__mfbe_pitch | train_vi_3s__wav2vec2__mfcc_only | train_vi_3s__wav2vec2__mfbe_only,"0.4500,0.2500,0.1500,0.1500",ensemble,ensemble,ensemble,ensemble,multi,5.558945555863271,0.6229909308618856,9895,0,,Mode3_film_train_vi_3s_wav2vec2_mfcc_pitch | Mode3_film_train_vi_3s_wav2vec2_mfbe_pitch | Mode3_film_train_vi_3s_wav2vec2_mfcc_only | Mode3_film_train_vi_3s_wav2vec2_mfbe_only
full_length,ENS_representation_ptm_train_vi_full_ptm_mfcc_pitch__wav2vec2_hubert__a60,ensemble,representation_ptm,train_vi_full__wav2vec2__mfcc_pitch | train_vi_full__hubert__mfcc_pitch,"0.6000,0.4000",ensemble,ensemble,ensemble,ensemble,multi,5.558945555863271,0.6230557488386268,9895,0,,Mode3_film_train_vi_full_wav2vec2_mfcc_pitch_bdrop0p1 | Mode3_film_train_vi_full_hubert_mfcc_pitch
full_length,ENS_representation_hc_train_raw_hc_wavlm__mfcc_mfbe_pitch__eq,ensemble,representation_hc,train_raw__wavlm__mfcc_only | train_raw__wavlm__mfbe_only | train_raw__wavlm__pitch_only,"0.3333,0.3333,0.3333",ensemble,ensemble,ensemble,ensemble,multi,5.558945555863271,0.6445358006534931,9895,0,,Mode3_film_train_raw_wavlm_mfcc_only | Mode3_film_train_raw_wavlm_mfbe_only | Mode3_film_train_raw_wavlm_pitch_only
full_length,ENS_representation_hc_train_raw_hc_hubert__mfbe_pitch_mfbe_pitch__a60,ensemble,representation_hc,train_raw__hubert__mfbe_pitch | train_raw__hubert__mfbe_only | train_raw__hubert__pitch_only,"0.6000,0.2500,0.1500",ensemble,ensemble,ensemble,ensemble,multi,5.558945555863271,0.661225633846816,9895,0,,Mode3_film_train_raw_hubert_mfbe_pitch | Mode3_film_train_raw_hubert_mfbe_only | Mode3_film_train_raw_hubert_pitch_only
full_length,ENS_representation_hc_train_vi_full_hc_wav2vec2__mfcc_pitch_mfbe_pitch_pitch__a50,ensemble,representation_hc,train_vi_full__wav2vec2__mfcc_pitch | train_vi_full__wav2vec2__mfbe_pitch | train_vi_full__wav2vec2__pitch_only,"0.5000,0.3000,0.2000",ensemble,ensemble,ensemble,ensemble,multi,5.558945555863271,0.6662112394261908,9895,0,,Mode3_film_train_vi_full_wav2vec2_mfcc_pitch_bdrop0p1 | Mode3_film_train_vi_full_wav2vec2_mfbe_pitch | Mode3_film_train_vi_full_wav2vec2_pitch_only
full_length,ENS_representation_hc_train_vi_full_hc_wav2vec2__mfcc_pitch_mfbe_pitch_mfcc__a60,ensemble,representation_hc,train_vi_full__wav2vec2__mfcc_pitch | train_vi_full__wav2vec2__mfbe_pitch | train_vi_full__wav2vec2__mfcc_only,"0.6000,0.2500,0.1500",ensemble,ensemble,ensemble,ensemble,multi,5.558945555863271,0.6664714443607652,9895,0,,Mode3_film_train_vi_full_wav2vec2_mfcc_pitch_bdrop0p1 | Mode3_film_train_vi_full_wav2vec2_mfbe_pitch | Mode3_film_train_vi_full_wav2vec2_mfcc_only
full_length,ENS_representation_ptm_train_vi_3s_ptm_mfcc_only__wav2vec2_hubert__eq,ensemble,representation_ptm,train_vi_3s__wav2vec2__mfcc_only | train_vi_3s__hubert__mfcc_only,"0.5000,0.5000",ensemble,ensemble,ensemble,ensemble,multi,5.558945555863271,0.6786534918777755,9895,0,,Mode3_film_train_vi_3s_wav2vec2_mfcc_only | Mode3_film_train_vi_3s_hubert_mfcc_only
full_length,ENS_representation_hc_train_raw_hc_wavlm__mfcc_pitch_mfbe_pitch_mfbe__eq,ensemble,representation_hc,train_raw__wavlm__mfcc_pitch | train_raw__wavlm__mfbe_pitch | train_raw__wavlm__mfbe_only,"0.3333,0.3333,0.3333",ensemble,ensemble,ensemble,ensemble,multi,5.558945555863271,0.7020471284319093,9895,0,,Mode3_film_train_raw_wavlm_mfcc_pitch | Mode3_film_train_raw_wavlm_mfbe_pitch | Mode3_film_train_raw_wavlm_mfbe_only
full_length,ENS_representation_hc_train_vi_full_hc_wavlm__mfcc_pitch_mfbe_pitch_mfcc__a60,ensemble,representation_hc,train_vi_full__wavlm__mfcc_pitch | train_vi_full__wavlm__mfbe_pitch | train_vi_full__wavlm__mfcc_only,"0.6000,0.2500,0.1500",ensemble,ensemble,ensemble,ensemble,multi,5.565657866240504,0.6301651447888708,9895,0,,Mode3_film_train_vi_full_wavlm_mfcc_pitch | Mode3_film_train_vi_full_wavlm_mfbe_pitch | Mode3_film_train_vi_full_wavlm_mfcc_only
full_length,ENS_representation_ptm_train_vi_full_ptm_mfbe_only__wav2vec2_wavlm__eq,ensemble,representation_ptm,train_vi_full__wav2vec2__mfbe_only | train_vi_full__wavlm__mfbe_only,"0.5000,0.5000",ensemble,ensemble,ensemble,ensemble,multi,5.592811713821335,0.5962321930308986,9895,0,,Mode3_film_train_vi_full_wav2vec2_mfbe_only | Mode3_film_train_vi_full_wavlm_mfbe_only
full_length,ENS_representation_hc_train_vi_full_hc_wavlm__mfcc_pitch_mfbe_pitch_mfbe_pitch__a45,ensemble,representation_hc,train_vi_full__wavlm__mfcc_pitch | train_vi_full__wavlm__mfbe_pitch | train_vi_full__wavlm__mfbe_only | train_vi_full__wavlm__pitch_only,"0.4500,0.2500,0.1500,0.1500",ensemble,ensemble,ensemble,ensemble,multi,5.592811713821335,0.6078567839943392,9895,0,,Mode3_film_train_vi_full_wavlm_mfcc_pitch | Mode3_film_train_vi_full_wavlm_mfbe_pitch | Mode3_film_train_vi_full_wavlm_mfbe_only | Mode3_film_train_vi_full_wavlm_pitch_only
full_length,ENS_representation_ptm_train_vi_3s_ptm_pitch_only__wav2vec2_wavlm__a70,ensemble,representation_ptm,train_vi_3s__wav2vec2__pitch_only | train_vi_3s__wavlm__pitch_only,"0.7000,0.3000",ensemble,ensemble,ensemble,ensemble,multi,5.592811713821335,0.6119631482634661,9895,0,,Mode3_film_train_vi_3s_wav2vec2_pitch_only | Mode3_film_train_vi_3s_wavlm_pitch_only
full_length,ENS_representation_hc_train_vi_3s_hc_wav2vec2__mfcc_pitch_mfbe_pitch_mfcc_mfbe__a50,ensemble,representation_hc,train_vi_3s__wav2vec2__mfcc_pitch | train_vi_3s__wav2vec2__mfbe_pitch | train_vi_3s__wav2vec2__mfcc_only | train_vi_3s__wav2vec2__mfbe_only,"0.5000,0.2000,0.1500,0.1500",ensemble,ensemble,ensemble,ensemble,multi,5.592811713821335,0.6211421640993592,9895,0,,Mode3_film_train_vi_3s_wav2vec2_mfcc_pitch | Mode3_film_train_vi_3s_wav2vec2_mfbe_pitch | Mode3_film_train_vi_3s_wav2vec2_mfcc_only | Mode3_film_train_vi_3s_wav2vec2_mfbe_only
full_length,ENS_representation_hc_train_vi_full_hc_wavlm__mfcc_pitch_mfbe_pitch_mfcc__a50,ensemble,representation_hc,train_vi_full__wavlm__mfcc_pitch | train_vi_full__wavlm__mfbe_pitch | train_vi_full__wavlm__mfcc_only,"0.5000,0.3000,0.2000",ensemble,ensemble,ensemble,ensemble,multi,5.592811713821335,0.6294451767796435,9895,0,,Mode3_film_train_vi_full_wavlm_mfcc_pitch | Mode3_film_train_vi_full_wavlm_mfbe_pitch | Mode3_film_train_vi_full_wavlm_mfcc_only
full_length,ENS_representation_hc_train_vi_3s_hc_wav2vec2__mfbe_pitch_mfcc_pitch__a60,ensemble,representation_hc,train_vi_3s__wav2vec2__mfbe_pitch | train_vi_3s__wav2vec2__mfcc_only | train_vi_3s__wav2vec2__pitch_only,"0.6000,0.2500,0.1500",ensemble,ensemble,ensemble,ensemble,multi,5.592811713821335,0.6477522761208488,9895,0,,Mode3_film_train_vi_3s_wav2vec2_mfbe_pitch | Mode3_film_train_vi_3s_wav2vec2_mfcc_only | Mode3_film_train_vi_3s_wav2vec2_pitch_only
full_length,ENS_representation_hc_train_vi_3s_hc_wavlm__mfcc_pitch_pitch__a60,ensemble,representation_hc,train_vi_3s__wavlm__mfcc_pitch | train_vi_3s__wavlm__pitch_only,"0.6000,0.4000",ensemble,ensemble,ensemble,ensemble,multi,5.592811713821335,0.6493621329318452,9895,0,,Mode3_film_train_vi_3s_wavlm_mfcc_pitch | Mode3_film_train_vi_3s_wavlm_pitch_only
full_length,ENS_representation_hc_train_vi_3s_hc_wav2vec2__mfbe_pitch_pitch__a70,ensemble,representation_hc,train_vi_3s__wav2vec2__mfbe_pitch | train_vi_3s__wav2vec2__pitch_only,"0.7000,0.3000",ensemble,ensemble,ensemble,ensemble,multi,5.592811713821335,0.6743804449707458,9895,0,,Mode3_film_train_vi_3s_wav2vec2_mfbe_pitch | Mode3_film_train_vi_3s_wav2vec2_pitch_only
full_length,ENS_representation_ptm_train_vi_5s_ptm_pitch_only__wav2vec2_hubert__a70,ensemble,representation_ptm,train_vi_5s__wav2vec2__pitch_only | train_vi_5s__hubert__pitch_only,"0.7000,0.3000",ensemble,ensemble,ensemble,ensemble,multi,5.599524024198567,0.5752225517822082,9895,0,,Mode3_film_train_vi_5s_wav2vec2_pitch_only | Mode3_film_train_vi_5s_hubert_pitch_only
full_length,ENS_representation_ptm_train_vi_3s_ptm_pitch_only__wav2vec2_hubert__a60,ensemble,representation_ptm,train_vi_3s__wav2vec2__pitch_only | train_vi_3s__hubert__pitch_only,"0.6000,0.4000",ensemble,ensemble,ensemble,ensemble,multi,5.599524024198567,0.5878347250263367,9895,0,,Mode3_film_train_vi_3s_wav2vec2_pitch_only | Mode3_film_train_vi_3s_hubert_pitch_only
full_length,ENS_representation_hc_train_vi_full_hc_wavlm__mfcc_mfbe_pitch__a60,ensemble,representation_hc,train_vi_full__wavlm__mfcc_only | train_vi_full__wavlm__mfbe_only | train_vi_full__wavlm__pitch_only,"0.6000,0.2500,0.1500",ensemble,ensemble,ensemble,ensemble,multi,5.599524024198567,0.5933162073371748,9895,0,,Mode3_film_train_vi_full_wavlm_mfcc_only | Mode3_film_train_vi_full_wavlm_mfbe_only | Mode3_film_train_vi_full_wavlm_pitch_only
full_length,ENS_representation_hc_train_vi_full_hc_wavlm__mfcc_pitch_mfbe_pitch_mfcc_mfbe_pitch__eq,ensemble,representation_hc,train_vi_full__wavlm__mfcc_pitch | train_vi_full__wavlm__mfbe_pitch | train_vi_full__wavlm__mfcc_only | train_vi_full__wavlm__mfbe_only | train_vi_full__wavlm__pitch_only,"0.2000,0.2000,0.2000,0.2000,0.2000",ensemble,ensemble,ensemble,ensemble,multi,5.599524024198567,0.6000709430285668,9895,0,,Mode3_film_train_vi_full_wavlm_mfcc_pitch | Mode3_film_train_vi_full_wavlm_mfbe_pitch | Mode3_film_train_vi_full_wavlm_mfcc_only | Mode3_film_train_vi_full_wavlm_mfbe_only | Mode3_film_train_vi_full_wavlm_pitch_only
full_length,ENS_representation_ptm_train_vi_3s_ptm_pitch_only__wav2vec2_hubert__a70,ensemble,representation_ptm,train_vi_3s__wav2vec2__pitch_only | train_vi_3s__hubert__pitch_only,"0.7000,0.3000",ensemble,ensemble,ensemble,ensemble,multi,5.599524024198567,0.6012103892733872,9895,0,,Mode3_film_train_vi_3s_wav2vec2_pitch_only | Mode3_film_train_vi_3s_hubert_pitch_only
full_length,ENS_representation_hc_train_vi_full_hc_wavlm__mfcc_pitch_mfbe_pitch_mfcc_mfbe_pitch__a40,ensemble,representation_hc,train_vi_full__wavlm__mfcc_pitch | train_vi_full__wavlm__mfbe_pitch | train_vi_full__wavlm__mfcc_only | train_vi_full__wavlm__mfbe_only | train_vi_full__wavlm__pitch_only,"0.4000,0.2500,0.1500,0.1000,0.1000",ensemble,ensemble,ensemble,ensemble,multi,5.599524024198567,0.6054037995299075,9895,0,,Mode3_film_train_vi_full_wavlm_mfcc_pitch | Mode3_film_train_vi_full_wavlm_mfbe_pitch | Mode3_film_train_vi_full_wavlm_mfcc_only | Mode3_film_train_vi_full_wavlm_mfbe_only | Mode3_film_train_vi_full_wavlm_pitch_only
full_length,ENS_representation_ptm_train_vi_full_ptm_mfcc_only__wav2vec2_hubert__a60,ensemble,representation_ptm,train_vi_full__wav2vec2__mfcc_only | train_vi_full__hubert__mfcc_only,"0.6000,0.4000",ensemble,ensemble,ensemble,ensemble,multi,5.599524024198567,0.6079290113079644,9895,0,,Mode3_film_train_vi_full_wav2vec2_mfcc_only | Mode3_film_train_vi_full_hubert_mfcc_only
full_length,Mode3_film_train_raw_hubert_mfcc_only,single,single,Mode3_film_train_raw_hubert_mfcc_only,1.0,3,film,mfcc_only,hubert,train_raw,5.599524024198567,0.6084790585246498,9895,0,train_raw__hubert__mfcc_only,
full_length,ENS_representation_hc_train_vi_full_hc_wavlm__mfcc_pitch_mfbe_pitch_mfbe__a60,ensemble,representation_hc,train_vi_full__wavlm__mfcc_pitch | train_vi_full__wavlm__mfbe_pitch | train_vi_full__wavlm__mfbe_only,"0.6000,0.2500,0.1500",ensemble,ensemble,ensemble,ensemble,multi,5.599524024198567,0.6188155774337726,9895,0,,Mode3_film_train_vi_full_wavlm_mfcc_pitch | Mode3_film_train_vi_full_wavlm_mfbe_pitch | Mode3_film_train_vi_full_wavlm_mfbe_only
full_length,ENS_representation_hc_train_vi_3s_hc_wav2vec2__mfcc_pitch__eq,ensemble,representation_hc,train_vi_3s__wav2vec2__mfcc_only | train_vi_3s__wav2vec2__pitch_only,"0.5000,0.5000",ensemble,ensemble,ensemble,ensemble,multi,5.599524024198567,0.6199517855239559,9895,0,,Mode3_film_train_vi_3s_wav2vec2_mfcc_only | Mode3_film_train_vi_3s_wav2vec2_pitch_only
full_length,ENS_representation_hc_train_vi_full_hc_wav2vec2__mfbe_pitch__eq,ensemble,representation_hc,train_vi_full__wav2vec2__mfbe_only | train_vi_full__wav2vec2__pitch_only,"0.5000,0.5000",ensemble,ensemble,ensemble,ensemble,multi,5.599524024198567,0.6214458920276303,9895,0,,Mode3_film_train_vi_full_wav2vec2_mfbe_only | Mode3_film_train_vi_full_wav2vec2_pitch_only
full_length,ENS_representation_hc_train_vi_3s_hc_wav2vec2__mfcc_pitch_mfbe_pitch_pitch__eq,ensemble,representation_hc,train_vi_3s__wav2vec2__mfcc_pitch | train_vi_3s__wav2vec2__mfbe_pitch | train_vi_3s__wav2vec2__pitch_only,"0.3333,0.3333,0.3333",ensemble,ensemble,ensemble,ensemble,multi,5.599524024198567,0.6288483684146223,9895,0,,Mode3_film_train_vi_3s_wav2vec2_mfcc_pitch | Mode3_film_train_vi_3s_wav2vec2_mfbe_pitch | Mode3_film_train_vi_3s_wav2vec2_pitch_only
full_length,ENS_representation_hc_train_vi_full_hc_hubert__mfbe_pitch__a70,ensemble,representation_hc,train_vi_full__hubert__mfbe_only | train_vi_full__hubert__pitch_only,"0.7000,0.3000",ensemble,ensemble,ensemble,ensemble,multi,5.599524024198567,0.6433018990843933,9895,0,,Mode3_film_train_vi_full_hubert_mfbe_only | Mode3_film_train_vi_full_hubert_pitch_only
full_length,ENS_representation_hc_train_vi_full_hc_wav2vec2__mfbe_pitch_mfcc_mfbe__eq,ensemble,representation_hc,train_vi_full__wav2vec2__mfbe_pitch | train_vi_full__wav2vec2__mfcc_only | train_vi_full__wav2vec2__mfbe_only,"0.3333,0.3333,0.3333",ensemble,ensemble,ensemble,ensemble,multi,5.599524024198567,0.6638665959321971,9895,0,,Mode3_film_train_vi_full_wav2vec2_mfbe_pitch | Mode3_film_train_vi_full_wav2vec2_mfcc_only | Mode3_film_train_vi_full_wav2vec2_mfbe_only
full_length,ENS_representation_ptm_train_vi_3s_ptm_mfbe_only__wav2vec2_hubert__a60,ensemble,representation_ptm,train_vi_3s__wav2vec2__mfbe_only | train_vi_3s__hubert__mfbe_only,"0.6000,0.4000",ensemble,ensemble,ensemble,ensemble,multi,5.599524024198567,0.6989464032718757,9895,0,,Mode3_film_train_vi_3s_wav2vec2_mfbe_only | Mode3_film_train_vi_3s_hubert_mfbe_only
full_length,ENS_representation_hc_train_raw_hc_hubert__mfcc_pitch_mfcc_mfbe_pitch__eq,ensemble,representation_hc,train_raw__hubert__mfcc_pitch | train_raw__hubert__mfcc_only | train_raw__hubert__mfbe_only | train_raw__hubert__pitch_only,"0.2500,0.2500,0.2500,0.2500",ensemble,ensemble,ensemble,ensemble,multi,5.6062363345758,0.6091916171969951,9895,0,,Mode3_film_train_raw_hubert_mfcc_pitch | Mode3_film_train_raw_hubert_mfcc_only | Mode3_film_train_raw_hubert_mfbe_only | Mode3_film_train_raw_hubert_pitch_only
full_length,ENS_representation_hc_train_vi_full_hc_wavlm__mfcc_pitch_mfbe_pitch_mfcc_mfbe__a45,ensemble,representation_hc,train_vi_full__wavlm__mfcc_pitch | train_vi_full__wavlm__mfbe_pitch | train_vi_full__wavlm__mfcc_only | train_vi_full__wavlm__mfbe_only,"0.4500,0.2500,0.1500,0.1500",ensemble,ensemble,ensemble,ensemble,multi,5.6062363345758,0.6170464473217555,9895,0,,Mode3_film_train_vi_full_wavlm_mfcc_pitch | Mode3_film_train_vi_full_wavlm_mfbe_pitch | Mode3_film_train_vi_full_wavlm_mfcc_only | Mode3_film_train_vi_full_wavlm_mfbe_only
full_length,Mode3_film_train_vi_full_wav2vec2_mfcc_pitch_bdrop0p1,single,single,Mode3_film_train_vi_full_wav2vec2_mfcc_pitch_bdrop0p1,1.0,3,film,mfcc_pitch,wav2vec2,train_vi_full,5.6062363345758,0.6345465326663403,9895,0,train_vi_full__wav2vec2__mfcc_pitch,
full_length,ENS_representation_ptm_train_vi_full_ptm_mfcc_pitch__wavlm_hubert__eq,ensemble,representation_ptm,train_vi_full__wavlm__mfcc_pitch | train_vi_full__hubert__mfcc_pitch,"0.5000,0.5000",ensemble,ensemble,ensemble,ensemble,multi,5.6062363345758,0.6379509857546453,9895,0,,Mode3_film_train_vi_full_wavlm_mfcc_pitch | Mode3_film_train_vi_full_hubert_mfcc_pitch
full_length,ENS_representation_hc_train_raw_hc_hubert__mfcc_pitch_mfbe_pitch__a60,ensemble,representation_hc,train_raw__hubert__mfcc_pitch | train_raw__hubert__mfbe_only | train_raw__hubert__pitch_only,"0.6000,0.2500,0.1500",ensemble,ensemble,ensemble,ensemble,multi,5.633390182156624,0.5930337743919482,9895,0,,Mode3_film_train_raw_hubert_mfcc_pitch | Mode3_film_train_raw_hubert_mfbe_only | Mode3_film_train_raw_hubert_pitch_only
full_length,ENS_representation_hc_train_vi_3s_hc_wav2vec2__mfcc_pitch_mfbe_pitch_mfcc_pitch__a45,ensemble,representation_hc,train_vi_3s__wav2vec2__mfcc_pitch | train_vi_3s__wav2vec2__mfbe_pitch | train_vi_3s__wav2vec2__mfcc_only | train_vi_3s__wav2vec2__pitch_only,"0.4500,0.2500,0.1500,0.1500",ensemble,ensemble,ensemble,ensemble,multi,5.633390182156624,0.6144415988931872,9895,0,,Mode3_film_train_vi_3s_wav2vec2_mfcc_pitch | Mode3_film_train_vi_3s_wav2vec2_mfbe_pitch | Mode3_film_train_vi_3s_wav2vec2_mfcc_only | Mode3_film_train_vi_3s_wav2vec2_pitch_only
full_length,ENS_representation_hc_train_vi_full_hc_wav2vec2__mfcc_pitch_mfbe_pitch__a70,ensemble,representation_hc,train_vi_full__wav2vec2__mfcc_pitch | train_vi_full__wav2vec2__mfbe_pitch,"0.7000,0.3000",ensemble,ensemble,ensemble,ensemble,multi,5.633390182156624,0.6798980409383966,9895,0,,Mode3_film_train_vi_full_wav2vec2_mfcc_pitch_bdrop0p1 | Mode3_film_train_vi_full_wav2vec2_mfbe_pitch
full_length,ENS_representation_hc_train_raw_hc_hubert__mfcc_pitch_pitch__a70,ensemble,representation_hc,train_raw__hubert__mfcc_pitch | train_raw__hubert__pitch_only,"0.7000,0.3000",ensemble,ensemble,ensemble,ensemble,multi,5.640102492533857,0.556452451211713,9895,0,,Mode3_film_train_raw_hubert_mfcc_pitch | Mode3_film_train_raw_hubert_pitch_only
full_length,ENS_representation_ptm_train_vi_3s_ptm_pitch_only__wav2vec2_hubert__eq,ensemble,representation_ptm,train_vi_3s__wav2vec2__pitch_only | train_vi_3s__hubert__pitch_only,"0.5000,0.5000",ensemble,ensemble,ensemble,ensemble,multi,5.640102492533857,0.5805734651119583,9895,0,,Mode3_film_train_vi_3s_wav2vec2_pitch_only | Mode3_film_train_vi_3s_hubert_pitch_only
full_length,ENS_representation_hc_train_vi_full_hc_wavlm__mfcc_pitch_mfbe_pitch_mfbe_pitch__eq,ensemble,representation_hc,train_vi_full__wavlm__mfcc_pitch | train_vi_full__wavlm__mfbe_pitch | train_vi_full__wavlm__mfbe_only | train_vi_full__wavlm__pitch_only,"0.2500,0.2500,0.2500,0.2500",ensemble,ensemble,ensemble,ensemble,multi,5.640102492533857,0.5982402330944456,9895,0,,Mode3_film_train_vi_full_wavlm_mfcc_pitch | Mode3_film_train_vi_full_wavlm_mfbe_pitch | Mode3_film_train_vi_full_wavlm_mfbe_only | Mode3_film_train_vi_full_wavlm_pitch_only
full_length,ENS_representation_hc_train_vi_3s_hc_wav2vec2__mfcc_pitch_mfcc_pitch__a50,ensemble,representation_hc,train_vi_3s__wav2vec2__mfcc_pitch | train_vi_3s__wav2vec2__mfcc_only | train_vi_3s__wav2vec2__pitch_only,"0.5000,0.3000,0.2000",ensemble,ensemble,ensemble,ensemble,multi,5.640102492533857,0.610371348280875,9895,0,,Mode3_film_train_vi_3s_wav2vec2_mfcc_pitch | Mode3_film_train_vi_3s_wav2vec2_mfcc_only | Mode3_film_train_vi_3s_wav2vec2_pitch_only
full_length,ENS_representation_hc_train_vi_3s_hc_wav2vec2__mfcc_pitch_mfcc_mfbe__a60,ensemble,representation_hc,train_vi_3s__wav2vec2__mfcc_pitch | train_vi_3s__wav2vec2__mfcc_only | train_vi_3s__wav2vec2__mfbe_only,"0.6000,0.2500,0.1500",ensemble,ensemble,ensemble,ensemble,multi,5.640102492533857,0.6108959293322689,9895,0,,Mode3_film_train_vi_3s_wav2vec2_mfcc_pitch | Mode3_film_train_vi_3s_wav2vec2_mfcc_only | Mode3_film_train_vi_3s_wav2vec2_mfbe_only
full_length,ENS_representation_hc_train_vi_3s_hc_wav2vec2__mfcc_pitch_mfbe_pitch__a60,ensemble,representation_hc,train_vi_3s__wav2vec2__mfcc_pitch | train_vi_3s__wav2vec2__mfbe_only | train_vi_3s__wav2vec2__pitch_only,"0.6000,0.2500,0.1500",ensemble,ensemble,ensemble,ensemble,multi,5.640102492533857,0.6137035740555546,9895,0,,Mode3_film_train_vi_3s_wav2vec2_mfcc_pitch | Mode3_film_train_vi_3s_wav2vec2_mfbe_only | Mode3_film_train_vi_3s_wav2vec2_pitch_only
full_length,ENS_representation_ptm_train_vi_full_ptm_mfcc_pitch__wav2vec2_hubert__eq,ensemble,representation_ptm,train_vi_full__wav2vec2__mfcc_pitch | train_vi_full__hubert__mfcc_pitch,"0.5000,0.5000",ensemble,ensemble,ensemble,ensemble,multi,5.640102492533857,0.6202119904585305,9895,0,,Mode3_film_train_vi_full_wav2vec2_mfcc_pitch_bdrop0p1 | Mode3_film_train_vi_full_hubert_mfcc_pitch
full_length,ENS_representation_hc_train_vi_3s_hc_wav2vec2__mfcc_pitch_mfbe_pitch_pitch__a50,ensemble,representation_hc,train_vi_3s__wav2vec2__mfcc_pitch | train_vi_3s__wav2vec2__mfbe_pitch | train_vi_3s__wav2vec2__pitch_only,"0.5000,0.3000,0.2000",ensemble,ensemble,ensemble,ensemble,multi,5.640102492533857,0.6227955439040522,9895,0,,Mode3_film_train_vi_3s_wav2vec2_mfcc_pitch | Mode3_film_train_vi_3s_wav2vec2_mfbe_pitch | Mode3_film_train_vi_3s_wav2vec2_pitch_only
full_length,ENS_representation_hc_train_vi_3s_hc_wav2vec2__mfcc_pitch_mfbe_pitch_mfbe__a50,ensemble,representation_hc,train_vi_3s__wav2vec2__mfcc_pitch | train_vi_3s__wav2vec2__mfbe_pitch | train_vi_3s__wav2vec2__mfbe_only,"0.5000,0.3000,0.2000",ensemble,ensemble,ensemble,ensemble,multi,5.640102492533857,0.6257550525914726,9895,0,,Mode3_film_train_vi_3s_wav2vec2_mfcc_pitch | Mode3_film_train_vi_3s_wav2vec2_mfbe_pitch | Mode3_film_train_vi_3s_wav2vec2_mfbe_only
full_length,ENS_representation_hc_train_vi_full_hc_hubert__mfcc_pitch_mfbe_pitch__eq,ensemble,representation_hc,train_vi_full__hubert__mfcc_pitch | train_vi_full__hubert__mfbe_only | train_vi_full__hubert__pitch_only,"0.3333,0.3333,0.3333",ensemble,ensemble,ensemble,ensemble,multi,5.640102492533857,0.6268509758425984,9895,0,,Mode3_film_train_vi_full_hubert_mfcc_pitch | Mode3_film_train_vi_full_hubert_mfbe_only | Mode3_film_train_vi_full_hubert_pitch_only
full_length,ENS_representation_hc_train_vi_full_hc_wavlm__mfcc_pitch_mfbe_pitch__a70,ensemble,representation_hc,train_vi_full__wavlm__mfcc_pitch | train_vi_full__wavlm__mfbe_pitch,"0.7000,0.3000",ensemble,ensemble,ensemble,ensemble,multi,5.640102492533857,0.6296766773942893,9895,0,,Mode3_film_train_vi_full_wavlm_mfcc_pitch | Mode3_film_train_vi_full_wavlm_mfbe_pitch
full_length,Mode3_film_train_vi_full_wav2vec2_mfbe_only,single,single,Mode3_film_train_vi_full_wav2vec2_mfbe_only,1.0,3,film,mfbe_only,wav2vec2,train_vi_full,5.640102492533857,0.652401278269777,9895,0,train_vi_full__wav2vec2__mfbe_only,
full_length,ENS_representation_hc_train_vi_3s_hc_wav2vec2__mfbe_pitch_mfcc__a70,ensemble,representation_hc,train_vi_3s__wav2vec2__mfbe_pitch | train_vi_3s__wav2vec2__mfcc_only,"0.7000,0.3000",ensemble,ensemble,ensemble,ensemble,multi,5.640102492533857,0.6647893602361417,9895,0,,Mode3_film_train_vi_3s_wav2vec2_mfbe_pitch | Mode3_film_train_vi_3s_wav2vec2_mfcc_only
full_length,ENS_representation_hc_train_vi_full_hc_wav2vec2__mfbe_pitch_mfcc_mfbe_pitch__a45,ensemble,representation_hc,train_vi_full__wav2vec2__mfbe_pitch | train_vi_full__wav2vec2__mfcc_only | train_vi_full__wav2vec2__mfbe_only | train_vi_full__wav2vec2__pitch_only,"0.4500,0.2500,0.1500,0.1500",ensemble,ensemble,ensemble,ensemble,multi,5.640102492533857,0.6702199102163989,9895,0,,Mode3_film_train_vi_full_wav2vec2_mfbe_pitch | Mode3_film_train_vi_full_wav2vec2_mfcc_only | Mode3_film_train_vi_full_wav2vec2_mfbe_only | Mode3_film_train_vi_full_wav2vec2_pitch_only
full_length,ENS_representation_hc_train_raw_hc_wavlm__mfbe_pitch_mfbe__a70,ensemble,representation_hc,train_raw__wavlm__mfbe_pitch | train_raw__wavlm__mfbe_only,"0.7000,0.3000",ensemble,ensemble,ensemble,ensemble,multi,5.640102492533857,0.7099051967113092,9895,0,,Mode3_film_train_raw_wavlm_mfbe_pitch | Mode3_film_train_raw_wavlm_mfbe_only
full_length,ENS_representation_hc_train_vi_full_hc_wavlm__mfbe_pitch__eq,ensemble,representation_hc,train_vi_full__wavlm__mfbe_only | train_vi_full__wavlm__pitch_only,"0.5000,0.5000",ensemble,ensemble,ensemble,ensemble,multi,5.64681480291109,0.5901793685203286,9895,0,,Mode3_film_train_vi_full_wavlm_mfbe_only | Mode3_film_train_vi_full_wavlm_pitch_only
full_length,ENS_representation_ptm_train_vi_full_ptm_pitch_only__wav2vec2_wavlm__eq,ensemble,representation_ptm,train_vi_full__wav2vec2__pitch_only | train_vi_full__wavlm__pitch_only,"0.5000,0.5000",ensemble,ensemble,ensemble,ensemble,multi,5.64681480291109,0.5960368060730652,9895,0,,Mode3_film_train_vi_full_wav2vec2_pitch_only | Mode3_film_train_vi_full_wavlm_pitch_only
full_length,ENS_representation_ptm_train_vi_full_ptm_pitch_only__wav2vec2_hubert__a70,ensemble,representation_ptm,train_vi_full__wav2vec2__pitch_only | train_vi_full__hubert__pitch_only,"0.7000,0.3000",ensemble,ensemble,ensemble,ensemble,multi,5.64681480291109,0.6057075274581788,9895,0,,Mode3_film_train_vi_full_wav2vec2_pitch_only | Mode3_film_train_vi_full_hubert_pitch_only
full_length,ENS_representation_hc_train_vi_3s_hc_wav2vec2__mfcc_pitch_mfbe__a70,ensemble,representation_hc,train_vi_3s__wav2vec2__mfcc_pitch | train_vi_3s__wav2vec2__mfbe_only,"0.7000,0.3000",ensemble,ensemble,ensemble,ensemble,multi,5.64681480291109,0.6186456566412307,9895,0,,Mode3_film_train_vi_3s_wav2vec2_mfcc_pitch | Mode3_film_train_vi_3s_wav2vec2_mfbe_only
full_length,ENS_representation_hc_train_vi_full_hc_wavlm__mfcc_pitch_mfbe_pitch_mfcc__eq,ensemble,representation_hc,train_vi_full__wavlm__mfcc_pitch | train_vi_full__wavlm__mfbe_pitch | train_vi_full__wavlm__mfcc_only,"0.3333,0.3333,0.3333",ensemble,ensemble,ensemble,ensemble,multi,5.64681480291109,0.6271621131077537,9895,0,,Mode3_film_train_vi_full_wavlm_mfcc_pitch | Mode3_film_train_vi_full_wavlm_mfbe_pitch | Mode3_film_train_vi_full_wavlm_mfcc_only
full_length,Mode3_film_train_vi_3s_wavlm_pitch_only,single,single,Mode3_film_train_vi_3s_wavlm_pitch_only,1.0,3,film,pitch_only,wavlm,train_vi_3s,5.67396865049192,0.6012793784323753,9895,0,train_vi_3s__wavlm__pitch_only,
full_length,Mode3_film_train_vi_full_wavlm_pitch_only,single,single,Mode3_film_train_vi_full_wavlm_pitch_only,1.0,3,film,pitch_only,wavlm,train_vi_full,5.67396865049192,0.603493452945277,9895,0,train_vi_full__wavlm__pitch_only,
full_length,ENS_representation_hc_train_vi_3s_hc_wav2vec2__mfcc_pitch_mfcc__a60,ensemble,representation_hc,train_vi_3s__wav2vec2__mfcc_pitch | train_vi_3s__wav2vec2__mfcc_only,"0.6000,0.4000",ensemble,ensemble,ensemble,ensemble,multi,5.67396865049192,0.612842389573712,9895,0,,Mode3_film_train_vi_3s_wav2vec2_mfcc_pitch | Mode3_film_train_vi_3s_wav2vec2_mfcc_only
full_length,ENS_representation_hc_train_vi_full_hc_hubert__mfcc_mfbe_pitch__eq,ensemble,representation_hc,train_vi_full__hubert__mfcc_only | train_vi_full__hubert__mfbe_only | train_vi_full__hubert__pitch_only,"0.3333,0.3333,0.3333",ensemble,ensemble,ensemble,ensemble,multi,5.67396865049192,0.6172960047648068,9895,0,,Mode3_film_train_vi_full_hubert_mfcc_only | Mode3_film_train_vi_full_hubert_mfbe_only | Mode3_film_train_vi_full_hubert_pitch_only
full_length,ENS_representation_hc_train_raw_hc_hubert__mfbe_pitch_mfcc_mfbe_pitch__eq,ensemble,representation_hc,train_raw__hubert__mfbe_pitch | train_raw__hubert__mfcc_only | train_raw__hubert__mfbe_only | train_raw__hubert__pitch_only,"0.2500,0.2500,0.2500,0.2500",ensemble,ensemble,ensemble,ensemble,multi,5.67396865049192,0.635711445076452,9895,0,,Mode3_film_train_raw_hubert_mfbe_pitch | Mode3_film_train_raw_hubert_mfcc_only | Mode3_film_train_raw_hubert_mfbe_only | Mode3_film_train_raw_hubert_pitch_only
full_length,ENS_representation_ptm_train_vi_3s_ptm_mfcc_only__wav2vec2_wavlm_hubert__eq,ensemble,representation_ptm,train_vi_3s__wav2vec2__mfcc_only | train_vi_3s__wavlm__mfcc_only | train_vi_3s__hubert__mfcc_only,"0.3333,0.3333,0.3333",ensemble,ensemble,ensemble,ensemble,multi,5.67396865049192,0.6954697228699455,9895,0,,Mode3_film_train_vi_3s_wav2vec2_mfcc_only | Mode3_film_train_vi_3s_wavlm_mfcc_only | Mode3_film_train_vi_3s_hubert_mfcc_only
full_length,ENS_representation_hc_train_raw_hc_hubert__mfcc_pitch_mfbe_pitch__a50,ensemble,representation_hc,train_raw__hubert__mfcc_pitch | train_raw__hubert__mfbe_only | train_raw__hubert__pitch_only,"0.5000,0.3000,0.2000",ensemble,ensemble,ensemble,ensemble,multi,5.680680960869153,0.6016192200174592,9895,0,,Mode3_film_train_raw_hubert_mfcc_pitch | Mode3_film_train_raw_hubert_mfbe_only | Mode3_film_train_raw_hubert_pitch_only
full_length,ENS_representation_hc_train_vi_full_hc_wavlm__mfbe_pitch_mfcc_pitch__eq,ensemble,representation_hc,train_vi_full__wavlm__mfbe_pitch | train_vi_full__wavlm__mfcc_only | train_vi_full__wavlm__pitch_only,"0.3333,0.3333,0.3333",ensemble,ensemble,ensemble,ensemble,multi,5.680680960869153,0.6052084125720741,9895,0,,Mode3_film_train_vi_full_wavlm_mfbe_pitch | Mode3_film_train_vi_full_wavlm_mfcc_only | Mode3_film_train_vi_full_wavlm_pitch_only
full_length,ENS_representation_ptm_train_vi_full_ptm_mfcc_only__wav2vec2_hubert__a70,ensemble,representation_ptm,train_vi_full__wav2vec2__mfcc_only | train_vi_full__hubert__mfcc_only,"0.7000,0.3000",ensemble,ensemble,ensemble,ensemble,multi,5.680680960869153,0.6079651249647792,9895,0,,Mode3_film_train_vi_full_wav2vec2_mfcc_only | Mode3_film_train_vi_full_hubert_mfcc_only
full_length,ENS_representation_hc_train_vi_3s_hc_wav2vec2__mfcc_pitch_mfcc_pitch__eq,ensemble,representation_hc,train_vi_3s__wav2vec2__mfcc_pitch | train_vi_3s__wav2vec2__mfcc_only | train_vi_3s__wav2vec2__pitch_only,"0.3333,0.3333,0.3333",ensemble,ensemble,ensemble,ensemble,multi,5.680680960869153,0.6096333234432405,9895,0,,Mode3_film_train_vi_3s_wav2vec2_mfcc_pitch | Mode3_film_train_vi_3s_wav2vec2_mfcc_only | Mode3_film_train_vi_3s_wav2vec2_pitch_only
full_length,ENS_representation_hc_train_vi_3s_hc_wav2vec2__mfcc_pitch_mfbe_pitch_mfcc_pitch__a50,ensemble,representation_hc,train_vi_3s__wav2vec2__mfcc_pitch | train_vi_3s__wav2vec2__mfbe_pitch | train_vi_3s__wav2vec2__mfcc_only | train_vi_3s__wav2vec2__pitch_only,"0.5000,0.2000,0.1500,0.1500",ensemble,ensemble,ensemble,ensemble,multi,5.680680960869153,0.6172057206227741,9895,0,,Mode3_film_train_vi_3s_wav2vec2_mfcc_pitch | Mode3_film_train_vi_3s_wav2vec2_mfbe_pitch | Mode3_film_train_vi_3s_wav2vec2_mfcc_only | Mode3_film_train_vi_3s_wav2vec2_pitch_only
full_length,ENS_representation_hc_train_vi_3s_hc_wav2vec2__mfcc_pitch_mfbe_pitch_mfbe__a60,ensemble,representation_hc,train_vi_3s__wav2vec2__mfcc_pitch | train_vi_3s__wav2vec2__mfbe_pitch | train_vi_3s__wav2vec2__mfbe_only,"0.6000,0.2500,0.1500",ensemble,ensemble,ensemble,ensemble,multi,5.680680960869153,0.6219598255875031,9895,0,,Mode3_film_train_vi_3s_wav2vec2_mfcc_pitch | Mode3_film_train_vi_3s_wav2vec2_mfbe_pitch | Mode3_film_train_vi_3s_wav2vec2_mfbe_only
full_length,ENS_representation_hc_train_raw_hc_hubert__mfcc_mfbe_pitch__a60,ensemble,representation_hc,train_raw__hubert__mfcc_only | train_raw__hubert__mfbe_only | train_raw__hubert__pitch_only,"0.6000,0.2500,0.1500",ensemble,ensemble,ensemble,ensemble,multi,5.680680960869153,0.639470558423609,9895,0,,Mode3_film_train_raw_hubert_mfcc_only | Mode3_film_train_raw_hubert_mfbe_only | Mode3_film_train_raw_hubert_pitch_only
full_length,ENS_duration_raw_vi_full_7s__eq,ensemble,duration,train_raw__wav2vec2__mfcc_pitch | train_vi_full__wav2vec2__mfcc_pitch | train_vi_7s__wav2vec2__mfcc_pitch,"0.3333,0.3333,0.3333",ensemble,ensemble,ensemble,ensemble,multi,5.680680960869153,0.6461095438076769,9895,0,,grid_film_raw_w2v2_mfccpitch_bdrop0p05_aug_aam_C_augOn_ap0p3_fn0p003_en0p002_m0p18_s30 | Mode3_film_train_vi_full_wav2vec2_mfcc_pitch_bdrop0p1 | Mode3_film_train_vi_7s_wav2vec2_mfcc_pitch
full_length,ENS_representation_hc_train_raw_hc_hubert__mfbe_pitch_mfbe_pitch__a50,ensemble,representation_hc,train_raw__hubert__mfbe_pitch | train_raw__hubert__mfbe_only | train_raw__hubert__pitch_only,"0.5000,0.3000,0.2000",ensemble,ensemble,ensemble,ensemble,multi,5.680680960869153,0.6645685071130188,9895,0,,Mode3_film_train_raw_hubert_mfbe_pitch | Mode3_film_train_raw_hubert_mfbe_only | Mode3_film_train_raw_hubert_pitch_only
full_length,ENS_representation_hc_train_raw_hc_wavlm__mfbe_pitch_mfcc_mfbe__eq,ensemble,representation_hc,train_raw__wavlm__mfbe_pitch | train_raw__wavlm__mfcc_only | train_raw__wavlm__mfbe_only,"0.3333,0.3333,0.3333",ensemble,ensemble,ensemble,ensemble,multi,5.680680960869153,0.6769311229140942,9895,0,,Mode3_film_train_raw_wavlm_mfbe_pitch | Mode3_film_train_raw_wavlm_mfcc_only | Mode3_film_train_raw_wavlm_mfbe_only
full_length,ENS_representation_hc_train_vi_3s_hc_wavlm__mfcc_pitch__a60,ensemble,representation_hc,train_vi_3s__wavlm__mfcc_only | train_vi_3s__wavlm__pitch_only,"0.6000,0.4000",ensemble,ensemble,ensemble,ensemble,multi,5.680680960869153,0.6830094135899536,9895,0,,Mode3_film_train_vi_3s_wavlm_mfcc_only | Mode3_film_train_vi_3s_wavlm_pitch_only
full_length,Mode3_film_train_raw_hubert_mfcc_pitch,single,single,Mode3_film_train_raw_hubert_mfcc_pitch,1.0,3,film,mfcc_pitch,hubert,train_raw,5.6873932712463855,0.5660690021116065,9895,0,train_raw__hubert__mfcc_pitch,
full_length,ENS_representation_hc_train_raw_hc_hubert__mfcc_pitch_pitch__eq,ensemble,representation_hc,train_raw__hubert__mfcc_pitch | train_raw__hubert__pitch_only,"0.5000,0.5000",ensemble,ensemble,ensemble,ensemble,multi,5.714547118827215,0.5657578648464512,9895,0,,Mode3_film_train_raw_hubert_mfcc_pitch | Mode3_film_train_raw_hubert_pitch_only
full_length,ENS_representation_hc_train_vi_full_hc_wavlm__mfcc_mfbe__a70,ensemble,representation_hc,train_vi_full__wavlm__mfcc_only | train_vi_full__wavlm__mfbe_only,"0.7000,0.3000",ensemble,ensemble,ensemble,ensemble,multi,5.714547118827215,0.5984536768806843,9895,0,,Mode3_film_train_vi_full_wavlm_mfcc_only | Mode3_film_train_vi_full_wavlm_mfbe_only
full_length,ENS_representation_hc_train_vi_3s_hc_wav2vec2__mfcc_pitch_mfbe_pitch_mfcc__a50,ensemble,representation_hc,train_vi_3s__wav2vec2__mfcc_pitch | train_vi_3s__wav2vec2__mfbe_pitch | train_vi_3s__wav2vec2__mfcc_only,"0.5000,0.3000,0.2000",ensemble,ensemble,ensemble,ensemble,multi,5.714547118827215,0.6271769317815219,9895,0,,Mode3_film_train_vi_3s_wav2vec2_mfcc_pitch | Mode3_film_train_vi_3s_wav2vec2_mfbe_pitch | Mode3_film_train_vi_3s_wav2vec2_mfcc_only
full_length,ENS_representation_hc_train_vi_full_hc_hubert__mfbe_pitch_pitch__eq,ensemble,representation_hc,train_vi_full__hubert__mfbe_pitch | train_vi_full__hubert__pitch_only,"0.5000,0.5000",ensemble,ensemble,ensemble,ensemble,multi,5.714547118827215,0.6322273553376379,9895,0,,Mode3_film_train_vi_full_hubert_mfbe_pitch | Mode3_film_train_vi_full_hubert_pitch_only
full_length,ENS_representation_hc_train_vi_full_hc_wavlm__mfbe_pitch__a60,ensemble,representation_hc,train_vi_full__wavlm__mfbe_only | train_vi_full__wavlm__pitch_only,"0.6000,0.4000",ensemble,ensemble,ensemble,ensemble,multi,5.7212594292044425,0.5896728442973399,9895,0,,Mode3_film_train_vi_full_wavlm_mfbe_only | Mode3_film_train_vi_full_wavlm_pitch_only
full_length,ENS_representation_hc_train_vi_full_hc_wavlm__mfcc_mfbe__a60,ensemble,representation_hc,train_vi_full__wavlm__mfcc_only | train_vi_full__wavlm__mfbe_only,"0.6000,0.4000",ensemble,ensemble,ensemble,ensemble,multi,5.7212594292044425,0.5927481032920843,9895,0,,Mode3_film_train_vi_full_wavlm_mfcc_only | Mode3_film_train_vi_full_wavlm_mfbe_only
full_length,ENS_representation_ptm_train_vi_full_ptm_pitch_only__wav2vec2_wavlm__a60,ensemble,representation_ptm,train_vi_full__wav2vec2__pitch_only | train_vi_full__wavlm__pitch_only,"0.6000,0.4000",ensemble,ensemble,ensemble,ensemble,multi,5.7212594292044425,0.5944014830967773,9895,0,,Mode3_film_train_vi_full_wav2vec2_pitch_only | Mode3_film_train_vi_full_wavlm_pitch_only
full_length,ENS_representation_ptm_train_vi_full_ptm_pitch_only__wav2vec2_wavlm__a70,ensemble,representation_ptm,train_vi_full__wav2vec2__pitch_only | train_vi_full__wavlm__pitch_only,"0.7000,0.3000",ensemble,ensemble,ensemble,ensemble,multi,5.7212594292044425,0.5981786532723417,9895,0,,Mode3_film_train_vi_full_wav2vec2_pitch_only | Mode3_film_train_vi_full_wavlm_pitch_only
full_length,ENS_representation_ptm_train_vi_full_ptm_mfcc_only__wavlm_hubert__a70,ensemble,representation_ptm,train_vi_full__wavlm__mfcc_only | train_vi_full__hubert__mfcc_only,"0.7000,0.3000",ensemble,ensemble,ensemble,ensemble,multi,5.7212594292044425,0.6021618578972604,9895,0,,Mode3_film_train_vi_full_wavlm_mfcc_only | Mode3_film_train_vi_full_hubert_mfcc_only
full_length,ENS_representation_hc_train_vi_full_hc_hubert__mfcc_pitch__eq,ensemble,representation_hc,train_vi_full__hubert__mfcc_only | train_vi_full__hubert__pitch_only,"0.5000,0.5000",ensemble,ensemble,ensemble,ensemble,multi,5.7212594292044425,0.6061959948527621,9895,0,,Mode3_film_train_vi_full_hubert_mfcc_only | Mode3_film_train_vi_full_hubert_pitch_only
full_length,ENS_representation_hc_train_vi_full_hc_wavlm__mfcc_pitch_mfbe_pitch_mfcc_mfbe__eq,ensemble,representation_hc,train_vi_full__wavlm__mfcc_pitch | train_vi_full__wavlm__mfbe_pitch | train_vi_full__wavlm__mfcc_only | train_vi_full__wavlm__mfbe_only,"0.2500,0.2500,0.2500,0.2500",ensemble,ensemble,ensemble,ensemble,multi,5.7212594292044425,0.6096078572779512,9895,0,,Mode3_film_train_vi_full_wavlm_mfcc_pitch | Mode3_film_train_vi_full_wavlm_mfbe_pitch | Mode3_film_train_vi_full_wavlm_mfcc_only | Mode3_film_train_vi_full_wavlm_mfbe_only
full_length,ENS_representation_ptm_train_vi_3s_ptm_mfcc_pitch__wav2vec2_hubert__a70,ensemble,representation_ptm,train_vi_3s__wav2vec2__mfcc_pitch | train_vi_3s__hubert__mfcc_pitch,"0.7000,0.3000",ensemble,ensemble,ensemble,ensemble,multi,5.7212594292044425,0.6442501295536274,9895,0,,Mode3_film_train_vi_3s_wav2vec2_mfcc_pitch | Mode3_film_train_vi_3s_hubert_mfcc_pitch
full_length,ENS_representation_ptm_train_vi_3s_ptm_mfbe_pitch__wav2vec2_wavlm__a70,ensemble,representation_ptm,train_vi_3s__wav2vec2__mfbe_pitch | train_vi_3s__wavlm__mfbe_pitch,"0.7000,0.3000",ensemble,ensemble,ensemble,ensemble,multi,5.7212594292044425,0.7079045659846461,9895,0,,Mode3_film_train_vi_3s_wav2vec2_mfbe_pitch | Mode3_film_train_vi_3s_wavlm_mfbe_pitch
full_length,ENS_representation_hc_train_vi_3s_hc_wav2vec2__mfcc_pitch_mfcc_pitch__a60,ensemble,representation_hc,train_vi_3s__wav2vec2__mfcc_pitch | train_vi_3s__wav2vec2__mfcc_only | train_vi_3s__wav2vec2__pitch_only,"0.6000,0.2500,0.1500",ensemble,ensemble,ensemble,ensemble,multi,5.727971739581675,0.6060876538823221,9895,0,,Mode3_film_train_vi_3s_wav2vec2_mfcc_pitch | Mode3_film_train_vi_3s_wav2vec2_mfcc_only | Mode3_film_train_vi_3s_wav2vec2_pitch_only
full_length,Mode3_film_train_vi_full_wavlm_mfcc_only,single,single,Mode3_film_train_vi_full_wavlm_mfcc_only,1.0,3,film,mfcc_only,wavlm,train_vi_full,5.727971739581675,0.6126831162726933,9895,0,train_vi_full__wavlm__mfcc_only,
full_length,ENS_representation_hc_train_vi_full_hc_hubert__mfcc_pitch_pitch__eq,ensemble,representation_hc,train_vi_full__hubert__mfcc_pitch | train_vi_full__hubert__pitch_only,"0.5000,0.5000",ensemble,ensemble,ensemble,ensemble,multi,5.727971739581675,0.6178566994730154,9895,0,,Mode3_film_train_vi_full_hubert_mfcc_pitch | Mode3_film_train_vi_full_hubert_pitch_only
full_length,ENS_representation_hc_train_vi_full_hc_wavlm__mfbe_pitch_mfcc_mfbe_pitch__eq,ensemble,representation_hc,train_vi_full__wavlm__mfbe_pitch | train_vi_full__wavlm__mfcc_only | train_vi_full__wavlm__mfbe_only | train_vi_full__wavlm__pitch_only,"0.2500,0.2500,0.2500,0.2500",ensemble,ensemble,ensemble,ensemble,multi,5.755125587162506,0.595494168193264,9895,0,,Mode3_film_train_vi_full_wavlm_mfbe_pitch | Mode3_film_train_vi_full_wavlm_mfcc_only | Mode3_film_train_vi_full_wavlm_mfbe_only | Mode3_film_train_vi_full_wavlm_pitch_only
full_length,ENS_representation_hc_train_vi_3s_hc_wav2vec2__mfcc_pitch_mfbe_pitch__eq,ensemble,representation_hc,train_vi_3s__wav2vec2__mfcc_pitch | train_vi_3s__wav2vec2__mfbe_pitch,"0.5000,0.5000",ensemble,ensemble,ensemble,ensemble,multi,5.755125587162506,0.6440547425957939,9895,0,,Mode3_film_train_vi_3s_wav2vec2_mfcc_pitch | Mode3_film_train_vi_3s_wav2vec2_mfbe_pitch
full_length,ENS_representation_hc_train_vi_full_hc_wavlm__mfbe_pitch__a70,ensemble,representation_hc,train_vi_full__wavlm__mfbe_only | train_vi_full__wavlm__pitch_only,"0.7000,0.3000",ensemble,ensemble,ensemble,ensemble,multi,5.761837897539738,0.588855182809196,9895,0,,Mode3_film_train_vi_full_wavlm_mfbe_only | Mode3_film_train_vi_full_wavlm_pitch_only
full_length,ENS_representation_hc_train_vi_full_hc_hubert__mfcc_pitch__a60,ensemble,representation_hc,train_vi_full__hubert__mfcc_only | train_vi_full__hubert__pitch_only,"0.6000,0.4000",ensemble,ensemble,ensemble,ensemble,multi,5.761837897539738,0.6062140516811674,9895,0,,Mode3_film_train_vi_full_hubert_mfcc_only | Mode3_film_train_vi_full_hubert_pitch_only
full_length,ENS_representation_ptm_train_vi_full_ptm_mfcc_only__wav2vec2_hubert__eq,ensemble,representation_ptm,train_vi_full__wav2vec2__mfcc_only | train_vi_full__hubert__mfcc_only,"0.5000,0.5000",ensemble,ensemble,ensemble,ensemble,multi,5.761837897539738,0.6073247936060613,9895,0,,Mode3_film_train_vi_full_wav2vec2_mfcc_only | Mode3_film_train_vi_full_hubert_mfcc_only
full_length,ENS_representation_hc_train_vi_full_hc_wavlm__mfcc_pitch_mfbe_pitch_mfbe__a50,ensemble,representation_hc,train_vi_full__wavlm__mfcc_pitch | train_vi_full__wavlm__mfbe_pitch | train_vi_full__wavlm__mfbe_only,"0.5000,0.3000,0.2000",ensemble,ensemble,ensemble,ensemble,multi,5.761837897539738,0.6176506650236608,9895,0,,Mode3_film_train_vi_full_wavlm_mfcc_pitch | Mode3_film_train_vi_full_wavlm_mfbe_pitch | Mode3_film_train_vi_full_wavlm_mfbe_only
full_length,ENS_representation_hc_train_vi_3s_hc_wav2vec2__mfcc_pitch_mfbe_pitch_pitch__a60,ensemble,representation_hc,train_vi_3s__wav2vec2__mfcc_pitch | train_vi_3s__wav2vec2__mfbe_pitch | train_vi_3s__wav2vec2__pitch_only,"0.6000,0.2500,0.1500",ensemble,ensemble,ensemble,ensemble,multi,5.761837897539738,0.6215690516718364,9895,0,,Mode3_film_train_vi_3s_wav2vec2_mfcc_pitch | Mode3_film_train_vi_3s_wav2vec2_mfbe_pitch | Mode3_film_train_vi_3s_wav2vec2_pitch_only
full_length,ENS_representation_hc_train_vi_full_hc_hubert__mfcc_pitch_mfcc_mfbe_pitch__eq,ensemble,representation_hc,train_vi_full__hubert__mfcc_pitch | train_vi_full__hubert__mfcc_only | train_vi_full__hubert__mfbe_only | train_vi_full__hubert__pitch_only,"0.2500,0.2500,0.2500,0.2500",ensemble,ensemble,ensemble,ensemble,multi,5.761837897539738,0.6230376920102215,9895,0,,Mode3_film_train_vi_full_hubert_mfcc_pitch | Mode3_film_train_vi_full_hubert_mfcc_only | Mode3_film_train_vi_full_hubert_mfbe_only | Mode3_film_train_vi_full_hubert_pitch_only
full_length,ENS_representation_hc_train_raw_hc_hubert__mfcc_pitch_mfcc_mfbe__eq,ensemble,representation_hc,train_raw__hubert__mfcc_pitch | train_raw__hubert__mfcc_only | train_raw__hubert__mfbe_only,"0.3333,0.3333,0.3333",ensemble,ensemble,ensemble,ensemble,multi,5.761837897539738,0.6247887652938313,9895,0,,Mode3_film_train_raw_hubert_mfcc_pitch | Mode3_film_train_raw_hubert_mfcc_only | Mode3_film_train_raw_hubert_mfbe_only
full_length,ENS_representation_hc_train_vi_full_hc_wavlm__mfcc_pitch_mfbe_pitch__a60,ensemble,representation_hc,train_vi_full__wavlm__mfcc_pitch | train_vi_full__wavlm__mfbe_pitch,"0.6000,0.4000",ensemble,ensemble,ensemble,ensemble,multi,5.761837897539738,0.633942314964435,9895,0,,Mode3_film_train_vi_full_wavlm_mfcc_pitch | Mode3_film_train_vi_full_wavlm_mfbe_pitch
full_length,ENS_representation_hc_train_vi_full_hc_hubert__mfcc_pitch_mfbe_pitch_pitch__eq,ensemble,representation_hc,train_vi_full__hubert__mfcc_pitch | train_vi_full__hubert__mfbe_pitch | train_vi_full__hubert__pitch_only,"0.3333,0.3333,0.3333",ensemble,ensemble,ensemble,ensemble,multi,5.761837897539738,0.6405197205263988,9895,0,,Mode3_film_train_vi_full_hubert_mfcc_pitch | Mode3_film_train_vi_full_hubert_mfbe_pitch | Mode3_film_train_vi_full_hubert_pitch_only
full_length,ENS_representation_hc_train_vi_full_hc_wav2vec2__mfbe_pitch_pitch__eq,ensemble,representation_hc,train_vi_full__wav2vec2__mfbe_pitch | train_vi_full__wav2vec2__pitch_only,"0.5000,0.5000",ensemble,ensemble,ensemble,ensemble,multi,5.761837897539738,0.6896664558024268,9895,0,,Mode3_film_train_vi_full_wav2vec2_mfbe_pitch | Mode3_film_train_vi_full_wav2vec2_pitch_only
full_length,ENS_representation_hc_train_vi_full_hc_hubert__mfbe_pitch_mfbe_pitch__eq,ensemble,representation_hc,train_vi_full__hubert__mfbe_pitch | train_vi_full__hubert__mfbe_only | train_vi_full__hubert__pitch_only,"0.3333,0.3333,0.3333",ensemble,ensemble,ensemble,ensemble,multi,5.768550207916971,0.6427773180329973,9895,0,,Mode3_film_train_vi_full_hubert_mfbe_pitch | Mode3_film_train_vi_full_hubert_mfbe_only | Mode3_film_train_vi_full_hubert_pitch_only
full_length,ENS_representation_hc_train_vi_full_hc_wavlm__mfcc_mfbe__eq,ensemble,representation_hc,train_vi_full__wavlm__mfcc_only | train_vi_full__wavlm__mfbe_only,"0.5000,0.5000",ensemble,ensemble,ensemble,ensemble,multi,5.795704055497801,0.5949515303134626,9895,0,,Mode3_film_train_vi_full_wavlm_mfcc_only | Mode3_film_train_vi_full_wavlm_mfbe_only
full_length,ENS_representation_hc_train_vi_3s_hc_wav2vec2__mfcc_pitch_mfbe_pitch_mfcc__a60,ensemble,representation_hc,train_vi_3s__wav2vec2__mfcc_pitch | train_vi_3s__wav2vec2__mfbe_pitch | train_vi_3s__wav2vec2__mfcc_only,"0.6000,0.2500,0.1500",ensemble,ensemble,ensemble,ensemble,multi,5.795704055497801,0.6235155119132816,9895,0,,Mode3_film_train_vi_3s_wav2vec2_mfcc_pitch | Mode3_film_train_vi_3s_wav2vec2_mfbe_pitch | Mode3_film_train_vi_3s_wav2vec2_mfcc_only
full_length,ENS_representation_hc_train_vi_full_hc_hubert__mfcc_pitch_mfbe_pitch_mfbe_pitch__eq,ensemble,representation_hc,train_vi_full__hubert__mfcc_pitch | train_vi_full__hubert__mfbe_pitch | train_vi_full__hubert__mfbe_only | train_vi_full__hubert__pitch_only,"0.2500,0.2500,0.2500,0.2500",ensemble,ensemble,ensemble,ensemble,multi,5.795704055497801,0.6413012683577302,9895,0,,Mode3_film_train_vi_full_hubert_mfcc_pitch | Mode3_film_train_vi_full_hubert_mfbe_pitch | Mode3_film_train_vi_full_hubert_mfbe_only | Mode3_film_train_vi_full_hubert_pitch_only
full_length,ENS_representation_hc_train_raw_hc_hubert__mfcc_pitch_mfbe_pitch_mfbe__eq,ensemble,representation_hc,train_raw__hubert__mfcc_pitch | train_raw__hubert__mfbe_pitch | train_raw__hubert__mfbe_only,"0.3333,0.3333,0.3333",ensemble,ensemble,ensemble,ensemble,multi,5.795704055497801,0.6498070773327319,9895,0,,Mode3_film_train_raw_hubert_mfcc_pitch | Mode3_film_train_raw_hubert_mfbe_pitch | Mode3_film_train_raw_hubert_mfbe_only
full_length,ENS_representation_ptm_train_vi_full_ptm_mfcc_only__wavlm_hubert__a60,ensemble,representation_ptm,train_vi_full__wavlm__mfcc_only | train_vi_full__hubert__mfcc_only,"0.6000,0.4000",ensemble,ensemble,ensemble,ensemble,multi,5.802416365875033,0.5976286060556564,9895,0,,Mode3_film_train_vi_full_wavlm_mfcc_only | Mode3_film_train_vi_full_hubert_mfcc_only
full_length,ENS_representation_hc_train_raw_hc_hubert__mfcc_pitch_mfbe__a70,ensemble,representation_hc,train_raw__hubert__mfcc_pitch | train_raw__hubert__mfbe_only,"0.7000,0.3000",ensemble,ensemble,ensemble,ensemble,multi,5.802416365875033,0.6077516811785385,9895,0,,Mode3_film_train_raw_hubert_mfcc_pitch | Mode3_film_train_raw_hubert_mfbe_only
full_length,Mode3_film_train_vi_full_wav2vec2_mfcc_only,single,single,Mode3_film_train_vi_full_wav2vec2_mfcc_only,1.0,3,film,mfcc_only,wav2vec2,train_vi_full,5.802416365875033,0.614951361270815,9895,0,train_vi_full__wav2vec2__mfcc_only,
full_length,ENS_representation_hc_train_vi_full_hc_hubert__mfcc_pitch_pitch__a60,ensemble,representation_hc,train_vi_full__hubert__mfcc_pitch | train_vi_full__hubert__pitch_only,"0.6000,0.4000",ensemble,ensemble,ensemble,ensemble,multi,5.802416365875033,0.6233668861037842,9895,0,,Mode3_film_train_vi_full_hubert_mfcc_pitch | Mode3_film_train_vi_full_hubert_pitch_only
full_length,ENS_representation_hc_train_vi_3s_hc_wav2vec2__mfcc_pitch_mfbe_pitch__a60,ensemble,representation_hc,train_vi_3s__wav2vec2__mfcc_pitch | train_vi_3s__wav2vec2__mfbe_pitch,"0.6000,0.4000",ensemble,ensemble,ensemble,ensemble,multi,5.802416365875033,0.632430151632353,9895,0,,Mode3_film_train_vi_3s_wav2vec2_mfcc_pitch | Mode3_film_train_vi_3s_wav2vec2_mfbe_pitch
full_length,ENS_representation_hc_train_vi_full_hc_hubert__mfcc_pitch_mfbe_pitch__a50,ensemble,representation_hc,train_vi_full__hubert__mfcc_pitch | train_vi_full__hubert__mfbe_only | train_vi_full__hubert__pitch_only,"0.5000,0.3000,0.2000",ensemble,ensemble,ensemble,ensemble,multi,5.802416365875033,0.6383778733271225,9895,0,,Mode3_film_train_vi_full_hubert_mfcc_pitch | Mode3_film_train_vi_full_hubert_mfbe_only | Mode3_film_train_vi_full_hubert_pitch_only
full_length,ENS_representation_hc_train_raw_hc_wavlm__mfcc_mfbe__a70,ensemble,representation_hc,train_raw__wavlm__mfcc_only | train_raw__wavlm__mfbe_only,"0.7000,0.3000",ensemble,ensemble,ensemble,ensemble,multi,5.802416365875033,0.6510155127365405,9895,0,,Mode3_film_train_raw_wavlm_mfcc_only | Mode3_film_train_raw_wavlm_mfbe_only
full_length,ENS_representation_hc_train_raw_hc_hubert__mfbe_pitch_mfbe_pitch__eq,ensemble,representation_hc,train_raw__hubert__mfbe_pitch | train_raw__hubert__mfbe_only | train_raw__hubert__pitch_only,"0.3333,0.3333,0.3333",ensemble,ensemble,ensemble,ensemble,multi,5.802416365875033,0.6607732801090473,9895,0,,Mode3_film_train_raw_hubert_mfbe_pitch | Mode3_film_train_raw_hubert_mfbe_only | Mode3_film_train_raw_hubert_pitch_only
full_length,ENS_representation_hc_train_vi_5s_hc_wavlm__mfcc_pitch_pitch__eq,ensemble,representation_hc,train_vi_5s__wavlm__mfcc_pitch | train_vi_5s__wavlm__pitch_only,"0.5000,0.5000",ensemble,ensemble,ensemble,ensemble,multi,5.802416365875033,0.6628609568231038,9895,0,,Mode3_film_train_vi_5s_wavlm_mfcc_pitch | Mode3_film_train_vi_5s_wavlm_pitch_only
full_length,ENS_representation_hc_train_raw_hc_hubert__mfbe_pitch_mfbe__a70,ensemble,representation_hc,train_raw__hubert__mfbe_pitch | train_raw__hubert__mfbe_only,"0.7000,0.3000",ensemble,ensemble,ensemble,ensemble,multi,5.802416365875033,0.6895868191519174,9895,0,,Mode3_film_train_raw_hubert_mfbe_pitch | Mode3_film_train_raw_hubert_mfbe_only
full_length,ENS_representation_hc_train_vi_3s_hc_wav2vec2__mfcc_pitch_mfbe_pitch__a70,ensemble,representation_hc,train_vi_3s__wav2vec2__mfcc_pitch | train_vi_3s__wav2vec2__mfbe_pitch,"0.7000,0.3000",ensemble,ensemble,ensemble,ensemble,multi,5.809128676252261,0.6239243426573535,9895,0,,Mode3_film_train_vi_3s_wav2vec2_mfcc_pitch | Mode3_film_train_vi_3s_wav2vec2_mfbe_pitch
full_length,ENS_representation_hc_train_raw_hc_hubert__mfcc_mfbe_pitch__a50,ensemble,representation_hc,train_raw__hubert__mfcc_only | train_raw__hubert__mfbe_only | train_raw__hubert__pitch_only,"0.5000,0.3000,0.2000",ensemble,ensemble,ensemble,ensemble,multi,5.809128676252261,0.6441630835662339,9895,0,,Mode3_film_train_raw_hubert_mfcc_only | Mode3_film_train_raw_hubert_mfbe_only | Mode3_film_train_raw_hubert_pitch_only
full_length,ENS_representation_hc_train_vi_5s_hc_wavlm__mfcc_pitch__eq,ensemble,representation_hc,train_vi_5s__wavlm__mfcc_only | train_vi_5s__wavlm__pitch_only,"0.5000,0.5000",ensemble,ensemble,ensemble,ensemble,multi,5.809128676252261,0.672690951509238,9895,0,,Mode3_film_train_vi_5s_wavlm_mfcc_only | Mode3_film_train_vi_5s_wavlm_pitch_only
full_length,Mode3_film_train_vi_3s_hubert_pitch_only,single,single,Mode3_film_train_vi_3s_hubert_pitch_only,1.0,3,film,pitch_only,hubert,train_vi_3s,5.836282523833091,0.5728056809745912,9895,0,train_vi_3s__hubert__pitch_only,
full_length,ENS_representation_hc_train_vi_3s_hc_wavlm__mfcc_pitch_pitch__a70,ensemble,representation_hc,train_vi_3s__wavlm__mfcc_pitch | train_vi_3s__wavlm__pitch_only,"0.7000,0.3000",ensemble,ensemble,ensemble,ensemble,multi,5.836282523833091,0.6744781384496625,9895,0,,Mode3_film_train_vi_3s_wavlm_mfcc_pitch | Mode3_film_train_vi_3s_wavlm_pitch_only
full_length,ENS_representation_hc_train_vi_full_hc_wav2vec2__mfbe_pitch_mfcc_pitch__a50,ensemble,representation_hc,train_vi_full__wav2vec2__mfbe_pitch | train_vi_full__wav2vec2__mfcc_only | train_vi_full__wav2vec2__pitch_only,"0.5000,0.3000,0.2000",ensemble,ensemble,ensemble,ensemble,multi,5.836282523833091,0.6765477583353116,9895,0,,Mode3_film_train_vi_full_wav2vec2_mfbe_pitch | Mode3_film_train_vi_full_wav2vec2_mfcc_only | Mode3_film_train_vi_full_wav2vec2_pitch_only
full_length,ENS_representation_hc_train_vi_full_hc_wav2vec2__mfbe_pitch_mfcc_mfbe_pitch__a50,ensemble,representation_hc,train_vi_full__wav2vec2__mfbe_pitch | train_vi_full__wav2vec2__mfcc_only | train_vi_full__wav2vec2__mfbe_only | train_vi_full__wav2vec2__pitch_only,"0.5000,0.2000,0.1500,0.1500",ensemble,ensemble,ensemble,ensemble,multi,5.836282523833091,0.6790007427997433,9895,0,,Mode3_film_train_vi_full_wav2vec2_mfbe_pitch | Mode3_film_train_vi_full_wav2vec2_mfcc_only | Mode3_film_train_vi_full_wav2vec2_mfbe_only | Mode3_film_train_vi_full_wav2vec2_pitch_only
full_length,ENS_representation_hc_train_vi_full_hc_wav2vec2__mfbe_pitch_mfbe_pitch__a50,ensemble,representation_hc,train_vi_full__wav2vec2__mfbe_pitch | train_vi_full__wav2vec2__mfbe_only | train_vi_full__wav2vec2__pitch_only,"0.5000,0.3000,0.2000",ensemble,ensemble,ensemble,ensemble,multi,5.836282523833091,0.6912837219503093,9895,0,,Mode3_film_train_vi_full_wav2vec2_mfbe_pitch | Mode3_film_train_vi_full_wav2vec2_mfbe_only | Mode3_film_train_vi_full_wav2vec2_pitch_only
full_length,ENS_representation_hc_train_vi_full_hc_wavlm__mfbe_pitch_mfbe_pitch__eq,ensemble,representation_hc,train_vi_full__wavlm__mfbe_pitch | train_vi_full__wavlm__mfbe_only | train_vi_full__wavlm__pitch_only,"0.3333,0.3333,0.3333",ensemble,ensemble,ensemble,ensemble,multi,5.842994834210324,0.5956279753289933,9895,0,,Mode3_film_train_vi_full_wavlm_mfbe_pitch | Mode3_film_train_vi_full_wavlm_mfbe_only | Mode3_film_train_vi_full_wavlm_pitch_only
full_length,Mode3_film_train_raw_hubert_pitch_only,single,single,Mode3_film_train_raw_hubert_pitch_only,1.0,3,film,pitch_only,hubert,train_raw,5.842994834210324,0.5957798392931298,9895,0,train_raw__hubert__pitch_only,
full_length,ENS_representation_ptm_train_vi_full_ptm_mfcc_only__wavlm_hubert__eq,ensemble,representation_ptm,train_vi_full__wavlm__mfcc_only | train_vi_full__hubert__mfcc_only,"0.5000,0.5000",ensemble,ensemble,ensemble,ensemble,multi,5.842994834210324,0.5966951942601905,9895,0,,Mode3_film_train_vi_full_wavlm_mfcc_only | Mode3_film_train_vi_full_hubert_mfcc_only
full_length,ENS_representation_hc_train_vi_3s_hc_wav2vec2__mfcc_pitch_pitch__a60,ensemble,representation_hc,train_vi_3s__wav2vec2__mfcc_pitch | train_vi_3s__wav2vec2__pitch_only,"0.6000,0.4000",ensemble,ensemble,ensemble,ensemble,multi,5.842994834210324,0.6083813650457353,9895,0,,Mode3_film_train_vi_3s_wav2vec2_mfcc_pitch | Mode3_film_train_vi_3s_wav2vec2_pitch_only
full_length,ENS_representation_hc_train_vi_full_hc_wavlm__mfbe_pitch_pitch__eq,ensemble,representation_hc,train_vi_full__wavlm__mfbe_pitch | train_vi_full__wavlm__pitch_only,"0.5000,0.5000",ensemble,ensemble,ensemble,ensemble,multi,5.842994834210324,0.6131896404956819,9895,0,,Mode3_film_train_vi_full_wavlm_mfbe_pitch | Mode3_film_train_vi_full_wavlm_pitch_only
full_length,ENS_representation_hc_train_vi_3s_hc_wav2vec2__mfcc_pitch_mfcc__a70,ensemble,representation_hc,train_vi_3s__wav2vec2__mfcc_pitch | train_vi_3s__wav2vec2__mfcc_only,"0.7000,0.3000",ensemble,ensemble,ensemble,ensemble,multi,5.842994834210324,0.6136419942334507,9895,0,,Mode3_film_train_vi_3s_wav2vec2_mfcc_pitch | Mode3_film_train_vi_3s_wav2vec2_mfcc_only
full_length,ENS_representation_hc_train_vi_3s_hc_wav2vec2__mfcc_pitch_pitch__eq,ensemble,representation_hc,train_vi_3s__wav2vec2__mfcc_pitch | train_vi_3s__wav2vec2__pitch_only,"0.5000,0.5000",ensemble,ensemble,ensemble,ensemble,multi,5.842994834210324,0.6145754060289164,9895,0,,Mode3_film_train_vi_3s_wav2vec2_mfcc_pitch | Mode3_film_train_vi_3s_wav2vec2_pitch_only
full_length,Mode3_film_train_vi_5s_hubert_pitch_only,single,single,Mode3_film_train_vi_5s_hubert_pitch_only,1.0,3,film,pitch_only,hubert,train_vi_5s,5.842994834210324,0.6160153420473731,9895,0,train_vi_5s__hubert__pitch_only,
full_length,ENS_representation_hc_train_vi_full_hc_hubert__mfcc_pitch_mfbe_pitch_mfcc_mfbe_pitch__eq,ensemble,representation_hc,train_vi_full__hubert__mfcc_pitch | train_vi_full__hubert__mfbe_pitch | train_vi_full__hubert__mfcc_only | train_vi_full__hubert__mfbe_only | train_vi_full__hubert__pitch_only,"0.2000,0.2000,0.2000,0.2000,0.2000",ensemble,ensemble,ensemble,ensemble,multi,5.842994834210324,0.6295609270869654,9895,0,,Mode3_film_train_vi_full_hubert_mfcc_pitch | Mode3_film_train_vi_full_hubert_mfbe_pitch | Mode3_film_train_vi_full_hubert_mfcc_only | Mode3_film_train_vi_full_hubert_mfbe_only | Mode3_film_train_vi_full_hubert_pitch_only
full_length,ENS_representation_hc_train_vi_full_hc_hubert__mfcc_pitch_pitch__a70,ensemble,representation_hc,train_vi_full__hubert__mfcc_pitch | train_vi_full__hubert__pitch_only,"0.7000,0.3000",ensemble,ensemble,ensemble,ensemble,multi,5.842994834210324,0.6341557587506736,9895,0,,Mode3_film_train_vi_full_hubert_mfcc_pitch | Mode3_film_train_vi_full_hubert_pitch_only
full_length,ENS_representation_hc_train_vi_full_hc_hubert__mfcc_pitch_mfbe_pitch__a60,ensemble,representation_hc,train_vi_full__hubert__mfcc_pitch | train_vi_full__hubert__mfbe_only | train_vi_full__hubert__pitch_only,"0.6000,0.2500,0.1500",ensemble,ensemble,ensemble,ensemble,multi,5.842994834210324,0.641764269587022,9895,0,,Mode3_film_train_vi_full_hubert_mfcc_pitch | Mode3_film_train_vi_full_hubert_mfbe_only | Mode3_film_train_vi_full_hubert_pitch_only
full_length,ENS_representation_hc_train_raw_hc_hubert__mfbe_pitch_mfcc_mfbe__eq,ensemble,representation_hc,train_raw__hubert__mfbe_pitch | train_raw__hubert__mfcc_only | train_raw__hubert__mfbe_only,"0.3333,0.3333,0.3333",ensemble,ensemble,ensemble,ensemble,multi,5.842994834210324,0.6752596862809918,9895,0,,Mode3_film_train_raw_hubert_mfbe_pitch | Mode3_film_train_raw_hubert_mfcc_only | Mode3_film_train_raw_hubert_mfbe_only
full_length,ENS_representation_hc_train_vi_3s_hc_wavlm__mfcc_mfbe_pitch__eq,ensemble,representation_hc,train_vi_3s__wavlm__mfcc_only | train_vi_3s__wavlm__mfbe_only | train_vi_3s__wavlm__pitch_only,"0.3333,0.3333,0.3333",ensemble,ensemble,ensemble,ensemble,multi,5.842994834210324,0.688501543392315,9895,0,,Mode3_film_train_vi_3s_wavlm_mfcc_only | Mode3_film_train_vi_3s_wavlm_mfbe_only | Mode3_film_train_vi_3s_wavlm_pitch_only
full_length,ENS_representation_hc_train_vi_full_hc_wav2vec2__mfcc_pitch_mfbe_pitch__a60,ensemble,representation_hc,train_vi_full__wav2vec2__mfcc_pitch | train_vi_full__wav2vec2__mfbe_pitch,"0.6000,0.4000",ensemble,ensemble,ensemble,ensemble,multi,5.842994834210324,0.6918337691669947,9895,0,,Mode3_film_train_vi_full_wav2vec2_mfcc_pitch_bdrop0p1 | Mode3_film_train_vi_full_wav2vec2_mfbe_pitch
full_length,ENS_representation_hc_train_raw_hc_wavlm__mfcc_pitch_mfbe__a60,ensemble,representation_hc,train_raw__wavlm__mfcc_pitch | train_raw__wavlm__mfbe_only,"0.6000,0.4000",ensemble,ensemble,ensemble,ensemble,multi,5.842994834210324,0.71948563395439,9895,0,,Mode3_film_train_raw_wavlm_mfcc_pitch | Mode3_film_train_raw_wavlm_mfbe_only
full_length,ENS_representation_hc_train_vi_full_hc_hubert__mfcc_pitch_mfcc_pitch__eq,ensemble,representation_hc,train_vi_full__hubert__mfcc_pitch | train_vi_full__hubert__mfcc_only | train_vi_full__hubert__pitch_only,"0.3333,0.3333,0.3333",ensemble,ensemble,ensemble,ensemble,multi,5.849707144587557,0.608844366275025,9895,0,,Mode3_film_train_vi_full_hubert_mfcc_pitch | Mode3_film_train_vi_full_hubert_mfcc_only | Mode3_film_train_vi_full_hubert_pitch_only
full_length,ENS_representation_hc_train_vi_full_hc_wavlm__mfcc_pitch_mfbe_pitch_mfbe__eq,ensemble,representation_hc,train_vi_full__wavlm__mfcc_pitch | train_vi_full__wavlm__mfbe_pitch | train_vi_full__wavlm__mfbe_only,"0.3333,0.3333,0.3333",ensemble,ensemble,ensemble,ensemble,multi,5.849707144587557,0.6114566240404775,9895,0,,Mode3_film_train_vi_full_wavlm_mfcc_pitch | Mode3_film_train_vi_full_wavlm_mfbe_pitch | Mode3_film_train_vi_full_wavlm_mfbe_only
full_length,ENS_representation_hc_train_vi_full_hc_hubert__mfcc_pitch_mfbe_pitch_mfbe_pitch__a50,ensemble,representation_hc,train_vi_full__hubert__mfcc_pitch | train_vi_full__hubert__mfbe_pitch | train_vi_full__hubert__mfbe_only | train_vi_full__hubert__pitch_only,"0.5000,0.2000,0.1500,0.1500",ensemble,ensemble,ensemble,ensemble,multi,5.849707144587557,0.6470790692599576,9895,0,,Mode3_film_train_vi_full_hubert_mfcc_pitch | Mode3_film_train_vi_full_hubert_mfbe_pitch | Mode3_film_train_vi_full_hubert_mfbe_only | Mode3_film_train_vi_full_hubert_pitch_only
full_length,ENS_duration_raw_vi_full_5s_7s__eq,ensemble,duration,train_raw__wav2vec2__mfcc_pitch | train_vi_full__wav2vec2__mfcc_pitch | train_vi_5s__wav2vec2__mfcc_pitch | train_vi_7s__wav2vec2__mfcc_pitch,"0.2500,0.2500,0.2500,0.2500",ensemble,ensemble,ensemble,ensemble,multi,5.849707144587557,0.6794021642069312,9895,0,,grid_film_raw_w2v2_mfccpitch_bdrop0p05_aug_aam_C_augOn_ap0p3_fn0p003_en0p002_m0p18_s30 | Mode3_film_train_vi_full_wav2vec2_mfcc_pitch_bdrop0p1 | Mode3_film_train_vi_5s_wav2vec2_mfcc_pitch | Mode3_film_train_vi_7s_wav2vec2_mfcc_pitch
full_length,ENS_representation_hc_train_vi_full_hc_hubert__mfbe_pitch_mfcc_mfbe_pitch__eq,ensemble,representation_hc,train_vi_full__hubert__mfbe_pitch | train_vi_full__hubert__mfcc_only | train_vi_full__hubert__mfbe_only | train_vi_full__hubert__pitch_only,"0.2500,0.2500,0.2500,0.2500",ensemble,ensemble,ensemble,ensemble,multi,5.856419454964789,0.6268944988362951,9895,0,,Mode3_film_train_vi_full_hubert_mfbe_pitch | Mode3_film_train_vi_full_hubert_mfcc_only | Mode3_film_train_vi_full_hubert_mfbe_only | Mode3_film_train_vi_full_hubert_pitch_only
full_length,ENS_representation_hc_train_vi_full_hc_hubert__mfbe_pitch_pitch__a60,ensemble,representation_hc,train_vi_full__hubert__mfbe_pitch | train_vi_full__hubert__pitch_only,"0.6000,0.4000",ensemble,ensemble,ensemble,ensemble,multi,5.856419454964789,0.6444922776597964,9895,0,,Mode3_film_train_vi_full_hubert_mfbe_pitch | Mode3_film_train_vi_full_hubert_pitch_only
full_length,ENS_representation_hc_train_vi_3s_hc_hubert__mfcc_pitch__eq,ensemble,representation_hc,train_vi_3s__hubert__mfcc_only | train_vi_3s__hubert__pitch_only,"0.5000,0.5000",ensemble,ensemble,ensemble,ensemble,multi,5.856419454964789,0.6501978512483965,9895,0,,Mode3_film_train_vi_3s_hubert_mfcc_only | Mode3_film_train_vi_3s_hubert_pitch_only
full_length,ENS_representation_hc_train_raw_hc_hubert__mfcc_mfbe__a70,ensemble,representation_hc,train_raw__hubert__mfcc_only | train_raw__hubert__mfbe_only,"0.7000,0.3000",ensemble,ensemble,ensemble,ensemble,multi,5.883573302545619,0.6586749559034696,9895,0,,Mode3_film_train_raw_hubert_mfcc_only | Mode3_film_train_raw_hubert_mfbe_only
full_length,ENS_representation_hc_train_vi_3s_hc_wavlm__mfcc_pitch_mfbe_pitch__eq,ensemble,representation_hc,train_vi_3s__wavlm__mfcc_pitch | train_vi_3s__wavlm__mfbe_only | train_vi_3s__wavlm__pitch_only,"0.3333,0.3333,0.3333",ensemble,ensemble,ensemble,ensemble,multi,5.883573302545619,0.6664427400408368,9895,0,,Mode3_film_train_vi_3s_wavlm_mfcc_pitch | Mode3_film_train_vi_3s_wavlm_mfbe_only | Mode3_film_train_vi_3s_wavlm_pitch_only
full_length,ENS_representation_hc_train_vi_full_hc_hubert__mfcc_pitch__a70,ensemble,representation_hc,train_vi_full__hubert__mfcc_only | train_vi_full__hubert__pitch_only,"0.7000,0.3000",ensemble,ensemble,ensemble,ensemble,multi,5.8902856129228525,0.6059209712444195,9895,0,,Mode3_film_train_vi_full_hubert_mfcc_only | Mode3_film_train_vi_full_hubert_pitch_only
full_length,ENS_representation_hc_train_vi_full_hc_wavlm__mfbe_pitch_pitch__a60,ensemble,representation_hc,train_vi_full__wavlm__mfbe_pitch | train_vi_full__wavlm__pitch_only,"0.6000,0.4000",ensemble,ensemble,ensemble,ensemble,multi,5.8902856129228525,0.6155810451380097,9895,0,,Mode3_film_train_vi_full_wavlm_mfbe_pitch | Mode3_film_train_vi_full_wavlm_pitch_only
full_length,ENS_representation_hc_train_vi_full_hc_wavlm__mfbe_pitch_mfcc_pitch__a50,ensemble,representation_hc,train_vi_full__wavlm__mfbe_pitch | train_vi_full__wavlm__mfcc_only | train_vi_full__wavlm__pitch_only,"0.5000,0.3000,0.2000",ensemble,ensemble,ensemble,ensemble,multi,5.8902856129228525,0.6193582153135739,9895,0,,Mode3_film_train_vi_full_wavlm_mfbe_pitch | Mode3_film_train_vi_full_wavlm_mfcc_only | Mode3_film_train_vi_full_wavlm_pitch_only
full_length,ENS_representation_hc_train_vi_full_hc_hubert__mfcc_pitch_mfbe_pitch_mfbe_pitch__a45,ensemble,representation_hc,train_vi_full__hubert__mfcc_pitch | train_vi_full__hubert__mfbe_pitch | train_vi_full__hubert__mfbe_only | train_vi_full__hubert__pitch_only,"0.4500,0.2500,0.1500,0.1500",ensemble,ensemble,ensemble,ensemble,multi,5.8902856129228525,0.6500205211189705,9895,0,,Mode3_film_train_vi_full_hubert_mfcc_pitch | Mode3_film_train_vi_full_hubert_mfbe_pitch | Mode3_film_train_vi_full_hubert_mfbe_only | Mode3_film_train_vi_full_hubert_pitch_only
full_length,ENS_representation_hc_train_vi_3s_hc_wavlm__mfcc_pitch_mfcc_pitch__eq,ensemble,representation_hc,train_vi_3s__wavlm__mfcc_pitch | train_vi_3s__wavlm__mfcc_only | train_vi_3s__wavlm__pitch_only,"0.3333,0.3333,0.3333",ensemble,ensemble,ensemble,ensemble,multi,5.8902856129228525,0.6731358959101227,9895,0,,Mode3_film_train_vi_3s_wavlm_mfcc_pitch | Mode3_film_train_vi_3s_wavlm_mfcc_only | Mode3_film_train_vi_3s_wavlm_pitch_only
full_length,ENS_representation_hc_train_vi_3s_hc_wavlm__mfcc_pitch_mfcc_mfbe_pitch__eq,ensemble,representation_hc,train_vi_3s__wavlm__mfcc_pitch | train_vi_3s__wavlm__mfcc_only | train_vi_3s__wavlm__mfbe_only | train_vi_3s__wavlm__pitch_only,"0.2500,0.2500,0.2500,0.2500",ensemble,ensemble,ensemble,ensemble,multi,5.8902856129228525,0.6921013834384532,9895,0,,Mode3_film_train_vi_3s_wavlm_mfcc_pitch | Mode3_film_train_vi_3s_wavlm_mfcc_only | Mode3_film_train_vi_3s_wavlm_mfbe_only | Mode3_film_train_vi_3s_wavlm_pitch_only
full_length,ENS_representation_hc_train_vi_3s_hc_wavlm__mfcc_pitch__a70,ensemble,representation_hc,train_vi_3s__wavlm__mfcc_only | train_vi_3s__wavlm__pitch_only,"0.7000,0.3000",ensemble,ensemble,ensemble,ensemble,multi,5.8902856129228525,0.7049089436404132,9895,0,,Mode3_film_train_vi_3s_wavlm_mfcc_only | Mode3_film_train_vi_3s_wavlm_pitch_only
full_length,ENS_representation_hc_train_vi_full_hc_wavlm__mfbe_pitch_mfcc_mfbe_pitch__a45,ensemble,representation_hc,train_vi_full__wavlm__mfbe_pitch | train_vi_full__wavlm__mfcc_only | train_vi_full__wavlm__mfbe_only | train_vi_full__wavlm__pitch_only,"0.4500,0.2500,0.1500,0.1500",ensemble,ensemble,ensemble,ensemble,multi,5.896997923300079,0.6156606817885191,9895,0,,Mode3_film_train_vi_full_wavlm_mfbe_pitch | Mode3_film_train_vi_full_wavlm_mfcc_only | Mode3_film_train_vi_full_wavlm_mfbe_only | Mode3_film_train_vi_full_wavlm_pitch_only
full_length,ENS_representation_hc_train_vi_full_hc_hubert__mfcc_pitch_mfcc_mfbe_pitch__a45,ensemble,representation_hc,train_vi_full__hubert__mfcc_pitch | train_vi_full__hubert__mfcc_only | train_vi_full__hubert__mfbe_only | train_vi_full__hubert__pitch_only,"0.4500,0.2500,0.1500,0.1500",ensemble,ensemble,ensemble,ensemble,multi,5.896997923300079,0.6198827963649678,9895,0,,Mode3_film_train_vi_full_hubert_mfcc_pitch | Mode3_film_train_vi_full_hubert_mfcc_only | Mode3_film_train_vi_full_hubert_mfbe_only | Mode3_film_train_vi_full_hubert_pitch_only
full_length,ENS_representation_hc_train_vi_full_hc_hubert__mfbe_pitch_mfcc_pitch__eq,ensemble,representation_hc,train_vi_full__hubert__mfbe_pitch | train_vi_full__hubert__mfcc_only | train_vi_full__hubert__pitch_only,"0.3333,0.3333,0.3333",ensemble,ensemble,ensemble,ensemble,multi,5.896997923300079,0.6257837569114011,9895,0,,Mode3_film_train_vi_full_hubert_mfbe_pitch | Mode3_film_train_vi_full_hubert_mfcc_only | Mode3_film_train_vi_full_hubert_pitch_only
full_length,ENS_representation_hc_train_vi_full_hc_wavlm__mfbe_pitch_mfbe_pitch__a50,ensemble,representation_hc,train_vi_full__wavlm__mfbe_pitch | train_vi_full__wavlm__mfbe_only | train_vi_full__wavlm__pitch_only,"0.5000,0.3000,0.2000",ensemble,ensemble,ensemble,ensemble,multi,5.9241517708809095,0.6053602765362108,9895,0,,Mode3_film_train_vi_full_wavlm_mfbe_pitch | Mode3_film_train_vi_full_wavlm_mfbe_only | Mode3_film_train_vi_full_wavlm_pitch_only
full_length,ENS_representation_hc_train_vi_full_hc_hubert__mfcc_pitch_mfcc_mfbe_pitch__a50,ensemble,representation_hc,train_vi_full__hubert__mfcc_pitch | train_vi_full__hubert__mfcc_only | train_vi_full__hubert__mfbe_only | train_vi_full__hubert__pitch_only,"0.5000,0.2000,0.1500,0.1500",ensemble,ensemble,ensemble,ensemble,multi,5.9241517708809095,0.6192785786630647,9895,0,,Mode3_film_train_vi_full_hubert_mfcc_pitch | Mode3_film_train_vi_full_hubert_mfcc_only | Mode3_film_train_vi_full_hubert_mfbe_only | Mode3_film_train_vi_full_hubert_pitch_only
full_length,ENS_representation_hc_train_vi_3s_hc_wavlm__mfbe_pitch__eq,ensemble,representation_hc,train_vi_3s__wavlm__mfbe_only | train_vi_3s__wavlm__pitch_only,"0.5000,0.5000",ensemble,ensemble,ensemble,ensemble,multi,5.9241517708809095,0.6620719996548905,9895,0,,Mode3_film_train_vi_3s_wavlm_mfbe_only | Mode3_film_train_vi_3s_wavlm_pitch_only
full_length,ENS_representation_hc_train_vi_3s_hc_wav2vec2__mfcc_pitch_pitch__a70,ensemble,representation_hc,train_vi_3s__wav2vec2__mfcc_pitch | train_vi_3s__wav2vec2__pitch_only,"0.7000,0.3000",ensemble,ensemble,ensemble,ensemble,multi,5.930864081258142,0.6110116796395929,9895,0,,Mode3_film_train_vi_3s_wav2vec2_mfcc_pitch | Mode3_film_train_vi_3s_wav2vec2_pitch_only
full_length,ENS_representation_hc_train_raw_hc_hubert__mfcc_pitch_mfbe_pitch__eq,ensemble,representation_hc,train_raw__hubert__mfcc_pitch | train_raw__hubert__mfbe_only | train_raw__hubert__pitch_only,"0.3333,0.3333,0.3333",ensemble,ensemble,ensemble,ensemble,multi,5.930864081258142,0.6251360162158013,9895,0,,Mode3_film_train_raw_hubert_mfcc_pitch | Mode3_film_train_raw_hubert_mfbe_only | Mode3_film_train_raw_hubert_pitch_only
full_length,ENS_representation_hc_train_vi_full_hc_wavlm__mfcc_pitch_mfbe_pitch__eq,ensemble,representation_hc,train_vi_full__wavlm__mfcc_pitch | train_vi_full__wavlm__mfbe_pitch,"0.5000,0.5000",ensemble,ensemble,ensemble,ensemble,multi,5.930864081258142,0.6333380972625298,9895,0,,Mode3_film_train_vi_full_wavlm_mfcc_pitch | Mode3_film_train_vi_full_wavlm_mfbe_pitch
full_length,ENS_representation_hc_train_vi_full_hc_hubert__mfcc_pitch_mfbe_pitch_pitch__a50,ensemble,representation_hc,train_vi_full__hubert__mfcc_pitch | train_vi_full__hubert__mfbe_pitch | train_vi_full__hubert__pitch_only,"0.5000,0.3000,0.2000",ensemble,ensemble,ensemble,ensemble,multi,5.930864081258142,0.6506427956492811,9895,0,,Mode3_film_train_vi_full_hubert_mfcc_pitch | Mode3_film_train_vi_full_hubert_mfbe_pitch | Mode3_film_train_vi_full_hubert_pitch_only
full_length,ENS_representation_ptm_train_vi_3s_ptm_mfcc_pitch__wav2vec2_hubert__a60,ensemble,representation_ptm,train_vi_3s__wav2vec2__mfcc_pitch | train_vi_3s__hubert__mfcc_pitch,"0.6000,0.4000",ensemble,ensemble,ensemble,ensemble,multi,5.930864081258142,0.6734289763468726,9895,0,,Mode3_film_train_vi_3s_wav2vec2_mfcc_pitch | Mode3_film_train_vi_3s_hubert_mfcc_pitch
full_length,ENS_representation_hc_train_vi_full_hc_wav2vec2__mfbe_pitch_mfcc_mfbe__a50,ensemble,representation_hc,train_vi_full__wav2vec2__mfbe_pitch | train_vi_full__wav2vec2__mfcc_only | train_vi_full__wav2vec2__mfbe_only,"0.5000,0.3000,0.2000",ensemble,ensemble,ensemble,ensemble,multi,5.930864081258142,0.6857735353195407,9895,0,,Mode3_film_train_vi_full_wav2vec2_mfbe_pitch | Mode3_film_train_vi_full_wav2vec2_mfcc_only | Mode3_film_train_vi_full_wav2vec2_mfbe_only
full_length,ENS_representation_ptm_train_vi_3s_ptm_mfbe_pitch__wav2vec2_wavlm__a60,ensemble,representation_ptm,train_vi_3s__wav2vec2__mfbe_pitch | train_vi_3s__wavlm__mfbe_pitch,"0.6000,0.4000",ensemble,ensemble,ensemble,ensemble,multi,5.930864081258142,0.7163742613028331,9895,0,,Mode3_film_train_vi_3s_wav2vec2_mfbe_pitch | Mode3_film_train_vi_3s_wavlm_mfbe_pitch
full_length,ENS_representation_hc_train_vi_full_hc_wavlm__mfbe_pitch_mfcc_mfbe_pitch__a50,ensemble,representation_hc,train_vi_full__wavlm__mfbe_pitch | train_vi_full__wavlm__mfcc_only | train_vi_full__wavlm__mfbe_only | train_vi_full__wavlm__pitch_only,"0.5000,0.2000,0.1500,0.1500",ensemble,ensemble,ensemble,ensemble,multi,5.937576391635375,0.6141591659479605,9895,0,,Mode3_film_train_vi_full_wavlm_mfbe_pitch | Mode3_film_train_vi_full_wavlm_mfcc_only | Mode3_film_train_vi_full_wavlm_mfbe_only | Mode3_film_train_vi_full_wavlm_pitch_only
full_length,ENS_representation_hc_train_vi_full_hc_hubert__mfcc_mfbe_pitch__a50,ensemble,representation_hc,train_vi_full__hubert__mfcc_only | train_vi_full__hubert__mfbe_only | train_vi_full__hubert__pitch_only,"0.5000,0.3000,0.2000",ensemble,ensemble,ensemble,ensemble,multi,5.937576391635375,0.6215722898264756,9895,0,,Mode3_film_train_vi_full_hubert_mfcc_only | Mode3_film_train_vi_full_hubert_mfbe_only | Mode3_film_train_vi_full_hubert_pitch_only
full_length,ENS_representation_hc_train_vi_full_hc_wavlm__mfbe_pitch_mfcc__eq,ensemble,representation_hc,train_vi_full__wavlm__mfbe_pitch | train_vi_full__wavlm__mfcc_only,"0.5000,0.5000",ensemble,ensemble,ensemble,ensemble,multi,5.937576391635375,0.6339784286212476,9895,0,,Mode3_film_train_vi_full_wavlm_mfbe_pitch | Mode3_film_train_vi_full_wavlm_mfcc_only
full_length,ENS_representation_hc_train_raw_hc_hubert__mfcc_mfbe_pitch__eq,ensemble,representation_hc,train_raw__hubert__mfcc_only | train_raw__hubert__mfbe_only | train_raw__hubert__pitch_only,"0.3333,0.3333,0.3333",ensemble,ensemble,ensemble,ensemble,multi,5.937576391635375,0.6436565593432453,9895,0,,Mode3_film_train_raw_hubert_mfcc_only | Mode3_film_train_raw_hubert_mfbe_only | Mode3_film_train_raw_hubert_pitch_only
full_length,Mode3_film_train_raw_wav2vec2_pitch_only,single,single,Mode3_film_train_raw_wav2vec2_pitch_only,1.0,3,film,pitch_only,wav2vec2,train_raw,5.937576391635375,0.6530235528000875,9895,0,train_raw__wav2vec2__pitch_only,
full_length,ENS_representation_ptm_train_vi_full_ptm_mfbe_only__wavlm_hubert__a60,ensemble,representation_ptm,train_vi_full__wavlm__mfbe_only | train_vi_full__hubert__mfbe_only,"0.6000,0.4000",ensemble,ensemble,ensemble,ensemble,multi,5.964730239216205,0.6040976706471823,9895,0,,Mode3_film_train_vi_full_wavlm_mfbe_only | Mode3_film_train_vi_full_hubert_mfbe_only
full_length,ENS_representation_hc_train_vi_full_hc_hubert__mfcc_pitch_mfbe_pitch_mfcc_pitch__eq,ensemble,representation_hc,train_vi_full__hubert__mfcc_pitch | train_vi_full__hubert__mfbe_pitch | train_vi_full__hubert__mfcc_only | train_vi_full__hubert__pitch_only,"0.2500,0.2500,0.2500,0.2500",ensemble,ensemble,ensemble,ensemble,multi,5.964730239216205,0.6266194752279525,9895,0,,Mode3_film_train_vi_full_hubert_mfcc_pitch | Mode3_film_train_vi_full_hubert_mfbe_pitch | Mode3_film_train_vi_full_hubert_mfcc_only | Mode3_film_train_vi_full_hubert_pitch_only
full_length,ENS_representation_hc_train_vi_full_hc_wavlm__mfbe_pitch_mfcc_mfbe__eq,ensemble,representation_hc,train_vi_full__wavlm__mfbe_pitch | train_vi_full__wavlm__mfcc_only | train_vi_full__wavlm__mfbe_only,"0.3333,0.3333,0.3333",ensemble,ensemble,ensemble,ensemble,multi,5.971442549593438,0.6050130256142429,9895,0,,Mode3_film_train_vi_full_wavlm_mfbe_pitch | Mode3_film_train_vi_full_wavlm_mfcc_only | Mode3_film_train_vi_full_wavlm_mfbe_only
full_length,ENS_representation_hc_train_vi_full_hc_wavlm__mfbe_pitch_mfbe_pitch__a60,ensemble,representation_hc,train_vi_full__wavlm__mfbe_pitch | train_vi_full__wavlm__mfbe_only | train_vi_full__wavlm__pitch_only,"0.6000,0.2500,0.1500",ensemble,ensemble,ensemble,ensemble,multi,5.971442549593438,0.6157583752674357,9895,0,,Mode3_film_train_vi_full_wavlm_mfbe_pitch | Mode3_film_train_vi_full_wavlm_mfbe_only | Mode3_film_train_vi_full_wavlm_pitch_only
full_length,ENS_representation_hc_train_vi_full_hc_wavlm__mfbe_pitch_mfcc__a60,ensemble,representation_hc,train_vi_full__wavlm__mfbe_pitch | train_vi_full__wavlm__mfcc_only,"0.6000,0.4000",ensemble,ensemble,ensemble,ensemble,multi,5.971442549593438,0.644821471753357,9895,0,,Mode3_film_train_vi_full_wavlm_mfbe_pitch | Mode3_film_train_vi_full_wavlm_mfcc_only
full_length,ENS_representation_hc_train_vi_full_hc_hubert__mfcc_pitch_mfbe_pitch_pitch__a60,ensemble,representation_hc,train_vi_full__hubert__mfcc_pitch | train_vi_full__hubert__mfbe_pitch | train_vi_full__hubert__pitch_only,"0.6000,0.2500,0.1500",ensemble,ensemble,ensemble,ensemble,multi,5.971442549593438,0.6529003931558793,9895,0,,Mode3_film_train_vi_full_hubert_mfcc_pitch | Mode3_film_train_vi_full_hubert_mfbe_pitch | Mode3_film_train_vi_full_hubert_pitch_only
full_length,ENS_representation_hc_train_vi_full_hc_wav2vec2__mfbe_pitch_mfbe__eq,ensemble,representation_hc,train_vi_full__wav2vec2__mfbe_pitch | train_vi_full__wav2vec2__mfbe_only,"0.5000,0.5000",ensemble,ensemble,ensemble,ensemble,multi,5.971442549593438,0.7090407740748295,9895,0,,Mode3_film_train_vi_full_wav2vec2_mfbe_pitch | Mode3_film_train_vi_full_wav2vec2_mfbe_only
full_length,ENS_representation_hc_train_raw_hc_wavlm__mfbe_pitch_mfbe__a60,ensemble,representation_hc,train_raw__wavlm__mfbe_pitch | train_raw__wavlm__mfbe_only,"0.6000,0.4000",ensemble,ensemble,ensemble,ensemble,multi,5.971442549593438,0.7363889109339535,9895,0,,Mode3_film_train_raw_wavlm_mfbe_pitch | Mode3_film_train_raw_wavlm_mfbe_only
full_length,ENS_representation_ptm_train_vi_full_ptm_mfbe_only__wavlm_hubert__a70,ensemble,representation_ptm,train_vi_full__wavlm__mfbe_only | train_vi_full__hubert__mfbe_only,"0.7000,0.3000",ensemble,ensemble,ensemble,ensemble,multi,5.978154859970671,0.6004723644357548,9895,0,,Mode3_film_train_vi_full_wavlm_mfbe_only | Mode3_film_train_vi_full_hubert_mfbe_only
full_length,ENS_representation_ptm_train_vi_full_ptm_mfbe_only__wavlm_hubert__eq,ensemble,representation_ptm,train_vi_full__wavlm__mfbe_only | train_vi_full__hubert__mfbe_only,"0.5000,0.5000",ensemble,ensemble,ensemble,ensemble,multi,5.978154859970671,0.613128060673578,9895,0,,Mode3_film_train_vi_full_wavlm_mfbe_only | Mode3_film_train_vi_full_hubert_mfbe_only
full_length,ENS_representation_ptm_train_vi_3s_ptm_mfbe_only__wav2vec2_wavlm_hubert__eq,ensemble,representation_ptm,train_vi_3s__wav2vec2__mfbe_only | train_vi_3s__wavlm__mfbe_only | train_vi_3s__hubert__mfbe_only,"0.3333,0.3333,0.3333",ensemble,ensemble,ensemble,ensemble,multi,6.005308707551495,0.7167937395384283,9895,0,,Mode3_film_train_vi_3s_wav2vec2_mfbe_only | Mode3_film_train_vi_3s_wavlm_mfbe_only | Mode3_film_train_vi_3s_hubert_mfbe_only
full_length,ENS_representation_hc_train_vi_full_hc_wavlm__mfbe_pitch_mfcc_mfbe__a50,ensemble,representation_hc,train_vi_full__wavlm__mfbe_pitch | train_vi_full__wavlm__mfcc_only | train_vi_full__wavlm__mfbe_only,"0.5000,0.3000,0.2000",ensemble,ensemble,ensemble,ensemble,multi,6.012021017928728,0.6177048355088788,9895,0,,Mode3_film_train_vi_full_wavlm_mfbe_pitch | Mode3_film_train_vi_full_wavlm_mfcc_only | Mode3_film_train_vi_full_wavlm_mfbe_only
full_length,ENS_representation_hc_train_vi_full_hc_wavlm__mfbe_pitch_mfcc_pitch__a60,ensemble,representation_hc,train_vi_full__wavlm__mfbe_pitch | train_vi_full__wavlm__mfcc_only | train_vi_full__wavlm__pitch_only,"0.6000,0.2500,0.1500",ensemble,ensemble,ensemble,ensemble,multi,6.012021017928728,0.6285117649841755,9895,0,,Mode3_film_train_vi_full_wavlm_mfbe_pitch | Mode3_film_train_vi_full_wavlm_mfcc_only | Mode3_film_train_vi_full_wavlm_pitch_only
full_length,ENS_representation_hc_train_vi_full_hc_hubert__mfcc_pitch_mfbe__a60,ensemble,representation_hc,train_vi_full__hubert__mfcc_pitch | train_vi_full__hubert__mfbe_only,"0.6000,0.4000",ensemble,ensemble,ensemble,ensemble,multi,6.012021017928728,0.6517354807457677,9895,0,,Mode3_film_train_vi_full_hubert_mfcc_pitch | Mode3_film_train_vi_full_hubert_mfbe_only
full_length,Mode3_film_train_vi_full_hubert_mfbe_only,single,single,Mode3_film_train_vi_full_hubert_mfbe_only,1.0,3,film,mfbe_only,hubert,train_vi_full,6.012021017928728,0.6626762173567937,9895,0,train_vi_full__hubert__mfbe_only,
full_length,ENS_representation_hc_train_vi_3s_hc_wavlm__mfbe_pitch__a60,ensemble,representation_hc,train_vi_3s__wavlm__mfbe_only | train_vi_3s__wavlm__pitch_only,"0.6000,0.4000",ensemble,ensemble,ensemble,ensemble,multi,6.012021017928728,0.6804332694813137,9895,0,,Mode3_film_train_vi_3s_wavlm_mfbe_only | Mode3_film_train_vi_3s_wavlm_pitch_only
full_length,ENS_representation_hc_train_vi_full_hc_wav2vec2__mfbe_pitch_mfcc__eq,ensemble,representation_hc,train_vi_full__wav2vec2__mfbe_pitch | train_vi_full__wav2vec2__mfcc_only,"0.5000,0.5000",ensemble,ensemble,ensemble,ensemble,multi,6.012021017928728,0.6807879297401678,9895,0,,Mode3_film_train_vi_full_wav2vec2_mfbe_pitch | Mode3_film_train_vi_full_wav2vec2_mfcc_only
full_length,ENS_representation_hc_train_vi_3s_hc_wavlm__mfcc_pitch_mfbe_pitch__a50,ensemble,representation_hc,train_vi_3s__wavlm__mfcc_pitch | train_vi_3s__wavlm__mfbe_only | train_vi_3s__wavlm__pitch_only,"0.5000,0.3000,0.2000",ensemble,ensemble,ensemble,ensemble,multi,6.012021017928728,0.7007048858923695,9895,0,,Mode3_film_train_vi_3s_wavlm_mfcc_pitch | Mode3_film_train_vi_3s_wavlm_mfbe_only | Mode3_film_train_vi_3s_wavlm_pitch_only
full_length,ENS_representation_hc_train_vi_full_hc_wav2vec2__mfcc_pitch_mfbe_pitch__eq,ensemble,representation_hc,train_vi_full__wav2vec2__mfcc_pitch | train_vi_full__wav2vec2__mfbe_pitch,"0.5000,0.5000",ensemble,ensemble,ensemble,ensemble,multi,6.012021017928728,0.7108534271805431,9895,0,,Mode3_film_train_vi_full_wav2vec2_mfcc_pitch_bdrop0p1 | Mode3_film_train_vi_full_wav2vec2_mfbe_pitch
full_length,ENS_representation_hc_train_vi_full_hc_hubert__mfcc_pitch_mfcc_pitch__a50,ensemble,representation_hc,train_vi_full__hubert__mfcc_pitch | train_vi_full__hubert__mfcc_only | train_vi_full__hubert__pitch_only,"0.5000,0.3000,0.2000",ensemble,ensemble,ensemble,ensemble,multi,6.01873332830596,0.6154037150085837,9895,0,,Mode3_film_train_vi_full_hubert_mfcc_pitch | Mode3_film_train_vi_full_hubert_mfcc_only | Mode3_film_train_vi_full_hubert_pitch_only
full_length,ENS_representation_hc_train_raw_hc_hubert__mfcc_pitch_mfbe__a60,ensemble,representation_hc,train_raw__hubert__mfcc_pitch | train_raw__hubert__mfbe_only,"0.6000,0.4000",ensemble,ensemble,ensemble,ensemble,multi,6.01873332830596,0.639879389167681,9895,0,,Mode3_film_train_raw_hubert_mfcc_pitch | Mode3_film_train_raw_hubert_mfbe_only
full_length,Mode3_film_train_vi_3s_wav2vec2_pitch_only,single,single,Mode3_film_train_vi_3s_wav2vec2_pitch_only,1.0,3,film,pitch_only,wav2vec2,train_vi_3s,6.01873332830596,0.654116237896574,9895,0,train_vi_3s__wav2vec2__pitch_only,
full_length,ENS_representation_hc_train_vi_full_hc_hubert__mfbe_pitch_mfbe_pitch__a50,ensemble,representation_hc,train_vi_full__hubert__mfbe_pitch | train_vi_full__hubert__mfbe_only | train_vi_full__hubert__pitch_only,"0.5000,0.3000,0.2000",ensemble,ensemble,ensemble,ensemble,multi,6.01873332830596,0.6580452720362729,9895,0,,Mode3_film_train_vi_full_hubert_mfbe_pitch | Mode3_film_train_vi_full_hubert_mfbe_only | Mode3_film_train_vi_full_hubert_pitch_only
full_length,Mode3_film_train_vi_full_wavlm_mfbe_only,single,single,Mode3_film_train_vi_full_wavlm_mfbe_only,1.0,3,film,mfbe_only,wavlm,train_vi_full,6.0525994862640236,0.59567149832269,9895,0,train_vi_full__wavlm__mfbe_only,
full_length,Mode3_film_train_vi_5s_wav2vec2_pitch_only,single,single,Mode3_film_train_vi_5s_wav2vec2_pitch_only,1.0,3,film,pitch_only,wav2vec2,train_vi_5s,6.0525994862640236,0.609021696404451,9895,0,train_vi_5s__wav2vec2__pitch_only,
full_length,ENS_representation_hc_train_vi_full_hc_hubert__mfcc_mfbe_pitch__a60,ensemble,representation_hc,train_vi_full__hubert__mfcc_only | train_vi_full__hubert__mfbe_only | train_vi_full__hubert__pitch_only,"0.6000,0.2500,0.1500",ensemble,ensemble,ensemble,ensemble,multi,6.0525994862640236,0.6157944889242484,9895,0,,Mode3_film_train_vi_full_hubert_mfcc_only | Mode3_film_train_vi_full_hubert_mfbe_only | Mode3_film_train_vi_full_hubert_pitch_only
full_length,ENS_representation_hc_train_vi_full_hc_hubert__mfcc_pitch_mfbe_pitch_mfcc_pitch__a50,ensemble,representation_hc,train_vi_full__hubert__mfcc_pitch | train_vi_full__hubert__mfbe_pitch | train_vi_full__hubert__mfcc_only | train_vi_full__hubert__pitch_only,"0.5000,0.2000,0.1500,0.1500",ensemble,ensemble,ensemble,ensemble,multi,6.0525994862640236,0.6346007031515583,9895,0,,Mode3_film_train_vi_full_hubert_mfcc_pitch | Mode3_film_train_vi_full_hubert_mfbe_pitch | Mode3_film_train_vi_full_hubert_mfcc_only | Mode3_film_train_vi_full_hubert_pitch_only
full_length,ENS_representation_hc_train_vi_full_hc_hubert__mfcc_pitch_mfbe__a70,ensemble,representation_hc,train_vi_full__hubert__mfcc_pitch | train_vi_full__hubert__mfbe_only,"0.7000,0.3000",ensemble,ensemble,ensemble,ensemble,multi,6.0525994862640236,0.6486602217510253,9895,0,,Mode3_film_train_vi_full_hubert_mfcc_pitch | Mode3_film_train_vi_full_hubert_mfbe_only
full_length,ENS_representation_hc_train_vi_full_hc_hubert__mfcc_pitch_mfbe__eq,ensemble,representation_hc,train_vi_full__hubert__mfcc_pitch | train_vi_full__hubert__mfbe_only,"0.5000,0.5000",ensemble,ensemble,ensemble,ensemble,multi,6.0525994862640236,0.6536023043367014,9895,0,,Mode3_film_train_vi_full_hubert_mfcc_pitch | Mode3_film_train_vi_full_hubert_mfbe_only
full_length,ENS_representation_ptm_train_vi_3s_ptm_mfbe_pitch__wav2vec2_wavlm_hubert__a60,ensemble,representation_ptm,train_vi_3s__wav2vec2__mfbe_pitch | train_vi_3s__wavlm__mfbe_pitch | train_vi_3s__hubert__mfbe_pitch,"0.6000,0.2500,0.1500",ensemble,ensemble,ensemble,ensemble,multi,6.0525994862640236,0.7081360665992922,9895,0,,Mode3_film_train_vi_3s_wav2vec2_mfbe_pitch | Mode3_film_train_vi_3s_wavlm_mfbe_pitch | Mode3_film_train_vi_3s_hubert_mfbe_pitch
full_length,ENS_representation_hc_train_vi_3s_hc_wavlm__mfbe_pitch_mfcc_pitch__eq,ensemble,representation_hc,train_vi_3s__wavlm__mfbe_pitch | train_vi_3s__wavlm__mfcc_only | train_vi_3s__wavlm__pitch_only,"0.3333,0.3333,0.3333",ensemble,ensemble,ensemble,ensemble,multi,6.0525994862640236,0.7124271703347269,9895,0,,Mode3_film_train_vi_3s_wavlm_mfbe_pitch | Mode3_film_train_vi_3s_wavlm_mfcc_only | Mode3_film_train_vi_3s_wavlm_pitch_only
full_length,ENS_representation_hc_train_vi_full_hc_wavlm__mfbe_pitch_pitch__a70,ensemble,representation_hc,train_vi_full__wavlm__mfbe_pitch | train_vi_full__wavlm__pitch_only,"0.7000,0.3000",ensemble,ensemble,ensemble,ensemble,multi,6.059311796641256,0.6267787485289733,9895,0,,Mode3_film_train_vi_full_wavlm_mfbe_pitch | Mode3_film_train_vi_full_wavlm_pitch_only
full_length,ENS_representation_hc_train_vi_full_hc_hubert__mfcc_pitch_mfcc_pitch__a60,ensemble,representation_hc,train_vi_full__hubert__mfcc_pitch | train_vi_full__hubert__mfcc_only | train_vi_full__hubert__pitch_only,"0.6000,0.2500,0.1500",ensemble,ensemble,ensemble,ensemble,multi,6.059311796641256,0.6272056361014503,9895,0,,Mode3_film_train_vi_full_hubert_mfcc_pitch | Mode3_film_train_vi_full_hubert_mfcc_only | Mode3_film_train_vi_full_hubert_pitch_only
full_length,ENS_representation_hc_train_vi_full_hc_hubert__mfcc_pitch_mfbe_pitch_mfcc_mfbe_pitch__a45,ensemble,representation_hc,train_vi_full__hubert__mfcc_pitch | train_vi_full__hubert__mfbe_pitch | train_vi_full__hubert__mfcc_only | train_vi_full__hubert__mfbe_only | train_vi_full__hubert__pitch_only,"0.4500,0.2000,0.1500,0.1000,0.1000",ensemble,ensemble,ensemble,ensemble,multi,6.059311796641256,0.6345030096726414,9895,0,,Mode3_film_train_vi_full_hubert_mfcc_pitch | Mode3_film_train_vi_full_hubert_mfbe_pitch | Mode3_film_train_vi_full_hubert_mfcc_only | Mode3_film_train_vi_full_hubert_mfbe_only | Mode3_film_train_vi_full_hubert_pitch_only
full_length,ENS_representation_hc_train_vi_full_hc_hubert__mfcc_pitch_mfbe_pitch_mfcc_mfbe_pitch__a40,ensemble,representation_hc,train_vi_full__hubert__mfcc_pitch | train_vi_full__hubert__mfbe_pitch | train_vi_full__hubert__mfcc_only | train_vi_full__hubert__mfbe_only | train_vi_full__hubert__pitch_only,"0.4000,0.2500,0.1500,0.1000,0.1000",ensemble,ensemble,ensemble,ensemble,multi,6.059311796641256,0.6420754068521773,9895,0,,Mode3_film_train_vi_full_hubert_mfcc_pitch | Mode3_film_train_vi_full_hubert_mfbe_pitch | Mode3_film_train_vi_full_hubert_mfcc_only | Mode3_film_train_vi_full_hubert_mfbe_only | Mode3_film_train_vi_full_hubert_pitch_only
full_length,ENS_representation_ptm_train_vi_3s_ptm_mfcc_pitch__wav2vec2_wavlm_hubert__eq,ensemble,representation_ptm,train_vi_3s__wav2vec2__mfcc_pitch | train_vi_3s__wavlm__mfcc_pitch | train_vi_3s__hubert__mfcc_pitch,"0.3333,0.3333,0.3333",ensemble,ensemble,ensemble,ensemble,multi,6.059311796641256,0.7065081529598883,9895,0,,Mode3_film_train_vi_3s_wav2vec2_mfcc_pitch | Mode3_film_train_vi_3s_wavlm_mfcc_pitch | Mode3_film_train_vi_3s_hubert_mfcc_pitch
full_length,ENS_representation_hc_train_vi_full_hc_hubert__mfcc_pitch_mfcc_mfbe__eq,ensemble,representation_hc,train_vi_full__hubert__mfcc_pitch | train_vi_full__hubert__mfcc_only | train_vi_full__hubert__mfbe_only,"0.3333,0.3333,0.3333",ensemble,ensemble,ensemble,ensemble,multi,6.086465644222086,0.6326542429101151,9895,0,,Mode3_film_train_vi_full_hubert_mfcc_pitch | Mode3_film_train_vi_full_hubert_mfcc_only | Mode3_film_train_vi_full_hubert_mfbe_only
full_length,ENS_representation_hc_train_vi_full_hc_wavlm__mfbe_pitch_mfbe__eq,ensemble,representation_hc,train_vi_full__wavlm__mfbe_pitch | train_vi_full__wavlm__mfbe_only,"0.5000,0.5000",ensemble,ensemble,ensemble,ensemble,multi,6.093177954599313,0.6043291712618283,9895,0,,Mode3_film_train_vi_full_wavlm_mfbe_pitch | Mode3_film_train_vi_full_wavlm_mfbe_only
full_length,ENS_representation_hc_train_vi_full_hc_wavlm__mfbe_pitch_mfbe__a60,ensemble,representation_hc,train_vi_full__wavlm__mfbe_pitch | train_vi_full__wavlm__mfbe_only,"0.6000,0.4000",ensemble,ensemble,ensemble,ensemble,multi,6.093177954599313,0.6141411091195551,9895,0,,Mode3_film_train_vi_full_wavlm_mfbe_pitch | Mode3_film_train_vi_full_wavlm_mfbe_only
full_length,Mode3_film_train_vi_3s_wav2vec2_mfcc_pitch,single,single,Mode3_film_train_vi_3s_wav2vec2_mfcc_pitch,1.0,3,film,mfcc_pitch,wav2vec2,train_vi_3s,6.093177954599313,0.6201397631449052,9895,0,train_vi_3s__wav2vec2__mfcc_pitch,
full_length,ENS_representation_hc_train_vi_full_hc_hubert__mfcc_pitch_mfcc_mfbe__a50,ensemble,representation_hc,train_vi_full__hubert__mfcc_pitch | train_vi_full__hubert__mfcc_only | train_vi_full__hubert__mfbe_only,"0.5000,0.3000,0.2000",ensemble,ensemble,ensemble,ensemble,multi,6.093177954599313,0.6325565494311985,9895,0,,Mode3_film_train_vi_full_hubert_mfcc_pitch | Mode3_film_train_vi_full_hubert_mfcc_only | Mode3_film_train_vi_full_hubert_mfbe_only
full_length,ENS_representation_hc_train_vi_full_hc_hubert__mfbe_pitch_mfcc_mfbe_pitch__a45,ensemble,representation_hc,train_vi_full__hubert__mfbe_pitch | train_vi_full__hubert__mfcc_only | train_vi_full__hubert__mfbe_only | train_vi_full__hubert__pitch_only,"0.4500,0.2500,0.1500,0.1500",ensemble,ensemble,ensemble,ensemble,multi,6.093177954599313,0.6429546481624232,9895,0,,Mode3_film_train_vi_full_hubert_mfbe_pitch | Mode3_film_train_vi_full_hubert_mfcc_only | Mode3_film_train_vi_full_hubert_mfbe_only | Mode3_film_train_vi_full_hubert_pitch_only
full_length,ENS_representation_hc_train_vi_full_hc_hubert__mfbe_pitch_pitch__a70,ensemble,representation_hc,train_vi_full__hubert__mfbe_pitch | train_vi_full__hubert__pitch_only,"0.7000,0.3000",ensemble,ensemble,ensemble,ensemble,multi,6.093177954599313,0.6625965807062845,9895,0,,Mode3_film_train_vi_full_hubert_mfbe_pitch | Mode3_film_train_vi_full_hubert_pitch_only
full_length,Mode3_film_train_raw_wav2vec2_mfbe_only,single,single,Mode3_film_train_raw_wav2vec2_mfbe_only,1.0,3,film,mfbe_only,wav2vec2,train_raw,6.093177954599313,0.6628970704799184,9895,0,train_raw__wav2vec2__mfbe_only,
full_length,ENS_representation_hc_train_vi_3s_hc_hubert__mfbe_pitch__eq,ensemble,representation_hc,train_vi_3s__hubert__mfbe_only | train_vi_3s__hubert__pitch_only,"0.5000,0.5000",ensemble,ensemble,ensemble,ensemble,multi,6.093177954599313,0.6804332694813137,9895,0,,Mode3_film_train_vi_3s_hubert_mfbe_only | Mode3_film_train_vi_3s_hubert_pitch_only
full_length,Mode3_film_train_vi_3s_wav2vec2_mfbe_pitch,single,single,Mode3_film_train_vi_3s_wav2vec2_mfbe_pitch,1.0,3,film,mfbe_pitch,wav2vec2,train_vi_3s,6.093177954599313,0.70971721909036,9895,0,train_vi_3s__wav2vec2__mfbe_pitch,
full_length,ENS_representation_ptm_train_vi_3s_ptm_mfbe_only__wav2vec2_hubert__eq,ensemble,representation_ptm,train_vi_3s__wav2vec2__mfbe_only | train_vi_3s__hubert__mfbe_only,"0.5000,0.5000",ensemble,ensemble,ensemble,ensemble,multi,6.093177954599313,0.7144203917245059,9895,0,,Mode3_film_train_vi_3s_wav2vec2_mfbe_only | Mode3_film_train_vi_3s_hubert_mfbe_only
full_length,ENS_representation_hc_train_vi_full_hc_wav2vec2__mfbe_pitch_mfbe_pitch__a60,ensemble,representation_hc,train_vi_full__wav2vec2__mfbe_pitch | train_vi_full__wav2vec2__mfbe_only | train_vi_full__wav2vec2__pitch_only,"0.6000,0.2500,0.1500",ensemble,ensemble,ensemble,ensemble,multi,6.093177954599313,0.7216603566558399,9895,0,,Mode3_film_train_vi_full_wav2vec2_mfbe_pitch | Mode3_film_train_vi_full_wav2vec2_mfbe_only | Mode3_film_train_vi_full_wav2vec2_pitch_only
full_length,ENS_representation_hc_train_vi_3s_hc_wavlm__mfcc_mfbe_pitch__a50,ensemble,representation_hc,train_vi_3s__wavlm__mfcc_only | train_vi_3s__wavlm__mfbe_only | train_vi_3s__wavlm__pitch_only,"0.5000,0.3000,0.2000",ensemble,ensemble,ensemble,ensemble,multi,6.093177954599313,0.7276696581727132,9895,0,,Mode3_film_train_vi_3s_wavlm_mfcc_only | Mode3_film_train_vi_3s_wavlm_mfbe_only | Mode3_film_train_vi_3s_wavlm_pitch_only
full_length,ENS_representation_hc_train_vi_full_hc_wavlm__mfbe_pitch_mfcc_mfbe__a60,ensemble,representation_hc,train_vi_full__wavlm__mfbe_pitch | train_vi_full__wavlm__mfcc_only | train_vi_full__wavlm__mfbe_only,"0.6000,0.2500,0.1500",ensemble,ensemble,ensemble,ensemble,multi,6.099890264976546,0.6286636289483122,9895,0,,Mode3_film_train_vi_full_wavlm_mfbe_pitch | Mode3_film_train_vi_full_wavlm_mfcc_only | Mode3_film_train_vi_full_wavlm_mfbe_only
full_length,ENS_representation_hc_train_vi_full_hc_hubert__mfcc_pitch_mfbe_pitch_mfcc_pitch__a45,ensemble,representation_hc,train_vi_full__hubert__mfcc_pitch | train_vi_full__hubert__mfbe_pitch | train_vi_full__hubert__mfcc_only | train_vi_full__hubert__pitch_only,"0.4500,0.2500,0.1500,0.1500",ensemble,ensemble,ensemble,ensemble,multi,6.099890264976546,0.6386890105922778,9895,0,,Mode3_film_train_vi_full_hubert_mfcc_pitch | Mode3_film_train_vi_full_hubert_mfbe_pitch | Mode3_film_train_vi_full_hubert_mfcc_only | Mode3_film_train_vi_full_hubert_pitch_only
full_length,ENS_representation_hc_train_vi_full_hc_hubert__mfcc_pitch_mfbe_pitch_mfbe__eq,ensemble,representation_hc,train_vi_full__hubert__mfcc_pitch | train_vi_full__hubert__mfbe_pitch | train_vi_full__hubert__mfbe_only,"0.3333,0.3333,0.3333",ensemble,ensemble,ensemble,ensemble,multi,6.099890264976546,0.6617353962244438,9895,0,,Mode3_film_train_vi_full_hubert_mfcc_pitch | Mode3_film_train_vi_full_hubert_mfbe_pitch | Mode3_film_train_vi_full_hubert_mfbe_only
full_length,ENS_representation_hc_train_vi_full_hc_hubert__mfcc_mfbe__a60,ensemble,representation_hc,train_vi_full__hubert__mfcc_only | train_vi_full__hubert__mfbe_only,"0.6000,0.4000",ensemble,ensemble,ensemble,ensemble,multi,6.133756422934609,0.6266375320563597,9895,0,,Mode3_film_train_vi_full_hubert_mfcc_only | Mode3_film_train_vi_full_hubert_mfbe_only
full_length,ENS_representation_hc_train_vi_full_hc_hubert__mfcc_pitch_mfcc_mfbe__a60,ensemble,representation_hc,train_vi_full__hubert__mfcc_pitch | train_vi_full__hubert__mfcc_only | train_vi_full__hubert__mfbe_only,"0.6000,0.2500,0.1500",ensemble,ensemble,ensemble,ensemble,multi,6.133756422934609,0.6382621230198005,9895,0,,Mode3_film_train_vi_full_hubert_mfcc_pitch | Mode3_film_train_vi_full_hubert_mfcc_only | Mode3_film_train_vi_full_hubert_mfbe_only
full_length,ENS_representation_hc_train_vi_full_hc_hubert__mfcc_pitch_mfbe_pitch_mfcc_mfbe__eq,ensemble,representation_hc,train_vi_full__hubert__mfcc_pitch | train_vi_full__hubert__mfbe_pitch | train_vi_full__hubert__mfcc_only | train_vi_full__hubert__mfbe_only,"0.2500,0.2500,0.2500,0.2500",ensemble,ensemble,ensemble,ensemble,multi,6.133756422934609,0.6439241736147039,9895,0,,Mode3_film_train_vi_full_hubert_mfcc_pitch | Mode3_film_train_vi_full_hubert_mfbe_pitch | Mode3_film_train_vi_full_hubert_mfcc_only | Mode3_film_train_vi_full_hubert_mfbe_only
full_length,ENS_representation_hc_train_vi_full_hc_wavlm__mfbe_pitch_mfcc__a70,ensemble,representation_hc,train_vi_full__wavlm__mfbe_pitch | train_vi_full__wavlm__mfcc_only,"0.7000,0.3000",ensemble,ensemble,ensemble,ensemble,multi,6.133756422934609,0.6473179792114855,9895,0,,Mode3_film_train_vi_full_wavlm_mfbe_pitch | Mode3_film_train_vi_full_wavlm_mfcc_only
full_length,ENS_representation_hc_train_vi_full_hc_hubert__mfbe_pitch_mfcc_mfbe_pitch__a50,ensemble,representation_hc,train_vi_full__hubert__mfbe_pitch | train_vi_full__hubert__mfcc_only | train_vi_full__hubert__mfbe_only | train_vi_full__hubert__pitch_only,"0.5000,0.2000,0.1500,0.1500",ensemble,ensemble,ensemble,ensemble,multi,6.133756422934609,0.6476471733050482,9895,0,,Mode3_film_train_vi_full_hubert_mfbe_pitch | Mode3_film_train_vi_full_hubert_mfcc_only | Mode3_film_train_vi_full_hubert_mfbe_only | Mode3_film_train_vi_full_hubert_pitch_only
full_length,Mode3_film_train_vi_full_hubert_mfcc_pitch,single,single,Mode3_film_train_vi_full_hubert_mfcc_pitch,1.0,3,film,mfcc_pitch,hubert,train_vi_full,6.133756422934609,0.6631466279229697,9895,0,train_vi_full__hubert__mfcc_pitch,
full_length,ENS_representation_hc_train_vi_3s_hc_wavlm__mfbe_pitch_pitch__eq,ensemble,representation_hc,train_vi_3s__wavlm__mfbe_pitch | train_vi_3s__wavlm__pitch_only,"0.5000,0.5000",ensemble,ensemble,ensemble,ensemble,multi,6.133756422934609,0.6857735353195407,9895,0,,Mode3_film_train_vi_3s_wavlm_mfbe_pitch | Mode3_film_train_vi_3s_wavlm_pitch_only
full_length,ENS_representation_ptm_train_vi_3s_ptm_mfbe_pitch__wav2vec2_wavlm__eq,ensemble,representation_ptm,train_vi_3s__wav2vec2__mfbe_pitch | train_vi_3s__wavlm__mfbe_pitch,"0.5000,0.5000",ensemble,ensemble,ensemble,ensemble,multi,6.140468733311842,0.7325501609362852,9895,0,,Mode3_film_train_vi_3s_wav2vec2_mfbe_pitch | Mode3_film_train_vi_3s_wavlm_mfbe_pitch
full_length,ENS_representation_hc_train_vi_full_hc_wav2vec2__mfbe_pitch_pitch__a60,ensemble,representation_hc,train_vi_full__wav2vec2__mfbe_pitch | train_vi_full__wav2vec2__pitch_only,"0.6000,0.4000",ensemble,ensemble,ensemble,ensemble,multi,6.1676225808926715,0.6996992467832786,9895,0,,Mode3_film_train_vi_full_wav2vec2_mfbe_pitch | Mode3_film_train_vi_full_wav2vec2_pitch_only
full_length,ENS_representation_hc_train_vi_full_hc_hubert__mfcc_pitch_mfcc__a60,ensemble,representation_hc,train_vi_full__hubert__mfcc_pitch | train_vi_full__hubert__mfcc_only,"0.6000,0.4000",ensemble,ensemble,ensemble,ensemble,multi,6.174334891269904,0.6328676866963536,9895,0,,Mode3_film_train_vi_full_hubert_mfcc_pitch | Mode3_film_train_vi_full_hubert_mfcc_only
full_length,ENS_representation_hc_train_vi_full_hc_hubert__mfcc_mfbe__eq,ensemble,representation_hc,train_vi_full__hubert__mfcc_only | train_vi_full__hubert__mfbe_only,"0.5000,0.5000",ensemble,ensemble,ensemble,ensemble,multi,6.174334891269904,0.6339784286212476,9895,0,,Mode3_film_train_vi_full_hubert_mfcc_only | Mode3_film_train_vi_full_hubert_mfbe_only
full_length,ENS_representation_hc_train_vi_full_hc_hubert__mfcc_pitch_mfbe_pitch_mfcc_mfbe__a50,ensemble,representation_hc,train_vi_full__hubert__mfcc_pitch | train_vi_full__hubert__mfbe_pitch | train_vi_full__hubert__mfcc_only | train_vi_full__hubert__mfbe_only,"0.5000,0.2000,0.1500,0.1500",ensemble,ensemble,ensemble,ensemble,multi,6.174334891269904,0.6447418351028478,9895,0,,Mode3_film_train_vi_full_hubert_mfcc_pitch | Mode3_film_train_vi_full_hubert_mfbe_pitch | Mode3_film_train_vi_full_hubert_mfcc_only | Mode3_film_train_vi_full_hubert_mfbe_only
full_length,ENS_representation_hc_train_vi_5s_hc_hubert__mfcc_pitch__eq,ensemble,representation_hc,train_vi_5s__hubert__mfcc_only | train_vi_5s__hubert__pitch_only,"0.5000,0.5000",ensemble,ensemble,ensemble,ensemble,multi,6.174334891269904,0.6582661251593976,9895,0,,Mode3_film_train_vi_5s_hubert_mfcc_only | Mode3_film_train_vi_5s_hubert_pitch_only
full_length,ENS_representation_ptm_train_vi_3s_ptm_mfcc_pitch__wav2vec2_hubert__eq,ensemble,representation_ptm,train_vi_3s__wav2vec2__mfcc_pitch | train_vi_3s__hubert__mfcc_pitch,"0.5000,0.5000",ensemble,ensemble,ensemble,ensemble,multi,6.174334891269904,0.7026768122991041,9895,0,,Mode3_film_train_vi_3s_wav2vec2_mfcc_pitch | Mode3_film_train_vi_3s_hubert_mfcc_pitch
full_length,ENS_representation_hc_train_vi_3s_hc_wavlm__mfbe_pitch__a70,ensemble,representation_hc,train_vi_3s__wavlm__mfbe_only | train_vi_3s__wavlm__pitch_only,"0.7000,0.3000",ensemble,ensemble,ensemble,ensemble,multi,6.174334891269904,0.7099667765334111,9895,0,,Mode3_film_train_vi_3s_wavlm_mfbe_only | Mode3_film_train_vi_3s_wavlm_pitch_only
full_length,ENS_representation_hc_train_raw_hc_wavlm__mfbe_pitch__eq,ensemble,representation_hc,train_raw__wavlm__mfbe_only | train_raw__wavlm__pitch_only,"0.5000,0.5000",ensemble,ensemble,ensemble,ensemble,multi,6.174334891269904,0.7236535780456189,9895,0,,Mode3_film_train_raw_wavlm_mfbe_only | Mode3_film_train_raw_wavlm_pitch_only
full_length,ENS_representation_hc_train_vi_3s_hc_wavlm__mfcc_pitch_mfbe_pitch_mfcc_pitch__eq,ensemble,representation_hc,train_vi_3s__wavlm__mfcc_pitch | train_vi_3s__wavlm__mfbe_pitch | train_vi_3s__wavlm__mfcc_only | train_vi_3s__wavlm__pitch_only,"0.2500,0.2500,0.2500,0.2500",ensemble,ensemble,ensemble,ensemble,multi,6.174334891269904,0.7248874796147189,9895,0,,Mode3_film_train_vi_3s_wavlm_mfcc_pitch | Mode3_film_train_vi_3s_wavlm_mfbe_pitch | Mode3_film_train_vi_3s_wavlm_mfcc_only | Mode3_film_train_vi_3s_wavlm_pitch_only
full_length,ENS_representation_hc_train_vi_full_hc_wav2vec2__mfbe_pitch_mfbe__a60,ensemble,representation_hc,train_vi_full__wav2vec2__mfbe_pitch | train_vi_full__wav2vec2__mfbe_only,"0.6000,0.4000",ensemble,ensemble,ensemble,ensemble,multi,6.174334891269904,0.7433464429200609,9895,0,,Mode3_film_train_vi_full_wav2vec2_mfbe_pitch | Mode3_film_train_vi_full_wav2vec2_mfbe_only
full_length,ENS_representation_hc_train_vi_full_hc_hubert__mfbe_pitch_mfcc_pitch__a50,ensemble,representation_hc,train_vi_full__hubert__mfbe_pitch | train_vi_full__hubert__mfcc_only | train_vi_full__hubert__pitch_only,"0.5000,0.3000,0.2000",ensemble,ensemble,ensemble,ensemble,multi,6.181047201647131,0.639586308730933,9895,0,,Mode3_film_train_vi_full_hubert_mfbe_pitch | Mode3_film_train_vi_full_hubert_mfcc_only | Mode3_film_train_vi_full_hubert_pitch_only
full_length,ENS_representation_hc_train_vi_full_hc_hubert__mfcc_pitch_mfbe_pitch_mfcc_mfbe__a45,ensemble,representation_hc,train_vi_full__hubert__mfcc_pitch | train_vi_full__hubert__mfbe_pitch | train_vi_full__hubert__mfcc_only | train_vi_full__hubert__mfbe_only,"0.4500,0.2500,0.1500,0.1500",ensemble,ensemble,ensemble,ensemble,multi,6.181047201647131,0.6487324490646507,9895,0,,Mode3_film_train_vi_full_hubert_mfcc_pitch | Mode3_film_train_vi_full_hubert_mfbe_pitch | Mode3_film_train_vi_full_hubert_mfcc_only | Mode3_film_train_vi_full_hubert_mfbe_only
full_length,ENS_representation_ptm_train_vi_full_ptm_mfbe_pitch__wavlm_hubert__a60,ensemble,representation_ptm,train_vi_full__wavlm__mfbe_pitch | train_vi_full__hubert__mfbe_pitch,"0.6000,0.4000",ensemble,ensemble,ensemble,ensemble,multi,6.181047201647131,0.6490509956666899,9895,0,,Mode3_film_train_vi_full_wavlm_mfbe_pitch | Mode3_film_train_vi_full_hubert_mfbe_pitch
full_length,ENS_representation_hc_train_vi_full_hc_wavlm__mfbe_pitch_mfbe__a70,ensemble,representation_hc,train_vi_full__wavlm__mfbe_pitch | train_vi_full__wavlm__mfbe_only,"0.7000,0.3000",ensemble,ensemble,ensemble,ensemble,multi,6.208201049227962,0.6275167733666056,9895,0,,Mode3_film_train_vi_full_wavlm_mfbe_pitch | Mode3_film_train_vi_full_wavlm_mfbe_only
full_length,ENS_representation_hc_train_vi_full_hc_hubert__mfbe_pitch_mfbe_pitch__a60,ensemble,representation_hc,train_vi_full__hubert__mfbe_pitch | train_vi_full__hubert__mfbe_only | train_vi_full__hubert__pitch_only,"0.6000,0.2500,0.1500",ensemble,ensemble,ensemble,ensemble,multi,6.208201049227962,0.6687470986957711,9895,0,,Mode3_film_train_vi_full_hubert_mfbe_pitch | Mode3_film_train_vi_full_hubert_mfbe_only | Mode3_film_train_vi_full_hubert_pitch_only
full_length,ENS_representation_hc_train_vi_3s_hc_wavlm__mfcc_pitch_mfcc_pitch__a50,ensemble,representation_hc,train_vi_3s__wavlm__mfcc_pitch | train_vi_3s__wavlm__mfcc_only | train_vi_3s__wavlm__pitch_only,"0.5000,0.3000,0.2000",ensemble,ensemble,ensemble,ensemble,multi,6.208201049227962,0.7099126060481932,9895,0,,Mode3_film_train_vi_3s_wavlm_mfcc_pitch | Mode3_film_train_vi_3s_wavlm_mfcc_only | Mode3_film_train_vi_3s_wavlm_pitch_only
full_length,ENS_representation_hc_train_vi_full_hc_hubert__mfcc_pitch_mfcc__eq,ensemble,representation_hc,train_vi_full__hubert__mfcc_pitch | train_vi_full__hubert__mfcc_only,"0.5000,0.5000",ensemble,ensemble,ensemble,ensemble,multi,6.214913359605195,0.6253133463452273,9895,0,,Mode3_film_train_vi_full_hubert_mfcc_pitch | Mode3_film_train_vi_full_hubert_mfcc_only
full_length,ENS_representation_hc_train_vi_full_hc_hubert__mfcc_pitch_mfcc__a70,ensemble,representation_hc,train_vi_full__hubert__mfcc_pitch | train_vi_full__hubert__mfcc_only,"0.7000,0.3000",ensemble,ensemble,ensemble,ensemble,multi,6.214913359605195,0.6342534522295903,9895,0,,Mode3_film_train_vi_full_hubert_mfcc_pitch | Mode3_film_train_vi_full_hubert_mfcc_only
full_length,ENS_representation_hc_train_vi_full_hc_hubert__mfcc_pitch_mfbe_pitch_mfcc__eq,ensemble,representation_hc,train_vi_full__hubert__mfcc_pitch | train_vi_full__hubert__mfbe_pitch | train_vi_full__hubert__mfcc_only,"0.3333,0.3333,0.3333",ensemble,ensemble,ensemble,ensemble,multi,6.214913359605195,0.6431319782918513,9895,0,,Mode3_film_train_vi_full_hubert_mfcc_pitch | Mode3_film_train_vi_full_hubert_mfbe_pitch | Mode3_film_train_vi_full_hubert_mfcc_only
full_length,ENS_representation_hc_train_vi_5s_hc_hubert__mfcc_pitch_pitch__eq,ensemble,representation_hc,train_vi_5s__hubert__mfcc_pitch | train_vi_5s__hubert__pitch_only,"0.5000,0.5000",ensemble,ensemble,ensemble,ensemble,multi,6.214913359605195,0.6455127354426556,9895,0,,Mode3_film_train_vi_5s_hubert_mfcc_pitch | Mode3_film_train_vi_5s_hubert_pitch_only
full_length,ENS_representation_hc_train_vi_full_hc_hubert__mfcc_pitch_mfbe_pitch_mfcc__a50,ensemble,representation_hc,train_vi_full__hubert__mfcc_pitch | train_vi_full__hubert__mfbe_pitch | train_vi_full__hubert__mfcc_only,"0.5000,0.3000,0.2000",ensemble,ensemble,ensemble,ensemble,multi,6.214913359605195,0.6462072372865936,9895,0,,Mode3_film_train_vi_full_hubert_mfcc_pitch | Mode3_film_train_vi_full_hubert_mfbe_pitch | Mode3_film_train_vi_full_hubert_mfcc_only
full_length,ENS_representation_hc_train_vi_full_hc_hubert__mfcc_pitch_mfbe_pitch_mfcc__a60,ensemble,representation_hc,train_vi_full__hubert__mfcc_pitch | train_vi_full__hubert__mfbe_pitch | train_vi_full__hubert__mfcc_only,"0.6000,0.2500,0.1500",ensemble,ensemble,ensemble,ensemble,multi,6.214913359605195,0.6524373919265897,9895,0,,Mode3_film_train_vi_full_hubert_mfcc_pitch | Mode3_film_train_vi_full_hubert_mfbe_pitch | Mode3_film_train_vi_full_hubert_mfcc_only
full_length,ENS_representation_ptm_train_vi_full_ptm_mfbe_pitch__wavlm_hubert__eq,ensemble,representation_ptm,train_vi_full__wavlm__mfbe_pitch | train_vi_full__hubert__mfbe_pitch,"0.5000,0.5000",ensemble,ensemble,ensemble,ensemble,multi,6.214913359605195,0.6526327788844207,9895,0,,Mode3_film_train_vi_full_wavlm_mfbe_pitch | Mode3_film_train_vi_full_hubert_mfbe_pitch
full_length,ENS_representation_hc_train_vi_full_hc_hubert__mfcc_pitch_mfbe_pitch_mfbe__a50,ensemble,representation_hc,train_vi_full__hubert__mfcc_pitch | train_vi_full__hubert__mfbe_pitch | train_vi_full__hubert__mfbe_only,"0.5000,0.3000,0.2000",ensemble,ensemble,ensemble,ensemble,multi,6.214913359605195,0.6574336449974857,9895,0,,Mode3_film_train_vi_full_hubert_mfcc_pitch | Mode3_film_train_vi_full_hubert_mfbe_pitch | Mode3_film_train_vi_full_hubert_mfbe_only
full_length,ENS_representation_hc_train_vi_3s_hc_wavlm__mfcc_pitch_mfbe_pitch_pitch__eq,ensemble,representation_hc,train_vi_3s__wavlm__mfcc_pitch | train_vi_3s__wavlm__mfbe_pitch | train_vi_3s__wavlm__pitch_only,"0.3333,0.3333,0.3333",ensemble,ensemble,ensemble,ensemble,multi,6.214913359605195,0.7029263697421553,9895,0,,Mode3_film_train_vi_3s_wavlm_mfcc_pitch | Mode3_film_train_vi_3s_wavlm_mfbe_pitch | Mode3_film_train_vi_3s_wavlm_pitch_only
full_length,ENS_representation_hc_train_vi_3s_hc_wavlm__mfcc_pitch_mfbe_pitch__a60,ensemble,representation_hc,train_vi_3s__wavlm__mfcc_pitch | train_vi_3s__wavlm__mfbe_only | train_vi_3s__wavlm__pitch_only,"0.6000,0.2500,0.1500",ensemble,ensemble,ensemble,ensemble,multi,6.214913359605195,0.7130855585218522,9895,0,,Mode3_film_train_vi_3s_wavlm_mfcc_pitch | Mode3_film_train_vi_3s_wavlm_mfbe_only | Mode3_film_train_vi_3s_wavlm_pitch_only
full_length,ENS_representation_hc_train_vi_full_hc_hubert__mfbe_pitch_mfcc_mfbe__eq,ensemble,representation_hc,train_vi_full__hubert__mfbe_pitch | train_vi_full__hubert__mfcc_only | train_vi_full__hubert__mfbe_only,"0.3333,0.3333,0.3333",ensemble,ensemble,ensemble,ensemble,multi,6.221625669982427,0.6438880599578912,9895,0,,Mode3_film_train_vi_full_hubert_mfbe_pitch | Mode3_film_train_vi_full_hubert_mfcc_only | Mode3_film_train_vi_full_hubert_mfbe_only
full_length,ENS_representation_hc_train_vi_full_hc_hubert__mfcc_pitch_mfbe_pitch_mfbe__a60,ensemble,representation_hc,train_vi_full__hubert__mfcc_pitch | train_vi_full__hubert__mfbe_pitch | train_vi_full__hubert__mfbe_only,"0.6000,0.2500,0.1500",ensemble,ensemble,ensemble,ensemble,multi,6.221625669982427,0.6607042909500612,9895,0,,Mode3_film_train_vi_full_hubert_mfcc_pitch | Mode3_film_train_vi_full_hubert_mfbe_pitch | Mode3_film_train_vi_full_hubert_mfbe_only
full_length,ENS_representation_hc_train_raw_hc_wavlm__mfcc_mfbe__a60,ensemble,representation_hc,train_raw__wavlm__mfcc_only | train_raw__wavlm__mfbe_only,"0.6000,0.4000",ensemble,ensemble,ensemble,ensemble,multi,6.221625669982427,0.6905382877757906,9895,0,,Mode3_film_train_raw_wavlm_mfcc_only | Mode3_film_train_raw_wavlm_mfbe_only
full_length,ENS_representation_ptm_train_vi_3s_ptm_mfbe_pitch__wav2vec2_hubert__a70,ensemble,representation_ptm,train_vi_3s__wav2vec2__mfbe_pitch | train_vi_3s__hubert__mfbe_pitch,"0.7000,0.3000",ensemble,ensemble,ensemble,ensemble,multi,6.221625669982427,0.6991311427381858,9895,0,,Mode3_film_train_vi_3s_wav2vec2_mfbe_pitch | Mode3_film_train_vi_3s_hubert_mfbe_pitch
full_length,ENS_representation_hc_train_vi_full_hc_hubert__mfcc_mfbe__a70,ensemble,representation_hc,train_vi_full__hubert__mfcc_only | train_vi_full__hubert__mfbe_only,"0.7000,0.3000",ensemble,ensemble,ensemble,ensemble,multi,6.248779517563258,0.6204073774163638,9895,0,,Mode3_film_train_vi_full_hubert_mfcc_only | Mode3_film_train_vi_full_hubert_mfbe_only
full_length,ENS_representation_hc_train_vi_full_hc_hubert__mfcc_pitch_mfbe_pitch__a60,ensemble,representation_hc,train_vi_full__hubert__mfcc_pitch | train_vi_full__hubert__mfbe_pitch,"0.6000,0.4000",ensemble,ensemble,ensemble,ensemble,multi,6.248779517563258,0.6682405744727824,9895,0,,Mode3_film_train_vi_full_hubert_mfcc_pitch | Mode3_film_train_vi_full_hubert_mfbe_pitch
full_length,ENS_representation_hc_train_vi_full_hc_hubert__mfbe_pitch_mfbe__eq,ensemble,representation_hc,train_vi_full__hubert__mfbe_pitch | train_vi_full__hubert__mfbe_only,"0.5000,0.5000",ensemble,ensemble,ensemble,ensemble,multi,6.2554918279404905,0.6664640350238812,9895,0,,Mode3_film_train_vi_full_hubert_mfbe_pitch | Mode3_film_train_vi_full_hubert_mfbe_only
full_length,ENS_representation_hc_train_vi_full_hc_hubert__mfcc_pitch_mfbe_pitch__a70,ensemble,representation_hc,train_vi_full__hubert__mfcc_pitch | train_vi_full__hubert__mfbe_pitch,"0.7000,0.3000",ensemble,ensemble,ensemble,ensemble,multi,6.2554918279404905,0.6685410642464144,9895,0,,Mode3_film_train_vi_full_hubert_mfcc_pitch | Mode3_film_train_vi_full_hubert_mfbe_pitch
full_length,ENS_representation_hc_train_vi_3s_hc_hubert__mfcc_pitch__a60,ensemble,representation_hc,train_vi_3s__hubert__mfcc_only | train_vi_3s__hubert__pitch_only,"0.6000,0.4000",ensemble,ensemble,ensemble,ensemble,multi,6.2554918279404905,0.6770649300498235,9895,0,,Mode3_film_train_vi_3s_hubert_mfcc_only | Mode3_film_train_vi_3s_hubert_pitch_only
full_length,ENS_representation_hc_train_vi_3s_hc_hubert__mfcc_mfbe_pitch__eq,ensemble,representation_hc,train_vi_3s__hubert__mfcc_only | train_vi_3s__hubert__mfbe_only | train_vi_3s__hubert__pitch_only,"0.3333,0.3333,0.3333",ensemble,ensemble,ensemble,ensemble,multi,6.262204138317723,0.7142324141035566,9895,0,,Mode3_film_train_vi_3s_hubert_mfcc_only | Mode3_film_train_vi_3s_hubert_mfbe_only | Mode3_film_train_vi_3s_hubert_pitch_only
full_length,ENS_representation_hc_train_vi_3s_hc_wavlm__mfcc_pitch_mfcc_mfbe_pitch__a50,ensemble,representation_hc,train_vi_3s__wavlm__mfcc_pitch | train_vi_3s__wavlm__mfcc_only | train_vi_3s__wavlm__mfbe_only | train_vi_3s__wavlm__pitch_only,"0.5000,0.2000,0.1500,0.1500",ensemble,ensemble,ensemble,ensemble,multi,6.262204138317723,0.7211283662675619,9895,0,,Mode3_film_train_vi_3s_wavlm_mfcc_pitch | Mode3_film_train_vi_3s_wavlm_mfcc_only | Mode3_film_train_vi_3s_wavlm_mfbe_only | Mode3_film_train_vi_3s_wavlm_pitch_only
full_length,ENS_representation_hc_train_vi_3s_hc_wavlm__mfcc_pitch_mfbe_pitch_mfcc_mfbe_pitch__eq,ensemble,representation_hc,train_vi_3s__wavlm__mfcc_pitch | train_vi_3s__wavlm__mfbe_pitch | train_vi_3s__wavlm__mfcc_only | train_vi_3s__wavlm__mfbe_only | train_vi_3s__wavlm__pitch_only,"0.2000,0.2000,0.2000,0.2000,0.2000",ensemble,ensemble,ensemble,ensemble,multi,6.2893579858985476,0.7299091988509043,9895,0,,Mode3_film_train_vi_3s_wavlm_mfcc_pitch | Mode3_film_train_vi_3s_wavlm_mfbe_pitch | Mode3_film_train_vi_3s_wavlm_mfcc_only | Mode3_film_train_vi_3s_wavlm_mfbe_only | Mode3_film_train_vi_3s_wavlm_pitch_only
full_length,ENS_representation_hc_train_vi_full_hc_hubert__mfbe_pitch_mfcc_pitch__a60,ensemble,representation_hc,train_vi_full__hubert__mfbe_pitch | train_vi_full__hubert__mfcc_only | train_vi_full__hubert__pitch_only,"0.6000,0.2500,0.1500",ensemble,ensemble,ensemble,ensemble,multi,6.296070296275779,0.6484648347931921,9895,0,,Mode3_film_train_vi_full_hubert_mfbe_pitch | Mode3_film_train_vi_full_hubert_mfcc_only | Mode3_film_train_vi_full_hubert_pitch_only
full_length,ENS_representation_hc_train_vi_full_hc_hubert__mfcc_pitch_mfbe_pitch__eq,ensemble,representation_hc,train_vi_full__hubert__mfcc_pitch | train_vi_full__hubert__mfbe_pitch,"0.5000,0.5000",ensemble,ensemble,ensemble,ensemble,multi,6.296070296275779,0.6669163887616499,9895,0,,Mode3_film_train_vi_full_hubert_mfcc_pitch | Mode3_film_train_vi_full_hubert_mfbe_pitch
full_length,ENS_representation_hc_train_vi_full_hc_hubert__mfbe_pitch_mfbe__a60,ensemble,representation_hc,train_vi_full__hubert__mfbe_pitch | train_vi_full__hubert__mfbe_only,"0.6000,0.4000",ensemble,ensemble,ensemble,ensemble,multi,6.296070296275779,0.674445262947487,9895,0,,Mode3_film_train_vi_full_hubert_mfbe_pitch | Mode3_film_train_vi_full_hubert_mfbe_only
full_length,ENS_representation_ptm_train_vi_full_ptm_mfbe_pitch__wav2vec2_wavlm_hubert__eq,ensemble,representation_ptm,train_vi_full__wav2vec2__mfbe_pitch | train_vi_full__wavlm__mfbe_pitch | train_vi_full__hubert__mfbe_pitch,"0.3333,0.3333,0.3333",ensemble,ensemble,ensemble,ensemble,multi,6.296070296275779,0.7036282809229774,9895,0,,Mode3_film_train_vi_full_wav2vec2_mfbe_pitch | Mode3_film_train_vi_full_wavlm_mfbe_pitch | Mode3_film_train_vi_full_hubert_mfbe_pitch
full_length,ENS_representation_hc_train_vi_full_hc_wav2vec2__mfbe_pitch_mfcc_mfbe__a60,ensemble,representation_hc,train_vi_full__wav2vec2__mfbe_pitch | train_vi_full__wav2vec2__mfcc_only | train_vi_full__wav2vec2__mfbe_only,"0.6000,0.2500,0.1500",ensemble,ensemble,ensemble,ensemble,multi,6.296070296275779,0.7098584355629733,9895,0,,Mode3_film_train_vi_full_wav2vec2_mfbe_pitch | Mode3_film_train_vi_full_wav2vec2_mfcc_only | Mode3_film_train_vi_full_wav2vec2_mfbe_only
full_length,ENS_representation_hc_train_vi_3s_hc_wavlm__mfcc_pitch_mfcc_mfbe_pitch__a45,ensemble,representation_hc,train_vi_3s__wavlm__mfcc_pitch | train_vi_3s__wavlm__mfcc_only | train_vi_3s__wavlm__mfbe_only | train_vi_3s__wavlm__pitch_only,"0.4500,0.2500,0.1500,0.1500",ensemble,ensemble,ensemble,ensemble,multi,6.296070296275779,0.7200176243426681,9895,0,,Mode3_film_train_vi_3s_wavlm_mfcc_pitch | Mode3_film_train_vi_3s_wavlm_mfcc_only | Mode3_film_train_vi_3s_wavlm_mfbe_only | Mode3_film_train_vi_3s_wavlm_pitch_only
full_length,ENS_representation_hc_train_vi_3s_hc_wavlm__mfcc_mfbe_pitch__a60,ensemble,representation_hc,train_vi_3s__wavlm__mfcc_only | train_vi_3s__wavlm__mfbe_only | train_vi_3s__wavlm__pitch_only,"0.6000,0.2500,0.1500",ensemble,ensemble,ensemble,ensemble,multi,6.296070296275779,0.7475611481596256,9895,0,,Mode3_film_train_vi_3s_wavlm_mfcc_only | Mode3_film_train_vi_3s_wavlm_mfbe_only | Mode3_film_train_vi_3s_wavlm_pitch_only
full_length,ENS_representation_hc_train_vi_5s_hc_wavlm__mfcc_pitch__a60,ensemble,representation_hc,train_vi_5s__wavlm__mfcc_only | train_vi_5s__wavlm__pitch_only,"0.6000,0.4000",ensemble,ensemble,ensemble,ensemble,multi,6.302782606653013,0.7009363865070156,9895,0,,Mode3_film_train_vi_5s_wavlm_mfcc_only | Mode3_film_train_vi_5s_wavlm_pitch_only
full_length,ENS_representation_hc_train_vi_full_hc_wav2vec2__mfbe_pitch_mfcc_pitch__a60,ensemble,representation_hc,train_vi_full__wav2vec2__mfbe_pitch | train_vi_full__wav2vec2__mfcc_only | train_vi_full__wav2vec2__pitch_only,"0.6000,0.2500,0.1500",ensemble,ensemble,ensemble,ensemble,multi,6.302782606653013,0.7062947091736477,9895,0,,Mode3_film_train_vi_full_wav2vec2_mfbe_pitch | Mode3_film_train_vi_full_wav2vec2_mfcc_only | Mode3_film_train_vi_full_wav2vec2_pitch_only
full_length,ENS_representation_ptm_train_vi_full_ptm_mfbe_pitch__wavlm_hubert__a70,ensemble,representation_ptm,train_vi_full__wavlm__mfbe_pitch | train_vi_full__hubert__mfbe_pitch,"0.7000,0.3000",ensemble,ensemble,ensemble,ensemble,multi,6.329936454233843,0.6460734301508644,9895,0,,Mode3_film_train_vi_full_wavlm_mfbe_pitch | Mode3_film_train_vi_full_hubert_mfbe_pitch
full_length,ENS_representation_hc_train_raw_hc_hubert__mfcc_mfbe__a60,ensemble,representation_hc,train_raw__hubert__mfcc_only | train_raw__hubert__mfbe_only,"0.6000,0.4000",ensemble,ensemble,ensemble,ensemble,multi,6.336648764611076,0.6904841172905707,9895,0,,Mode3_film_train_raw_hubert_mfcc_only | Mode3_film_train_raw_hubert_mfbe_only
full_length,ENS_representation_hc_train_vi_3s_hc_wavlm__mfbe_pitch_mfbe_pitch__eq,ensemble,representation_hc,train_vi_3s__wavlm__mfbe_pitch | train_vi_3s__wavlm__mfbe_only | train_vi_3s__wavlm__pitch_only,"0.3333,0.3333,0.3333",ensemble,ensemble,ensemble,ensemble,multi,6.336648764611076,0.715368622193742,9895,0,,Mode3_film_train_vi_3s_wavlm_mfbe_pitch | Mode3_film_train_vi_3s_wavlm_mfbe_only | Mode3_film_train_vi_3s_wavlm_pitch_only
full_length,ENS_representation_hc_train_vi_3s_hc_wavlm__mfbe_pitch_mfcc_mfbe_pitch__eq,ensemble,representation_hc,train_vi_3s__wavlm__mfbe_pitch | train_vi_3s__wavlm__mfcc_only | train_vi_3s__wavlm__mfbe_only | train_vi_3s__wavlm__pitch_only,"0.2500,0.2500,0.2500,0.2500",ensemble,ensemble,ensemble,ensemble,multi,6.336648764611076,0.7302564497728743,9895,0,,Mode3_film_train_vi_3s_wavlm_mfbe_pitch | Mode3_film_train_vi_3s_wavlm_mfcc_only | Mode3_film_train_vi_3s_wavlm_mfbe_only | Mode3_film_train_vi_3s_wavlm_pitch_only
full_length,ENS_representation_hc_train_vi_full_hc_hubert__mfbe_pitch_mfbe__a70,ensemble,representation_hc,train_vi_full__hubert__mfbe_pitch | train_vi_full__hubert__mfbe_only,"0.7000,0.3000",ensemble,ensemble,ensemble,ensemble,multi,6.343361074988309,0.6797600626204223,9895,0,,Mode3_film_train_vi_full_hubert_mfbe_pitch | Mode3_film_train_vi_full_hubert_mfbe_only
full_length,ENS_representation_hc_train_vi_full_hc_hubert__mfbe_pitch_mfcc_mfbe__a50,ensemble,representation_hc,train_vi_full__hubert__mfbe_pitch | train_vi_full__hubert__mfcc_only | train_vi_full__hubert__mfbe_only,"0.5000,0.3000,0.2000",ensemble,ensemble,ensemble,ensemble,multi,6.37051492256914,0.6529800298063909,9895,0,,Mode3_film_train_vi_full_hubert_mfbe_pitch | Mode3_film_train_vi_full_hubert_mfcc_only | Mode3_film_train_vi_full_hubert_mfbe_only
full_length,ENS_representation_hc_train_vi_3s_hc_wavlm__mfcc_pitch_mfbe_pitch_mfbe_pitch__eq,ensemble,representation_hc,train_vi_3s__wavlm__mfcc_pitch | train_vi_3s__wavlm__mfbe_pitch | train_vi_3s__wavlm__mfbe_only | train_vi_3s__wavlm__pitch_only,"0.2500,0.2500,0.2500,0.2500",ensemble,ensemble,ensemble,ensemble,multi,6.37051492256914,0.7203287616078232,9895,0,,Mode3_film_train_vi_3s_wavlm_mfcc_pitch | Mode3_film_train_vi_3s_wavlm_mfbe_pitch | Mode3_film_train_vi_3s_wavlm_mfbe_only | Mode3_film_train_vi_3s_wavlm_pitch_only
full_length,ENS_representation_hc_train_vi_full_hc_hubert__mfbe_pitch_mfcc_mfbe__a60,ensemble,representation_hc,train_vi_full__hubert__mfbe_pitch | train_vi_full__hubert__mfcc_only | train_vi_full__hubert__mfbe_only,"0.6000,0.2500,0.1500",ensemble,ensemble,ensemble,ensemble,multi,6.377227232946367,0.6615654754319019,9895,0,,Mode3_film_train_vi_full_hubert_mfbe_pitch | Mode3_film_train_vi_full_hubert_mfcc_only | Mode3_film_train_vi_full_hubert_mfbe_only
full_length,Mode3_film_train_vi_full_wavlm_mfbe_pitch,single,single,Mode3_film_train_vi_full_wavlm_mfbe_pitch,1.0,3,film,mfbe_pitch,wavlm,train_vi_full,6.377227232946367,0.6722385977714693,9895,0,train_vi_full__wavlm__mfbe_pitch,
full_length,ENS_representation_hc_train_vi_5s_hc_wavlm__mfcc_pitch_pitch__a60,ensemble,representation_hc,train_vi_5s__wavlm__mfcc_pitch | train_vi_5s__wavlm__pitch_only,"0.6000,0.4000",ensemble,ensemble,ensemble,ensemble,multi,6.377227232946367,0.677633034094914,9895,0,,Mode3_film_train_vi_5s_wavlm_mfcc_pitch | Mode3_film_train_vi_5s_wavlm_pitch_only
full_length,ENS_representation_hc_train_vi_5s_hc_wavlm__mfbe_pitch_pitch__eq,ensemble,representation_hc,train_vi_5s__wavlm__mfbe_pitch | train_vi_5s__wavlm__pitch_only,"0.5000,0.5000",ensemble,ensemble,ensemble,ensemble,multi,6.377227232946367,0.6913378924355271,9895,0,,Mode3_film_train_vi_5s_wavlm_mfbe_pitch | Mode3_film_train_vi_5s_wavlm_pitch_only
full_length,ENS_representation_hc_train_raw_hc_hubert__mfbe_pitch_mfbe__a60,ensemble,representation_hc,train_raw__hubert__mfbe_pitch | train_raw__hubert__mfbe_only,"0.6000,0.4000",ensemble,ensemble,ensemble,ensemble,multi,6.377227232946367,0.7246740358284803,9895,0,,Mode3_film_train_raw_hubert_mfbe_pitch | Mode3_film_train_raw_hubert_mfbe_only
full_length,ENS_representation_ptm_train_vi_3s_ptm_mfbe_pitch__wav2vec2_wavlm_hubert__a50,ensemble,representation_ptm,train_vi_3s__wav2vec2__mfbe_pitch | train_vi_3s__wavlm__mfbe_pitch | train_vi_3s__hubert__mfbe_pitch,"0.5000,0.3000,0.2000",ensemble,ensemble,ensemble,ensemble,multi,6.383939543323599,0.729536481763647,9895,0,,Mode3_film_train_vi_3s_wav2vec2_mfbe_pitch | Mode3_film_train_vi_3s_wavlm_mfbe_pitch | Mode3_film_train_vi_3s_hubert_mfbe_pitch
full_length,ENS_representation_hc_train_vi_3s_hc_hubert__mfbe_pitch__a60,ensemble,representation_hc,train_vi_3s__hubert__mfbe_only | train_vi_3s__hubert__pitch_only,"0.6000,0.4000",ensemble,ensemble,ensemble,ensemble,multi,6.411093390904429,0.7241781590970128,9895,0,,Mode3_film_train_vi_3s_hubert_mfbe_only | Mode3_film_train_vi_3s_hubert_pitch_only
full_length,Mode3_film_train_vi_full_wav2vec2_pitch_only,single,single,Mode3_film_train_vi_full_wav2vec2_pitch_only,1.0,3,film,pitch_only,wav2vec2,train_vi_full,6.417805701281662,0.6220788140494643,9895,0,train_vi_full__wav2vec2__pitch_only,
full_length,ENS_representation_hc_train_raw_hc_wavlm__mfcc_pitch_mfbe__eq,ensemble,representation_hc,train_raw__wavlm__mfcc_pitch | train_raw__wavlm__mfbe_only,"0.5000,0.5000",ensemble,ensemble,ensemble,ensemble,multi,6.417805701281662,0.7587153285568904,9895,0,,Mode3_film_train_raw_wavlm_mfcc_pitch | Mode3_film_train_raw_wavlm_mfbe_only
full_length,ENS_representation_hc_train_raw_hc_hubert__mfcc_pitch_mfbe__eq,ensemble,representation_hc,train_raw__hubert__mfcc_pitch | train_raw__hubert__mfbe_only,"0.5000,0.5000",ensemble,ensemble,ensemble,ensemble,multi,6.451671859239724,0.6771806803571454,9895,0,,Mode3_film_train_raw_hubert_mfcc_pitch | Mode3_film_train_raw_hubert_mfbe_only
full_length,ENS_representation_hc_train_vi_3s_hc_wavlm__mfcc_pitch_mfbe_pitch_mfbe_pitch__a50,ensemble,representation_hc,train_vi_3s__wavlm__mfcc_pitch | train_vi_3s__wavlm__mfbe_pitch | train_vi_3s__wavlm__mfbe_only | train_vi_3s__wavlm__pitch_only,"0.5000,0.2000,0.1500,0.1500",ensemble,ensemble,ensemble,ensemble,multi,6.451671859239724,0.7347174743008531,9895,0,,Mode3_film_train_vi_3s_wavlm_mfcc_pitch | Mode3_film_train_vi_3s_wavlm_mfbe_pitch | Mode3_film_train_vi_3s_wavlm_mfbe_only | Mode3_film_train_vi_3s_wavlm_pitch_only
full_length,ENS_representation_ptm_train_vi_full_ptm_mfbe_pitch__wav2vec2_hubert__eq,ensemble,representation_ptm,train_vi_full__wav2vec2__mfbe_pitch | train_vi_full__hubert__mfbe_pitch,"0.5000,0.5000",ensemble,ensemble,ensemble,ensemble,multi,6.458384169616957,0.7564757878786972,9895,0,,Mode3_film_train_vi_full_wav2vec2_mfbe_pitch | Mode3_film_train_vi_full_hubert_mfbe_pitch
full_length,ENS_representation_hc_train_vi_3s_hc_wavlm__mfcc_pitch_mfcc_pitch__a60,ensemble,representation_hc,train_vi_3s__wavlm__mfcc_pitch | train_vi_3s__wavlm__mfcc_only | train_vi_3s__wavlm__pitch_only,"0.6000,0.2500,0.1500",ensemble,ensemble,ensemble,ensemble,multi,6.465096479994184,0.7257593115880828,9895,0,,Mode3_film_train_vi_3s_wavlm_mfcc_pitch | Mode3_film_train_vi_3s_wavlm_mfcc_only | Mode3_film_train_vi_3s_wavlm_pitch_only
full_length,ENS_representation_hc_train_vi_full_hc_wav2vec2__mfbe_pitch_mfcc__a60,ensemble,representation_hc,train_vi_full__wav2vec2__mfbe_pitch | train_vi_full__wav2vec2__mfcc_only,"0.6000,0.4000",ensemble,ensemble,ensemble,ensemble,multi,6.492250327575014,0.7036643945797899,9895,0,,Mode3_film_train_vi_full_wav2vec2_mfbe_pitch | Mode3_film_train_vi_full_wav2vec2_mfcc_only
full_length,ENS_representation_hc_train_vi_full_hc_hubert__mfbe_pitch_mfcc__eq,ensemble,representation_hc,train_vi_full__hubert__mfbe_pitch | train_vi_full__hubert__mfcc_only,"0.5000,0.5000",ensemble,ensemble,ensemble,ensemble,multi,6.498962637952246,0.6353206711607853,9895,0,,Mode3_film_train_vi_full_hubert_mfbe_pitch | Mode3_film_train_vi_full_hubert_mfcc_only
full_length,ENS_representation_hc_train_vi_full_hc_hubert__mfbe_pitch_mfcc__a60,ensemble,representation_hc,train_vi_full__hubert__mfbe_pitch | train_vi_full__hubert__mfcc_only,"0.6000,0.4000",ensemble,ensemble,ensemble,ensemble,multi,6.498962637952246,0.6446876646176277,9895,0,,Mode3_film_train_vi_full_hubert_mfbe_pitch | Mode3_film_train_vi_full_hubert_mfcc_only
full_length,ENS_representation_hc_train_vi_full_hc_hubert__mfbe_pitch_mfcc__a70,ensemble,representation_hc,train_vi_full__hubert__mfbe_pitch | train_vi_full__hubert__mfcc_only,"0.7000,0.3000",ensemble,ensemble,ensemble,ensemble,multi,6.539541106287543,0.6573614176838584,9895,0,,Mode3_film_train_vi_full_hubert_mfbe_pitch | Mode3_film_train_vi_full_hubert_mfcc_only
full_length,ENS_representation_hc_train_vi_5s_hc_hubert__mfcc_pitch_pitch__a60,ensemble,representation_hc,train_vi_5s__hubert__mfcc_pitch | train_vi_5s__hubert__pitch_only,"0.6000,0.4000",ensemble,ensemble,ensemble,ensemble,multi,6.539541106287543,0.6649592810286836,9895,0,,Mode3_film_train_vi_5s_hubert_mfcc_pitch | Mode3_film_train_vi_5s_hubert_pitch_only
full_length,ENS_representation_hc_train_vi_3s_hc_hubert__mfcc_pitch_pitch__eq,ensemble,representation_hc,train_vi_3s__hubert__mfcc_pitch | train_vi_3s__hubert__pitch_only,"0.5000,0.5000",ensemble,ensemble,ensemble,ensemble,multi,6.539541106287543,0.6730997822533099,9895,0,,Mode3_film_train_vi_3s_hubert_mfcc_pitch | Mode3_film_train_vi_3s_hubert_pitch_only
full_length,ENS_representation_hc_train_vi_5s_hc_hubert__mfcc_pitch__a60,ensemble,representation_hc,train_vi_5s__hubert__mfcc_only | train_vi_5s__hubert__pitch_only,"0.6000,0.4000",ensemble,ensemble,ensemble,ensemble,multi,6.539541106287543,0.6732516462174466,9895,0,,Mode3_film_train_vi_5s_hubert_mfcc_only | Mode3_film_train_vi_5s_hubert_pitch_only
full_length,ENS_representation_hc_train_vi_5s_hc_hubert__mfcc_pitch_mfcc_pitch__eq,ensemble,representation_hc,train_vi_5s__hubert__mfcc_pitch | train_vi_5s__hubert__mfcc_only | train_vi_5s__hubert__pitch_only,"0.3333,0.3333,0.3333",ensemble,ensemble,ensemble,ensemble,multi,6.539541106287543,0.6741670011845052,9895,0,,Mode3_film_train_vi_5s_hubert_mfcc_pitch | Mode3_film_train_vi_5s_hubert_mfcc_only | Mode3_film_train_vi_5s_hubert_pitch_only
full_length,ENS_representation_hc_train_vi_3s_hc_wavlm__mfbe_pitch_pitch__a60,ensemble,representation_hc,train_vi_3s__wavlm__mfbe_pitch | train_vi_3s__wavlm__pitch_only,"0.6000,0.4000",ensemble,ensemble,ensemble,ensemble,multi,6.539541106287543,0.7240262951328783,9895,0,,Mode3_film_train_vi_3s_wavlm_mfbe_pitch | Mode3_film_train_vi_3s_wavlm_pitch_only
full_length,ENS_representation_hc_train_vi_full_hc_wav2vec2__mfbe_pitch_pitch__a70,ensemble,representation_hc,train_vi_full__wav2vec2__mfbe_pitch | train_vi_full__wav2vec2__pitch_only,"0.7000,0.3000",ensemble,ensemble,ensemble,ensemble,multi,6.539541106287543,0.7459767575139187,9895,0,,Mode3_film_train_vi_full_wav2vec2_mfbe_pitch | Mode3_film_train_vi_full_wav2vec2_pitch_only
full_length,ENS_representation_hc_train_raw_hc_wavlm__mfbe_pitch_mfbe__eq,ensemble,representation_hc,train_raw__wavlm__mfbe_pitch | train_raw__wavlm__mfbe_only,"0.5000,0.5000",ensemble,ensemble,ensemble,ensemble,multi,6.539541106287543,0.7711756378368823,9895,0,,Mode3_film_train_raw_wavlm_mfbe_pitch | Mode3_film_train_raw_wavlm_mfbe_only
full_length,ENS_representation_hc_train_vi_5s_hc_wav2vec2__mfcc_pitch_pitch__eq,ensemble,representation_hc,train_vi_5s__wav2vec2__mfcc_pitch | train_vi_5s__wav2vec2__pitch_only,"0.5000,0.5000",ensemble,ensemble,ensemble,ensemble,multi,6.573407264245601,0.677633034094914,9895,0,,Mode3_film_train_vi_5s_wav2vec2_mfcc_pitch | Mode3_film_train_vi_5s_wav2vec2_pitch_only
full_length,ENS_representation_hc_train_vi_5s_hc_wavlm__mfcc_pitch_mfcc_pitch__eq,ensemble,representation_hc,train_vi_5s__wavlm__mfcc_pitch | train_vi_5s__wavlm__mfcc_only | train_vi_5s__wavlm__pitch_only,"0.3333,0.3333,0.3333",ensemble,ensemble,ensemble,ensemble,multi,6.580119574622834,0.6978791843406784,9895,0,,Mode3_film_train_vi_5s_wavlm_mfcc_pitch | Mode3_film_train_vi_5s_wavlm_mfcc_only | Mode3_film_train_vi_5s_wavlm_pitch_only
full_length,ENS_representation_hc_train_vi_3s_hc_wavlm__mfcc_pitch_mfbe_pitch_mfbe_pitch__a45,ensemble,representation_hc,train_vi_3s__wavlm__mfcc_pitch | train_vi_3s__wavlm__mfbe_pitch | train_vi_3s__wavlm__mfbe_only | train_vi_3s__wavlm__pitch_only,"0.4500,0.2500,0.1500,0.1500",ensemble,ensemble,ensemble,ensemble,multi,6.580119574622834,0.7474708640175931,9895,0,,Mode3_film_train_vi_3s_wavlm_mfcc_pitch | Mode3_film_train_vi_3s_wavlm_mfbe_pitch | Mode3_film_train_vi_3s_wavlm_mfbe_only | Mode3_film_train_vi_3s_wavlm_pitch_only
full_length,Mode3_film_train_vi_full_hubert_mfcc_only,single,single,Mode3_film_train_vi_full_hubert_mfcc_only,1.0,3,film,mfcc_only,hubert,train_vi_full,6.586831885000066,0.6194920224493031,9895,0,train_vi_full__hubert__mfcc_only,
full_length,ENS_representation_ptm_train_vi_3s_ptm_mfbe_pitch__wav2vec2_hubert__a60,ensemble,representation_ptm,train_vi_3s__wav2vec2__mfbe_pitch | train_vi_3s__hubert__mfbe_pitch,"0.6000,0.4000",ensemble,ensemble,ensemble,ensemble,multi,6.586831885000066,0.7036463377513846,9895,0,,Mode3_film_train_vi_3s_wav2vec2_mfbe_pitch | Mode3_film_train_vi_3s_hubert_mfbe_pitch
full_length,ENS_representation_hc_train_vi_3s_hc_wavlm__mfcc_pitch_mfbe_pitch_mfcc_pitch__a50,ensemble,representation_hc,train_vi_3s__wavlm__mfcc_pitch | train_vi_3s__wavlm__mfbe_pitch | train_vi_3s__wavlm__mfcc_only | train_vi_3s__wavlm__pitch_only,"0.5000,0.2000,0.1500,0.1500",ensemble,ensemble,ensemble,ensemble,multi,6.613985732580896,0.753585268350265,9895,0,,Mode3_film_train_vi_3s_wavlm_mfcc_pitch | Mode3_film_train_vi_3s_wavlm_mfbe_pitch | Mode3_film_train_vi_3s_wavlm_mfcc_only | Mode3_film_train_vi_3s_wavlm_pitch_only
full_length,ENS_representation_hc_train_vi_3s_hc_wavlm__mfcc_pitch_mfbe_pitch_pitch__a50,ensemble,representation_hc,train_vi_3s__wavlm__mfcc_pitch | train_vi_3s__wavlm__mfbe_pitch | train_vi_3s__wavlm__pitch_only,"0.5000,0.3000,0.2000",ensemble,ensemble,ensemble,ensemble,multi,6.620698042958129,0.7369750718074516,9895,0,,Mode3_film_train_vi_3s_wavlm_mfcc_pitch | Mode3_film_train_vi_3s_wavlm_mfbe_pitch | Mode3_film_train_vi_3s_wavlm_pitch_only
full_length,ENS_representation_ptm_train_vi_full_ptm_mfbe_pitch__wav2vec2_wavlm_hubert__a50,ensemble,representation_ptm,train_vi_full__wav2vec2__mfbe_pitch | train_vi_full__wavlm__mfbe_pitch | train_vi_full__hubert__mfbe_pitch,"0.5000,0.3000,0.2000",ensemble,ensemble,ensemble,ensemble,multi,6.627410353335361,0.7371704587652848,9895,0,,Mode3_film_train_vi_full_wav2vec2_mfbe_pitch | Mode3_film_train_vi_full_wavlm_mfbe_pitch | Mode3_film_train_vi_full_hubert_mfbe_pitch
full_length,ENS_representation_hc_train_raw_hc_hubert__mfbe_pitch__eq,ensemble,representation_hc,train_raw__hubert__mfbe_only | train_raw__hubert__pitch_only,"0.5000,0.5000",ensemble,ensemble,ensemble,ensemble,multi,6.661276511293418,0.6891164085857415,9895,0,,Mode3_film_train_raw_hubert_mfbe_only | Mode3_film_train_raw_hubert_pitch_only
full_length,ENS_representation_hc_train_vi_3s_hc_hubert__mfcc_pitch__a70,ensemble,representation_hc,train_vi_3s__hubert__mfcc_only | train_vi_3s__hubert__pitch_only,"0.7000,0.3000",ensemble,ensemble,ensemble,ensemble,multi,6.661276511293418,0.721244116574884,9895,0,,Mode3_film_train_vi_3s_hubert_mfcc_only | Mode3_film_train_vi_3s_hubert_pitch_only
full_length,ENS_representation_hc_train_raw_hc_wavlm__mfcc_mfbe__eq,ensemble,representation_hc,train_raw__wavlm__mfcc_only | train_raw__wavlm__mfbe_only,"0.5000,0.5000",ensemble,ensemble,ensemble,ensemble,multi,6.667988821670651,0.7346558944787491,9895,0,,Mode3_film_train_raw_wavlm_mfcc_only | Mode3_film_train_raw_wavlm_mfbe_only
full_length,ENS_representation_hc_train_vi_5s_hc_wav2vec2__mfcc_pitch__eq,ensemble,representation_hc,train_vi_5s__wav2vec2__mfcc_only | train_vi_5s__wav2vec2__pitch_only,"0.5000,0.5000",ensemble,ensemble,ensemble,ensemble,multi,6.701854979628714,0.6776946139170181,9895,0,,Mode3_film_train_vi_5s_wav2vec2_mfcc_only | Mode3_film_train_vi_5s_wav2vec2_pitch_only
full_length,Mode3_film_train_vi_full_hubert_mfbe_pitch,single,single,Mode3_film_train_vi_full_hubert_mfbe_pitch,1.0,3,film,mfbe_pitch,hubert,train_vi_full,6.701854979628714,0.6927268961234031,9895,0,train_vi_full__hubert__mfbe_pitch,
full_length,ENS_representation_hc_train_vi_5s_hc_wav2vec2__mfcc_pitch_pitch__a60,ensemble,representation_hc,train_vi_5s__wav2vec2__mfcc_pitch | train_vi_5s__wav2vec2__pitch_only,"0.6000,0.4000",ensemble,ensemble,ensemble,ensemble,multi,6.701854979628714,0.7015947746941409,9895,0,,Mode3_film_train_vi_5s_wav2vec2_mfcc_pitch | Mode3_film_train_vi_5s_wav2vec2_pitch_only
full_length,ENS_representation_ptm_train_raw_ptm_mfbe_only__wav2vec2_wavlm__a70,ensemble,representation_ptm,train_raw__wav2vec2__mfbe_only | train_raw__wavlm__mfbe_only,"0.7000,0.3000",ensemble,ensemble,ensemble,ensemble,multi,6.701854979628714,0.7126767277777802,9895,0,,Mode3_film_train_raw_wav2vec2_mfbe_only | Mode3_film_train_raw_wavlm_mfbe_only
full_length,ENS_representation_hc_train_vi_3s_hc_wavlm__mfcc_pitch_mfbe_pitch_mfcc_pitch__a45,ensemble,representation_hc,train_vi_3s__wavlm__mfcc_pitch | train_vi_3s__wavlm__mfbe_pitch | train_vi_3s__wavlm__mfcc_only | train_vi_3s__wavlm__pitch_only,"0.4500,0.2500,0.1500,0.1500",ensemble,ensemble,ensemble,ensemble,multi,6.701854979628714,0.7580824065350564,9895,0,,Mode3_film_train_vi_3s_wavlm_mfcc_pitch | Mode3_film_train_vi_3s_wavlm_mfbe_pitch | Mode3_film_train_vi_3s_wavlm_mfcc_only | Mode3_film_train_vi_3s_wavlm_pitch_only
full_length,ENS_representation_hc_train_raw_hc_hubert__mfcc_mfbe__eq,ensemble,representation_hc,train_raw__hubert__mfcc_only | train_raw__hubert__mfbe_only,"0.5000,0.5000",ensemble,ensemble,ensemble,ensemble,multi,6.735721137586778,0.7343808708704065,9895,0,,Mode3_film_train_raw_hubert_mfcc_only | Mode3_film_train_raw_hubert_mfbe_only
full_length,ENS_representation_hc_train_vi_3s_hc_hubert__mfcc_pitch_mfcc_pitch__eq,ensemble,representation_hc,train_vi_3s__hubert__mfcc_pitch | train_vi_3s__hubert__mfcc_only | train_vi_3s__hubert__pitch_only,"0.3333,0.3333,0.3333",ensemble,ensemble,ensemble,ensemble,multi,6.742433447964011,0.7201333746499922,9895,0,,Mode3_film_train_vi_3s_hubert_mfcc_pitch | Mode3_film_train_vi_3s_hubert_mfcc_only | Mode3_film_train_vi_3s_hubert_pitch_only
full_length,ENS_representation_ptm_train_vi_full_ptm_mfbe_pitch__wav2vec2_hubert__a60,ensemble,representation_ptm,train_vi_full__wav2vec2__mfbe_pitch | train_vi_full__hubert__mfbe_pitch,"0.6000,0.4000",ensemble,ensemble,ensemble,ensemble,multi,6.789724226676533,0.7714251952799336,9895,0,,Mode3_film_train_vi_full_wav2vec2_mfbe_pitch | Mode3_film_train_vi_full_hubert_mfbe_pitch
full_length,ENS_representation_hc_train_raw_hc_wavlm__mfbe_pitch__a60,ensemble,representation_hc,train_raw__wavlm__mfbe_only | train_raw__wavlm__pitch_only,"0.6000,0.4000",ensemble,ensemble,ensemble,ensemble,multi,6.789724226676533,0.7726155738553367,9895,0,,Mode3_film_train_raw_wavlm_mfbe_only | Mode3_film_train_raw_wavlm_pitch_only
full_length,ENS_representation_hc_train_vi_5s_hc_hubert__mfcc_pitch_pitch__a70,ensemble,representation_hc,train_vi_5s__hubert__mfcc_pitch | train_vi_5s__hubert__pitch_only,"0.7000,0.3000",ensemble,ensemble,ensemble,ensemble,multi,6.796436537053766,0.6908494250409459,9895,0,,Mode3_film_train_vi_5s_hubert_mfcc_pitch | Mode3_film_train_vi_5s_hubert_pitch_only
full_length,ENS_representation_hc_train_vi_full_hc_wav2vec2__mfbe_pitch_mfbe__a70,ensemble,representation_hc,train_vi_full__wav2vec2__mfbe_pitch | train_vi_full__wav2vec2__mfbe_only,"0.7000,0.3000",ensemble,ensemble,ensemble,ensemble,multi,6.796436537053766,0.771450661445225,9895,0,,Mode3_film_train_vi_full_wav2vec2_mfbe_pitch | Mode3_film_train_vi_full_wav2vec2_mfbe_only
full_length,ENS_representation_hc_train_vi_3s_hc_hubert__mfbe_pitch_pitch__eq,ensemble,representation_hc,train_vi_3s__hubert__mfbe_pitch | train_vi_3s__hubert__pitch_only,"0.5000,0.5000",ensemble,ensemble,ensemble,ensemble,multi,6.830302695011828,0.650928466749147,9895,0,,Mode3_film_train_vi_3s_hubert_mfbe_pitch | Mode3_film_train_vi_3s_hubert_pitch_only
full_length,ENS_representation_hc_train_vi_5s_hc_wavlm__mfbe_pitch__eq,ensemble,representation_hc,train_vi_5s__wavlm__mfbe_only | train_vi_5s__wavlm__pitch_only,"0.5000,0.5000",ensemble,ensemble,ensemble,ensemble,multi,6.830302695011828,0.7211029001022706,9895,0,,Mode3_film_train_vi_5s_wavlm_mfbe_only | Mode3_film_train_vi_5s_wavlm_pitch_only
full_length,ENS_representation_hc_train_vi_5s_hc_wavlm__mfbe_pitch_mfcc_pitch__eq,ensemble,representation_hc,train_vi_5s__wavlm__mfbe_pitch | train_vi_5s__wavlm__mfcc_only | train_vi_5s__wavlm__pitch_only,"0.3333,0.3333,0.3333",ensemble,ensemble,ensemble,ensemble,multi,6.864168852969884,0.7216890609757683,9895,0,,Mode3_film_train_vi_5s_wavlm_mfbe_pitch | Mode3_film_train_vi_5s_wavlm_mfcc_only | Mode3_film_train_vi_5s_wavlm_pitch_only
full_length,ENS_representation_hc_train_vi_full_hc_wav2vec2__mfbe_pitch_mfcc__a70,ensemble,representation_hc,train_vi_full__wav2vec2__mfbe_pitch | train_vi_full__wav2vec2__mfcc_only,"0.7000,0.3000",ensemble,ensemble,ensemble,ensemble,multi,6.870881163347117,0.7511683975426459,9895,0,,Mode3_film_train_vi_full_wav2vec2_mfbe_pitch | Mode3_film_train_vi_full_wav2vec2_mfcc_only
full_length,ENS_representation_hc_train_vi_3s_hc_wavlm__mfcc_pitch_mfbe_pitch_pitch__a60,ensemble,representation_hc,train_vi_3s__wavlm__mfcc_pitch | train_vi_3s__wavlm__mfbe_pitch | train_vi_3s__wavlm__pitch_only,"0.6000,0.2500,0.1500",ensemble,ensemble,ensemble,ensemble,multi,6.870881163347117,0.7521018093381139,9895,0,,Mode3_film_train_vi_3s_wavlm_mfcc_pitch | Mode3_film_train_vi_3s_wavlm_mfbe_pitch | Mode3_film_train_vi_3s_wavlm_pitch_only
full_length,ENS_representation_hc_train_vi_3s_hc_wavlm__mfcc_pitch_mfbe_pitch_mfcc_mfbe_pitch__a45,ensemble,representation_hc,train_vi_3s__wavlm__mfcc_pitch | train_vi_3s__wavlm__mfbe_pitch | train_vi_3s__wavlm__mfcc_only | train_vi_3s__wavlm__mfbe_only | train_vi_3s__wavlm__pitch_only,"0.4500,0.2000,0.1500,0.1000,0.1000",ensemble,ensemble,ensemble,ensemble,multi,6.870881163347117,0.7627314086839846,9895,0,,Mode3_film_train_vi_3s_wavlm_mfcc_pitch | Mode3_film_train_vi_3s_wavlm_mfbe_pitch | Mode3_film_train_vi_3s_wavlm_mfcc_only | Mode3_film_train_vi_3s_wavlm_mfbe_only | Mode3_film_train_vi_3s_wavlm_pitch_only
full_length,ENS_representation_hc_train_vi_3s_hc_wavlm__mfcc_pitch_mfcc_mfbe__eq,ensemble,representation_hc,train_vi_3s__wavlm__mfcc_pitch | train_vi_3s__wavlm__mfcc_only | train_vi_3s__wavlm__mfbe_only,"0.3333,0.3333,0.3333",ensemble,ensemble,ensemble,ensemble,multi,6.870881163347117,0.7866315694611072,9895,0,,Mode3_film_train_vi_3s_wavlm_mfcc_pitch | Mode3_film_train_vi_3s_wavlm_mfcc_only | Mode3_film_train_vi_3s_wavlm_mfbe_only
full_length,ENS_representation_hc_train_vi_3s_hc_hubert__mfcc_pitch_mfbe_pitch__eq,ensemble,representation_hc,train_vi_3s__hubert__mfcc_pitch | train_vi_3s__hubert__mfbe_only | train_vi_3s__hubert__pitch_only,"0.3333,0.3333,0.3333",ensemble,ensemble,ensemble,ensemble,multi,6.87759347372435,0.7398984668380593,9895,0,,Mode3_film_train_vi_3s_hubert_mfcc_pitch | Mode3_film_train_vi_3s_hubert_mfbe_only | Mode3_film_train_vi_3s_hubert_pitch_only
full_length,ENS_representation_hc_train_vi_3s_hc_wavlm__mfcc_pitch_mfbe_pitch_mfcc_mfbe_pitch__a40,ensemble,representation_hc,train_vi_3s__wavlm__mfcc_pitch | train_vi_3s__wavlm__mfbe_pitch | train_vi_3s__wavlm__mfcc_only | train_vi_3s__wavlm__mfbe_only | train_vi_3s__wavlm__pitch_only,"0.4000,0.2500,0.1500,0.1000,0.1000",ensemble,ensemble,ensemble,ensemble,multi,6.904747321305181,0.7666062723384656,9895,0,,Mode3_film_train_vi_3s_wavlm_mfcc_pitch | Mode3_film_train_vi_3s_wavlm_mfbe_pitch | Mode3_film_train_vi_3s_wavlm_mfcc_only | Mode3_film_train_vi_3s_wavlm_mfbe_only | Mode3_film_train_vi_3s_wavlm_pitch_only
full_length,ENS_representation_hc_train_vi_3s_hc_hubert__mfbe_pitch_mfcc_pitch__eq,ensemble,representation_hc,train_vi_3s__hubert__mfbe_pitch | train_vi_3s__hubert__mfcc_only | train_vi_3s__hubert__pitch_only,"0.3333,0.3333,0.3333",ensemble,ensemble,ensemble,ensemble,multi,6.911459631682414,0.6979949346480026,9895,0,,Mode3_film_train_vi_3s_hubert_mfbe_pitch | Mode3_film_train_vi_3s_hubert_mfcc_only | Mode3_film_train_vi_3s_hubert_pitch_only
full_length,ENS_representation_ptm_train_vi_3s_ptm_mfbe_pitch__wav2vec2_hubert__eq,ensemble,representation_ptm,train_vi_3s__wav2vec2__mfbe_pitch | train_vi_3s__hubert__mfbe_pitch,"0.5000,0.5000",ensemble,ensemble,ensemble,ensemble,multi,6.911459631682414,0.7184799948452969,9895,0,,Mode3_film_train_vi_3s_wav2vec2_mfbe_pitch | Mode3_film_train_vi_3s_hubert_mfbe_pitch
full_length,ENS_representation_hc_train_raw_hc_hubert__mfbe_pitch_mfbe__eq,ensemble,representation_hc,train_raw__hubert__mfbe_pitch | train_raw__hubert__mfbe_only,"0.5000,0.5000",ensemble,ensemble,ensemble,ensemble,multi,6.911459631682414,0.7586866242369619,9895,0,,Mode3_film_train_raw_hubert_mfbe_pitch | Mode3_film_train_raw_hubert_mfbe_only
full_length,ENS_representation_hc_train_vi_3s_hc_wavlm__mfbe_pitch_mfcc_pitch__a50,ensemble,representation_hc,train_vi_3s__wavlm__mfbe_pitch | train_vi_3s__wavlm__mfcc_only | train_vi_3s__wavlm__pitch_only,"0.5000,0.3000,0.2000",ensemble,ensemble,ensemble,ensemble,multi,6.911459631682414,0.7791388089320828,9895,0,,Mode3_film_train_vi_3s_wavlm_mfbe_pitch | Mode3_film_train_vi_3s_wavlm_mfcc_only | Mode3_film_train_vi_3s_wavlm_pitch_only
full_length,ENS_representation_hc_train_vi_3s_hc_wavlm__mfcc_pitch_mfbe__eq,ensemble,representation_hc,train_vi_3s__wavlm__mfcc_pitch | train_vi_3s__wavlm__mfbe_only,"0.5000,0.5000",ensemble,ensemble,ensemble,ensemble,multi,6.911459631682414,0.7793596620552055,9895,0,,Mode3_film_train_vi_3s_wavlm_mfcc_pitch | Mode3_film_train_vi_3s_wavlm_mfbe_only
full_length,ENS_representation_hc_train_vi_5s_hc_hubert__mfcc_pitch__a70,ensemble,representation_hc,train_vi_5s__hubert__mfcc_only | train_vi_5s__hubert__pitch_only,"0.7000,0.3000",ensemble,ensemble,ensemble,ensemble,multi,6.918171942059646,0.7157774529378139,9895,0,,Mode3_film_train_vi_5s_hubert_mfcc_only | Mode3_film_train_vi_5s_hubert_pitch_only
full_length,ENS_representation_hc_train_vi_3s_hc_wavlm__mfcc_pitch_mfbe__a60,ensemble,representation_hc,train_vi_3s__wavlm__mfcc_pitch | train_vi_3s__wavlm__mfbe_only,"0.6000,0.4000",ensemble,ensemble,ensemble,ensemble,multi,6.918171942059646,0.7783827272660407,9895,0,,Mode3_film_train_vi_3s_wavlm_mfcc_pitch | Mode3_film_train_vi_3s_wavlm_mfbe_only
full_length,ENS_representation_hc_train_vi_5s_hc_wavlm__mfcc_pitch__a70,ensemble,representation_hc,train_vi_5s__wavlm__mfcc_only | train_vi_5s__wavlm__pitch_only,"0.7000,0.3000",ensemble,ensemble,ensemble,ensemble,multi,6.945325789640472,0.7330821513245652,9895,0,,Mode3_film_train_vi_5s_wavlm_mfcc_only | Mode3_film_train_vi_5s_wavlm_pitch_only
full_length,ENS_representation_hc_train_vi_3s_hc_wavlm__mfcc_pitch_mfcc_mfbe__a50,ensemble,representation_hc,train_vi_3s__wavlm__mfcc_pitch | train_vi_3s__wavlm__mfcc_only | train_vi_3s__wavlm__mfbe_only,"0.5000,0.3000,0.2000",ensemble,ensemble,ensemble,ensemble,multi,6.952038100017704,0.7840447778609463,9895,0,,Mode3_film_train_vi_3s_wavlm_mfcc_pitch | Mode3_film_train_vi_3s_wavlm_mfcc_only | Mode3_film_train_vi_3s_wavlm_mfbe_only
full_length,ENS_representation_hc_train_vi_5s_hc_wavlm__mfcc_pitch_mfbe_pitch_pitch__eq,ensemble,representation_hc,train_vi_5s__wavlm__mfcc_pitch | train_vi_5s__wavlm__mfbe_pitch | train_vi_5s__wavlm__pitch_only,"0.3333,0.3333,0.3333",ensemble,ensemble,ensemble,ensemble,multi,6.992616568352999,0.7038704290291444,9895,0,,Mode3_film_train_vi_5s_wavlm_mfcc_pitch | Mode3_film_train_vi_5s_wavlm_mfbe_pitch | Mode3_film_train_vi_5s_wavlm_pitch_only
full_length,ENS_representation_hc_train_vi_3s_hc_hubert__mfcc_pitch_pitch__a60,ensemble,representation_hc,train_vi_3s__hubert__mfcc_pitch | train_vi_3s__hubert__pitch_only,"0.6000,0.4000",ensemble,ensemble,ensemble,ensemble,multi,6.992616568352999,0.7188888255893688,9895,0,,Mode3_film_train_vi_3s_hubert_mfcc_pitch | Mode3_film_train_vi_3s_hubert_pitch_only
full_length,ENS_representation_hc_train_vi_3s_hc_hubert__mfbe_pitch_mfbe_pitch__eq,ensemble,representation_hc,train_vi_3s__hubert__mfbe_pitch | train_vi_3s__hubert__mfbe_only | train_vi_3s__hubert__pitch_only,"0.3333,0.3333,0.3333",ensemble,ensemble,ensemble,ensemble,multi,6.992616568352999,0.7286646497902832,9895,0,,Mode3_film_train_vi_3s_hubert_mfbe_pitch | Mode3_film_train_vi_3s_hubert_mfbe_only | Mode3_film_train_vi_3s_hubert_pitch_only
full_length,ENS_representation_hc_train_vi_3s_hc_hubert__mfcc_pitch_mfcc_mfbe_pitch__eq,ensemble,representation_hc,train_vi_3s__hubert__mfcc_pitch | train_vi_3s__hubert__mfcc_only | train_vi_3s__hubert__mfbe_only | train_vi_3s__hubert__pitch_only,"0.2500,0.2500,0.2500,0.2500",ensemble,ensemble,ensemble,ensemble,multi,6.992616568352999,0.7639579009162006,9895,0,,Mode3_film_train_vi_3s_hubert_mfcc_pitch | Mode3_film_train_vi_3s_hubert_mfcc_only | Mode3_film_train_vi_3s_hubert_mfbe_only | Mode3_film_train_vi_3s_hubert_pitch_only
full_length,ENS_representation_hc_train_vi_3s_hc_wavlm__mfcc_mfbe__eq,ensemble,representation_hc,train_vi_3s__wavlm__mfcc_only | train_vi_3s__wavlm__mfbe_only,"0.5000,0.5000",ensemble,ensemble,ensemble,ensemble,multi,6.992616568352999,0.7980607734667147,9895,0,,Mode3_film_train_vi_3s_wavlm_mfcc_only | Mode3_film_train_vi_3s_wavlm_mfbe_only
full_length,ENS_representation_hc_train_vi_3s_hc_wavlm__mfcc_mfbe__a60,ensemble,representation_hc,train_vi_3s__wavlm__mfcc_only | train_vi_3s__wavlm__mfbe_only,"0.6000,0.4000",ensemble,ensemble,ensemble,ensemble,multi,6.992616568352999,0.80942839765022,9895,0,,Mode3_film_train_vi_3s_wavlm_mfcc_only | Mode3_film_train_vi_3s_wavlm_mfbe_only
full_length,ENS_representation_hc_train_vi_3s_hc_hubert__mfbe_pitch__a70,ensemble,representation_hc,train_vi_3s__hubert__mfbe_only | train_vi_3s__hubert__pitch_only,"0.7000,0.3000",ensemble,ensemble,ensemble,ensemble,multi,6.999328878730232,0.7482556500035614,9895,0,,Mode3_film_train_vi_3s_hubert_mfbe_only | Mode3_film_train_vi_3s_hubert_pitch_only
full_length,ENS_representation_hc_train_vi_3s_hc_hubert__mfcc_mfbe_pitch__a50,ensemble,representation_hc,train_vi_3s__hubert__mfcc_only | train_vi_3s__hubert__mfbe_only | train_vi_3s__hubert__pitch_only,"0.5000,0.3000,0.2000",ensemble,ensemble,ensemble,ensemble,multi,7.026482726311062,0.7678327645706814,9895,0,,Mode3_film_train_vi_3s_hubert_mfcc_only | Mode3_film_train_vi_3s_hubert_mfbe_only | Mode3_film_train_vi_3s_hubert_pitch_only
full_length,ENS_representation_hc_train_vi_5s_hc_wav2vec2__mfcc_pitch__a60,ensemble,representation_hc,train_vi_5s__wav2vec2__mfcc_only | train_vi_5s__wav2vec2__pitch_only,"0.6000,0.4000",ensemble,ensemble,ensemble,ensemble,multi,7.033195036688289,0.7093264451746931,9895,0,,Mode3_film_train_vi_5s_wav2vec2_mfcc_only | Mode3_film_train_vi_5s_wav2vec2_pitch_only
full_length,ENS_representation_ptm_train_vi_full_ptm_mfbe_pitch__wav2vec2_wavlm_hubert__a60,ensemble,representation_ptm,train_vi_full__wav2vec2__mfbe_pitch | train_vi_full__wavlm__mfbe_pitch | train_vi_full__hubert__mfbe_pitch,"0.6000,0.2500,0.1500",ensemble,ensemble,ensemble,ensemble,multi,7.033195036688289,0.7618415198822155,9895,0,,Mode3_film_train_vi_full_wav2vec2_mfbe_pitch | Mode3_film_train_vi_full_wavlm_mfbe_pitch | Mode3_film_train_vi_full_hubert_mfbe_pitch
full_length,ENS_representation_hc_train_vi_3s_hc_wavlm__mfcc_mfbe__a70,ensemble,representation_hc,train_vi_3s__wavlm__mfcc_only | train_vi_3s__wavlm__mfbe_only,"0.7000,0.3000",ensemble,ensemble,ensemble,ensemble,multi,7.033195036688289,0.812015189250381,9895,0,,Mode3_film_train_vi_3s_wavlm_mfcc_only | Mode3_film_train_vi_3s_wavlm_mfbe_only
full_length,ENS_representation_hc_train_vi_5s_hc_wavlm__mfbe_pitch_pitch__a60,ensemble,representation_hc,train_vi_5s__wavlm__mfbe_pitch | train_vi_5s__wavlm__pitch_only,"0.6000,0.4000",ensemble,ensemble,ensemble,ensemble,multi,7.067061194646353,0.7176910376770815,9895,0,,Mode3_film_train_vi_5s_wavlm_mfbe_pitch | Mode3_film_train_vi_5s_wavlm_pitch_only
full_length,ENS_representation_ptm_train_vi_full_ptm_mfbe_pitch__wav2vec2_hubert__a70,ensemble,representation_ptm,train_vi_full__wav2vec2__mfbe_pitch | train_vi_full__hubert__mfbe_pitch,"0.7000,0.3000",ensemble,ensemble,ensemble,ensemble,multi,7.067061194646353,0.7985927638549924,9895,0,,Mode3_film_train_vi_full_wav2vec2_mfbe_pitch | Mode3_film_train_vi_full_hubert_mfbe_pitch
full_length,ENS_representation_hc_train_vi_3s_hc_hubert__mfbe_pitch_mfcc_mfbe_pitch__eq,ensemble,representation_hc,train_vi_3s__hubert__mfbe_pitch | train_vi_3s__hubert__mfcc_only | train_vi_3s__hubert__mfbe_only | train_vi_3s__hubert__pitch_only,"0.2500,0.2500,0.2500,0.2500",ensemble,ensemble,ensemble,ensemble,multi,7.073773505023586,0.7462985422705971,9895,0,,Mode3_film_train_vi_3s_hubert_mfbe_pitch | Mode3_film_train_vi_3s_hubert_mfcc_only | Mode3_film_train_vi_3s_hubert_mfbe_only | Mode3_film_train_vi_3s_hubert_pitch_only
full_length,ENS_representation_hc_train_vi_3s_hc_wavlm__mfbe_pitch_pitch__a70,ensemble,representation_hc,train_vi_3s__wavlm__mfbe_pitch | train_vi_3s__wavlm__pitch_only,"0.7000,0.3000",ensemble,ensemble,ensemble,ensemble,multi,7.073773505023586,0.7631221825996493,9895,0,,Mode3_film_train_vi_3s_wavlm_mfbe_pitch | Mode3_film_train_vi_3s_wavlm_pitch_only
full_length,ENS_representation_hc_train_vi_3s_hc_wavlm__mfbe_pitch_mfcc_mfbe_pitch__a45,ensemble,representation_hc,train_vi_3s__wavlm__mfbe_pitch | train_vi_3s__wavlm__mfcc_only | train_vi_3s__wavlm__mfbe_only | train_vi_3s__wavlm__pitch_only,"0.4500,0.2500,0.1500,0.1500",ensemble,ensemble,ensemble,ensemble,multi,7.073773505023586,0.7820186809689919,9895,0,,Mode3_film_train_vi_3s_wavlm_mfbe_pitch | Mode3_film_train_vi_3s_wavlm_mfcc_only | Mode3_film_train_vi_3s_wavlm_mfbe_only | Mode3_film_train_vi_3s_wavlm_pitch_only
full_length,ENS_representation_hc_train_vi_5s_hc_wavlm__mfcc_pitch_pitch__a70,ensemble,representation_hc,train_vi_5s__wavlm__mfcc_pitch | train_vi_5s__wavlm__pitch_only,"0.7000,0.3000",ensemble,ensemble,ensemble,ensemble,multi,7.114351973358882,0.6987329594856371,9895,0,,Mode3_film_train_vi_5s_wavlm_mfcc_pitch | Mode3_film_train_vi_5s_wavlm_pitch_only
full_length,ENS_representation_ptm_train_raw_ptm_mfbe_only__wav2vec2_wavlm_hubert__a60,ensemble,representation_ptm,train_raw__wav2vec2__mfbe_only | train_raw__wavlm__mfbe_only | train_raw__hubert__mfbe_only,"0.6000,0.2500,0.1500",ensemble,ensemble,ensemble,ensemble,multi,7.114351973358882,0.7335090388970426,9895,0,,Mode3_film_train_raw_wav2vec2_mfbe_only | Mode3_film_train_raw_wavlm_mfbe_only | Mode3_film_train_raw_hubert_mfbe_only
full_length,ENS_representation_hc_train_vi_5s_hc_wavlm__mfcc_pitch_mfbe_pitch_mfcc_pitch__eq,ensemble,representation_hc,train_vi_5s__wavlm__mfcc_pitch | train_vi_5s__wavlm__mfbe_pitch | train_vi_5s__wavlm__mfcc_only | train_vi_5s__wavlm__pitch_only,"0.2500,0.2500,0.2500,0.2500",ensemble,ensemble,ensemble,ensemble,multi,7.114351973358882,0.7409582764323703,9895,0,,Mode3_film_train_vi_5s_wavlm_mfcc_pitch | Mode3_film_train_vi_5s_wavlm_mfbe_pitch | Mode3_film_train_vi_5s_wavlm_mfcc_only | Mode3_film_train_vi_5s_wavlm_pitch_only
full_length,ENS_representation_hc_train_vi_3s_hc_wavlm__mfcc_pitch_mfbe__a70,ensemble,representation_hc,train_vi_3s__wavlm__mfcc_pitch | train_vi_3s__wavlm__mfbe_only,"0.7000,0.3000",ensemble,ensemble,ensemble,ensemble,multi,7.114351973358882,0.7717617987103803,9895,0,,Mode3_film_train_vi_3s_wavlm_mfcc_pitch | Mode3_film_train_vi_3s_wavlm_mfbe_only
full_length,ENS_representation_hc_train_vi_5s_hc_wav2vec2__mfcc_pitch_mfcc_pitch__eq,ensemble,representation_hc,train_vi_5s__wav2vec2__mfcc_pitch | train_vi_5s__wav2vec2__mfcc_only | train_vi_5s__wav2vec2__pitch_only,"0.3333,0.3333,0.3333",ensemble,ensemble,ensemble,ensemble,multi,7.121064283736109,0.7164719547817497,9895,0,,Mode3_film_train_vi_5s_wav2vec2_mfcc_pitch | Mode3_film_train_vi_5s_wav2vec2_mfcc_only | Mode3_film_train_vi_5s_wav2vec2_pitch_only
full_length,ENS_representation_ptm_train_raw_ptm_mfbe_only__wav2vec2_wavlm__a60,ensemble,representation_ptm,train_raw__wav2vec2__mfbe_only | train_raw__wavlm__mfbe_only,"0.6000,0.4000",ensemble,ensemble,ensemble,ensemble,multi,7.121064283736109,0.7493015739517142,9895,0,,Mode3_film_train_raw_wav2vec2_mfbe_only | Mode3_film_train_raw_wavlm_mfbe_only
full_length,ENS_representation_ptm_train_vi_full_ptm_mfbe_pitch__wav2vec2_wavlm__eq,ensemble,representation_ptm,train_vi_full__wav2vec2__mfbe_pitch | train_vi_full__wavlm__mfbe_pitch,"0.5000,0.5000",ensemble,ensemble,ensemble,ensemble,multi,7.148218131316939,0.7324418199658475,9895,0,,Mode3_film_train_vi_full_wav2vec2_mfbe_pitch | Mode3_film_train_vi_full_wavlm_mfbe_pitch
full_length,ENS_representation_hc_train_vi_5s_hc_wavlm__mfcc_pitch_mfbe_pitch__eq,ensemble,representation_hc,train_vi_5s__wavlm__mfcc_pitch | train_vi_5s__wavlm__mfbe_only | train_vi_5s__wavlm__pitch_only,"0.3333,0.3333,0.3333",ensemble,ensemble,ensemble,ensemble,multi,7.154930441694171,0.7231651106510376,9895,0,,Mode3_film_train_vi_5s_wavlm_mfcc_pitch | Mode3_film_train_vi_5s_wavlm_mfbe_only | Mode3_film_train_vi_5s_wavlm_pitch_only
full_length,ENS_representation_hc_train_vi_5s_hc_wav2vec2__mfcc_pitch_pitch__a70,ensemble,representation_hc,train_vi_5s__wav2vec2__mfcc_pitch | train_vi_5s__wav2vec2__pitch_only,"0.7000,0.3000",ensemble,ensemble,ensemble,ensemble,multi,7.154930441694171,0.7250138774135642,9895,0,,Mode3_film_train_vi_5s_wav2vec2_mfcc_pitch | Mode3_film_train_vi_5s_wav2vec2_pitch_only
full_length,ENS_representation_hc_train_raw_hc_hubert__mfbe_pitch__a60,ensemble,representation_hc,train_raw__hubert__mfbe_only | train_raw__hubert__pitch_only,"0.6000,0.4000",ensemble,ensemble,ensemble,ensemble,multi,7.154930441694171,0.738353428003802,9895,0,,Mode3_film_train_raw_hubert_mfbe_only | Mode3_film_train_raw_hubert_pitch_only
full_length,ENS_representation_ptm_train_vi_full_ptm_mfbe_pitch__wav2vec2_wavlm__a60,ensemble,representation_ptm,train_vi_full__wav2vec2__mfbe_pitch | train_vi_full__wavlm__mfbe_pitch,"0.6000,0.4000",ensemble,ensemble,ensemble,ensemble,multi,7.154930441694171,0.760517334171083,9895,0,,Mode3_film_train_vi_full_wav2vec2_mfbe_pitch | Mode3_film_train_vi_full_wavlm_mfbe_pitch
full_length,ENS_representation_ptm_train_vi_3s_ptm_mfbe_pitch__wav2vec2_wavlm_hubert__eq,ensemble,representation_ptm,train_vi_3s__wav2vec2__mfbe_pitch | train_vi_3s__wavlm__mfbe_pitch | train_vi_3s__hubert__mfbe_pitch,"0.3333,0.3333,0.3333",ensemble,ensemble,ensemble,ensemble,multi,7.154930441694171,0.7657196216913335,9895,0,,Mode3_film_train_vi_3s_wav2vec2_mfbe_pitch | Mode3_film_train_vi_3s_wavlm_mfbe_pitch | Mode3_film_train_vi_3s_hubert_mfbe_pitch
full_length,ENS_representation_ptm_train_raw_ptm_mfbe_only__wav2vec2_hubert__a70,ensemble,representation_ptm,train_raw__wav2vec2__mfbe_only | train_raw__hubert__mfbe_only,"0.7000,0.3000",ensemble,ensemble,ensemble,ensemble,multi,7.195508910029466,0.7100899361776192,9895,0,,Mode3_film_train_raw_wav2vec2_mfbe_only | Mode3_film_train_raw_hubert_mfbe_only
full_length,ENS_representation_hc_train_vi_5s_hc_hubert__mfcc_pitch_mfcc_pitch__a50,ensemble,representation_hc,train_vi_5s__hubert__mfcc_pitch | train_vi_5s__hubert__mfcc_only | train_vi_5s__hubert__pitch_only,"0.5000,0.3000,0.2000",ensemble,ensemble,ensemble,ensemble,multi,7.195508910029466,0.7107122107079298,9895,0,,Mode3_film_train_vi_5s_hubert_mfcc_pitch | Mode3_film_train_vi_5s_hubert_mfcc_only | Mode3_film_train_vi_5s_hubert_pitch_only
full_length,ENS_representation_hc_train_vi_5s_hc_wavlm__mfcc_mfbe_pitch__eq,ensemble,representation_hc,train_vi_5s__wavlm__mfcc_only | train_vi_5s__wavlm__mfbe_only | train_vi_5s__wavlm__pitch_only,"0.3333,0.3333,0.3333",ensemble,ensemble,ensemble,ensemble,multi,7.195508910029466,0.7604376975205714,9895,0,,Mode3_film_train_vi_5s_wavlm_mfcc_only | Mode3_film_train_vi_5s_wavlm_mfbe_only | Mode3_film_train_vi_5s_wavlm_pitch_only
full_length,ENS_representation_hc_train_vi_3s_hc_wavlm__mfbe_pitch_mfbe_pitch__a50,ensemble,representation_hc,train_vi_3s__wavlm__mfbe_pitch | train_vi_3s__wavlm__mfbe_only | train_vi_3s__wavlm__pitch_only,"0.5000,0.3000,0.2000",ensemble,ensemble,ensemble,ensemble,multi,7.229375067987523,0.7660997481154769,9895,0,,Mode3_film_train_vi_3s_wavlm_mfbe_pitch | Mode3_film_train_vi_3s_wavlm_mfbe_only | Mode3_film_train_vi_3s_wavlm_pitch_only
full_length,ENS_representation_hc_train_vi_5s_hc_hubert__mfcc_pitch_mfbe_pitch_pitch__eq,ensemble,representation_hc,train_vi_5s__hubert__mfcc_pitch | train_vi_5s__hubert__mfbe_pitch | train_vi_5s__hubert__pitch_only,"0.3333,0.3333,0.3333",ensemble,ensemble,ensemble,ensemble,multi,7.236087378364756,0.7236716348740263,9895,0,,Mode3_film_train_vi_5s_hubert_mfcc_pitch | Mode3_film_train_vi_5s_hubert_mfbe_pitch | Mode3_film_train_vi_5s_hubert_pitch_only
full_length,ENS_representation_hc_train_vi_5s_hc_hubert__mfbe_pitch_pitch__eq,ensemble,representation_hc,train_vi_5s__hubert__mfbe_pitch | train_vi_5s__hubert__pitch_only,"0.5000,0.5000",ensemble,ensemble,ensemble,ensemble,multi,7.236087378364756,0.7313926578630575,9895,0,,Mode3_film_train_vi_5s_hubert_mfbe_pitch | Mode3_film_train_vi_5s_hubert_pitch_only
full_length,ENS_representation_hc_train_vi_3s_hc_wavlm__mfbe_pitch_mfcc_mfbe_pitch__a50,ensemble,representation_hc,train_vi_3s__wavlm__mfbe_pitch | train_vi_3s__wavlm__mfcc_only | train_vi_3s__wavlm__mfbe_only | train_vi_3s__wavlm__pitch_only,"0.5000,0.2000,0.1500,0.1500",ensemble,ensemble,ensemble,ensemble,multi,7.236087378364756,0.7878038912081031,9895,0,,Mode3_film_train_vi_3s_wavlm_mfbe_pitch | Mode3_film_train_vi_3s_wavlm_mfcc_only | Mode3_film_train_vi_3s_wavlm_mfbe_only | Mode3_film_train_vi_3s_wavlm_pitch_only
full_length,ENS_representation_hc_train_vi_3s_hc_wavlm__mfcc_pitch_mfcc_mfbe__a60,ensemble,representation_hc,train_vi_3s__wavlm__mfcc_pitch | train_vi_3s__wavlm__mfcc_only | train_vi_3s__wavlm__mfbe_only,"0.6000,0.2500,0.1500",ensemble,ensemble,ensemble,ensemble,multi,7.236087378364756,0.7890484402687242,9895,0,,Mode3_film_train_vi_3s_wavlm_mfcc_pitch | Mode3_film_train_vi_3s_wavlm_mfcc_only | Mode3_film_train_vi_3s_wavlm_mfbe_only
full_length,ENS_representation_hc_train_vi_3s_hc_wavlm__mfcc_pitch_mfcc__eq,ensemble,representation_hc,train_vi_3s__wavlm__mfcc_pitch | train_vi_3s__wavlm__mfcc_only,"0.5000,0.5000",ensemble,ensemble,ensemble,ensemble,multi,7.317244315035342,0.8149279367894655,9895,0,,Mode3_film_train_vi_3s_wavlm_mfcc_pitch | Mode3_film_train_vi_3s_wavlm_mfcc_only
full_length,ENS_representation_hc_train_vi_5s_hc_hubert__mfbe_pitch__eq,ensemble,representation_hc,train_vi_5s__hubert__mfbe_only | train_vi_5s__hubert__pitch_only,"0.5000,0.5000",ensemble,ensemble,ensemble,ensemble,multi,7.351110472993405,0.7393229534560826,9895,0,,Mode3_film_train_vi_5s_hubert_mfbe_only | Mode3_film_train_vi_5s_hubert_pitch_only
full_length,ENS_representation_hc_train_vi_3s_hc_hubert__mfcc_pitch_mfbe_pitch_mfcc_pitch__eq,ensemble,representation_hc,train_vi_3s__hubert__mfcc_pitch | train_vi_3s__hubert__mfbe_pitch | train_vi_3s__hubert__mfcc_only | train_vi_3s__hubert__pitch_only,"0.2500,0.2500,0.2500,0.2500",ensemble,ensemble,ensemble,ensemble,multi,7.357822783370638,0.7503326792260967,9895,0,,Mode3_film_train_vi_3s_hubert_mfcc_pitch | Mode3_film_train_vi_3s_hubert_mfbe_pitch | Mode3_film_train_vi_3s_hubert_mfcc_only | Mode3_film_train_vi_3s_hubert_pitch_only
full_length,ENS_representation_hc_train_vi_5s_hc_hubert__mfcc_pitch_mfbe_pitch__eq,ensemble,representation_hc,train_vi_5s__hubert__mfcc_pitch | train_vi_5s__hubert__mfbe_only | train_vi_5s__hubert__pitch_only,"0.3333,0.3333,0.3333",ensemble,ensemble,ensemble,ensemble,multi,7.391688941328701,0.7305314733812169,9895,0,,Mode3_film_train_vi_5s_hubert_mfcc_pitch | Mode3_film_train_vi_5s_hubert_mfbe_only | Mode3_film_train_vi_5s_hubert_pitch_only
full_length,ENS_representation_hc_train_vi_5s_hc_hubert__mfcc_mfbe_pitch__eq,ensemble,representation_hc,train_vi_5s__hubert__mfcc_only | train_vi_5s__hubert__mfbe_only | train_vi_5s__hubert__pitch_only,"0.3333,0.3333,0.3333",ensemble,ensemble,ensemble,ensemble,multi,7.398401251705932,0.748111195376311,9895,0,,Mode3_film_train_vi_5s_hubert_mfcc_only | Mode3_film_train_vi_5s_hubert_mfbe_only | Mode3_film_train_vi_5s_hubert_pitch_only
full_length,ENS_representation_hc_train_vi_5s_hc_wavlm__mfcc_pitch_mfcc_mfbe_pitch__eq,ensemble,representation_hc,train_vi_5s__wavlm__mfcc_pitch | train_vi_5s__wavlm__mfcc_only | train_vi_5s__wavlm__mfbe_only | train_vi_5s__wavlm__pitch_only,"0.2500,0.2500,0.2500,0.2500",ensemble,ensemble,ensemble,ensemble,multi,7.398401251705932,0.7562442872640532,9895,0,,Mode3_film_train_vi_5s_wavlm_mfcc_pitch | Mode3_film_train_vi_5s_wavlm_mfcc_only | Mode3_film_train_vi_5s_wavlm_mfbe_only | Mode3_film_train_vi_5s_wavlm_pitch_only
full_length,ENS_representation_hc_train_vi_3s_hc_hubert__mfcc_pitch_mfbe_pitch_mfbe_pitch__eq,ensemble,representation_hc,train_vi_3s__hubert__mfcc_pitch | train_vi_3s__hubert__mfbe_pitch | train_vi_3s__hubert__mfbe_only | train_vi_3s__hubert__pitch_only,"0.2500,0.2500,0.2500,0.2500",ensemble,ensemble,ensemble,ensemble,multi,7.398401251705932,0.7612914726655301,9895,0,,Mode3_film_train_vi_3s_hubert_mfcc_pitch | Mode3_film_train_vi_3s_hubert_mfbe_pitch | Mode3_film_train_vi_3s_hubert_mfbe_only | Mode3_film_train_vi_3s_hubert_pitch_only
full_length,ENS_representation_hc_train_vi_3s_hc_wavlm__mfcc_pitch_mfbe_pitch_mfcc_mfbe__eq,ensemble,representation_hc,train_vi_3s__wavlm__mfcc_pitch | train_vi_3s__wavlm__mfbe_pitch | train_vi_3s__wavlm__mfcc_only | train_vi_3s__wavlm__mfbe_only,"0.2500,0.2500,0.2500,0.2500",ensemble,ensemble,ensemble,ensemble,multi,7.398401251705932,0.8076592675382029,9895,0,,Mode3_film_train_vi_3s_wavlm_mfcc_pitch | Mode3_film_train_vi_3s_wavlm_mfbe_pitch | Mode3_film_train_vi_3s_wavlm_mfcc_only | Mode3_film_train_vi_3s_wavlm_mfbe_only
full_length,ENS_representation_hc_train_vi_5s_hc_wav2vec2__mfbe_pitch_pitch__eq,ensemble,representation_hc,train_vi_5s__wav2vec2__mfbe_pitch | train_vi_5s__wav2vec2__pitch_only,"0.5000,0.5000",ensemble,ensemble,ensemble,ensemble,multi,7.438979720041224,0.6928935787613058,9895,0,,Mode3_film_train_vi_5s_wav2vec2_mfbe_pitch | Mode3_film_train_vi_5s_wav2vec2_pitch_only
full_length,ENS_representation_hc_train_vi_5s_hc_wav2vec2__mfcc_pitch_mfbe_pitch_pitch__eq,ensemble,representation_hc,train_vi_5s__wav2vec2__mfcc_pitch | train_vi_5s__wav2vec2__mfbe_pitch | train_vi_5s__wav2vec2__pitch_only,"0.3333,0.3333,0.3333",ensemble,ensemble,ensemble,ensemble,multi,7.438979720041224,0.7308532581378935,9895,0,,Mode3_film_train_vi_5s_wav2vec2_mfcc_pitch | Mode3_film_train_vi_5s_wav2vec2_mfbe_pitch | Mode3_film_train_vi_5s_wav2vec2_pitch_only
full_length,ENS_representation_hc_train_vi_5s_hc_wavlm__mfcc_pitch_mfcc_pitch__a50,ensemble,representation_hc,train_vi_5s__wavlm__mfcc_pitch | train_vi_5s__wavlm__mfcc_only | train_vi_5s__wavlm__pitch_only,"0.5000,0.3000,0.2000",ensemble,ensemble,ensemble,ensemble,multi,7.438979720041224,0.7312694982188495,9895,0,,Mode3_film_train_vi_5s_wavlm_mfcc_pitch | Mode3_film_train_vi_5s_wavlm_mfcc_only | Mode3_film_train_vi_5s_wavlm_pitch_only
full_length,ENS_representation_hc_train_vi_5s_hc_wav2vec2__mfcc_pitch_mfbe_pitch__eq,ensemble,representation_hc,train_vi_5s__wav2vec2__mfcc_pitch | train_vi_5s__wav2vec2__mfbe_only | train_vi_5s__wav2vec2__pitch_only,"0.3333,0.3333,0.3333",ensemble,ensemble,ensemble,ensemble,multi,7.438979720041224,0.7482450025120402,9895,0,,Mode3_film_train_vi_5s_wav2vec2_mfcc_pitch | Mode3_film_train_vi_5s_wav2vec2_mfbe_only | Mode3_film_train_vi_5s_wav2vec2_pitch_only
full_length,ENS_representation_hc_train_vi_3s_hc_hubert__mfcc_pitch_mfbe_pitch_mfcc_mfbe_pitch__eq,ensemble,representation_hc,train_vi_3s__hubert__mfcc_pitch | train_vi_3s__hubert__mfbe_pitch | train_vi_3s__hubert__mfcc_only | train_vi_3s__hubert__mfbe_only | train_vi_3s__hubert__pitch_only,"0.2000,0.2000,0.2000,0.2000,0.2000",ensemble,ensemble,ensemble,ensemble,multi,7.438979720041224,0.7878654710302071,9895,0,,Mode3_film_train_vi_3s_hubert_mfcc_pitch | Mode3_film_train_vi_3s_hubert_mfbe_pitch | Mode3_film_train_vi_3s_hubert_mfcc_only | Mode3_film_train_vi_3s_hubert_mfbe_only | Mode3_film_train_vi_3s_hubert_pitch_only
full_length,ENS_representation_hc_train_vi_3s_hc_hubert__mfbe_pitch_pitch__a60,ensemble,representation_hc,train_vi_3s__hubert__mfbe_pitch | train_vi_3s__hubert__pitch_only,"0.6000,0.4000",ensemble,ensemble,ensemble,ensemble,multi,7.47955818837652,0.693906627207283,9895,0,,Mode3_film_train_vi_3s_hubert_mfbe_pitch | Mode3_film_train_vi_3s_hubert_pitch_only
full_length,ENS_representation_hc_train_vi_5s_hc_hubert__mfbe_pitch_mfcc_pitch__eq,ensemble,representation_hc,train_vi_5s__hubert__mfbe_pitch | train_vi_5s__hubert__mfcc_only | train_vi_5s__hubert__pitch_only,"0.3333,0.3333,0.3333",ensemble,ensemble,ensemble,ensemble,multi,7.47955818837652,0.7306472236885388,9895,0,,Mode3_film_train_vi_5s_hubert_mfbe_pitch | Mode3_film_train_vi_5s_hubert_mfcc_only | Mode3_film_train_vi_5s_hubert_pitch_only
full_length,ENS_representation_hc_train_vi_5s_hc_hubert__mfcc_pitch_mfcc_mfbe_pitch__eq,ensemble,representation_hc,train_vi_5s__hubert__mfcc_pitch | train_vi_5s__hubert__mfcc_only | train_vi_5s__hubert__mfbe_only | train_vi_5s__hubert__pitch_only,"0.2500,0.2500,0.2500,0.2500",ensemble,ensemble,ensemble,ensemble,multi,7.47955818837652,0.7428325093601882,9895,0,,Mode3_film_train_vi_5s_hubert_mfcc_pitch | Mode3_film_train_vi_5s_hubert_mfcc_only | Mode3_film_train_vi_5s_hubert_mfbe_only | Mode3_film_train_vi_5s_hubert_pitch_only
full_length,ENS_representation_hc_train_vi_3s_hc_hubert__mfcc_pitch_mfbe_pitch_pitch__eq,ensemble,representation_hc,train_vi_3s__hubert__mfcc_pitch | train_vi_3s__hubert__mfbe_pitch | train_vi_3s__hubert__pitch_only,"0.3333,0.3333,0.3333",ensemble,ensemble,ensemble,ensemble,multi,7.486270498753752,0.7271015541276206,9895,0,,Mode3_film_train_vi_3s_hubert_mfcc_pitch | Mode3_film_train_vi_3s_hubert_mfbe_pitch | Mode3_film_train_vi_3s_hubert_pitch_only
full_length,ENS_representation_ptm_train_raw_ptm_mfbe_only__wav2vec2_wavlm__eq,ensemble,representation_ptm,train_raw__wav2vec2__mfbe_only | train_raw__wavlm__mfbe_only,"0.5000,0.5000",ensemble,ensemble,ensemble,ensemble,multi,7.513424346334577,0.7957309486464889,9895,0,,Mode3_film_train_raw_wav2vec2_mfbe_only | Mode3_film_train_raw_wavlm_mfbe_only
full_length,ENS_representation_ptm_train_raw_ptm_mfbe_only__wav2vec2_wavlm_hubert__a50,ensemble,representation_ptm,train_raw__wav2vec2__mfbe_only | train_raw__wavlm__mfbe_only | train_raw__hubert__mfbe_only,"0.5000,0.3000,0.2000",ensemble,ensemble,ensemble,ensemble,multi,7.520136656711809,0.771512241267329,9895,0,,Mode3_film_train_raw_wav2vec2_mfbe_only | Mode3_film_train_raw_wavlm_mfbe_only | Mode3_film_train_raw_hubert_mfbe_only
full_length,ENS_representation_hc_train_vi_3s_hc_hubert__mfcc_mfbe_pitch__a60,ensemble,representation_hc,train_vi_3s__hubert__mfcc_only | train_vi_3s__hubert__mfbe_only | train_vi_3s__hubert__pitch_only,"0.6000,0.2500,0.1500",ensemble,ensemble,ensemble,ensemble,multi,7.520136656711809,0.7799022999350067,9895,0,,Mode3_film_train_vi_3s_hubert_mfcc_only | Mode3_film_train_vi_3s_hubert_mfbe_only | Mode3_film_train_vi_3s_hubert_pitch_only
full_length,ENS_representation_ptm_train_vi_full_ptm_mfbe_pitch__wav2vec2_wavlm__a70,ensemble,representation_ptm,train_vi_full__wav2vec2__mfbe_pitch | train_vi_full__wavlm__mfbe_pitch,"0.7000,0.3000",ensemble,ensemble,ensemble,ensemble,multi,7.520136656711809,0.7897758176148376,9895,0,,Mode3_film_train_vi_full_wav2vec2_mfbe_pitch | Mode3_film_train_vi_full_wavlm_mfbe_pitch
full_length,ENS_representation_hc_train_vi_3s_hc_wavlm__mfcc_pitch_mfcc__a60,ensemble,representation_hc,train_vi_3s__wavlm__mfcc_pitch | train_vi_3s__wavlm__mfcc_only,"0.6000,0.4000",ensemble,ensemble,ensemble,ensemble,multi,7.520136656711809,0.8026556051304229,9895,0,,Mode3_film_train_vi_3s_wavlm_mfcc_pitch | Mode3_film_train_vi_3s_wavlm_mfcc_only
full_length,ENS_representation_ptm_train_raw_ptm_mfbe_only__wav2vec2_hubert__a60,ensemble,representation_ptm,train_raw__wav2vec2__mfbe_only | train_raw__hubert__mfbe_only,"0.6000,0.4000",ensemble,ensemble,ensemble,ensemble,multi,7.554002814669872,0.7415879602995649,9895,0,,Mode3_film_train_raw_wav2vec2_mfbe_only | Mode3_film_train_raw_hubert_mfbe_only
full_length,ENS_representation_hc_train_vi_5s_hc_wav2vec2__mfcc_pitch__a70,ensemble,representation_hc,train_vi_5s__wav2vec2__mfcc_only | train_vi_5s__wav2vec2__pitch_only,"0.7000,0.3000",ensemble,ensemble,ensemble,ensemble,multi,7.560715125047104,0.742825100023304,9895,0,,Mode3_film_train_vi_5s_wav2vec2_mfcc_only | Mode3_film_train_vi_5s_wav2vec2_pitch_only
full_length,ENS_representation_hc_train_vi_5s_hc_wav2vec2__mfcc_pitch_mfcc_pitch__a50,ensemble,representation_hc,train_vi_5s__wav2vec2__mfcc_pitch | train_vi_5s__wav2vec2__mfcc_only | train_vi_5s__wav2vec2__pitch_only,"0.5000,0.3000,0.2000",ensemble,ensemble,ensemble,ensemble,multi,7.560715125047104,0.7581726906770891,9895,0,,Mode3_film_train_vi_5s_wav2vec2_mfcc_pitch | Mode3_film_train_vi_5s_wav2vec2_mfcc_only | Mode3_film_train_vi_5s_wav2vec2_pitch_only
full_length,ENS_representation_hc_train_vi_5s_hc_wavlm__mfbe_pitch__a60,ensemble,representation_hc,train_vi_5s__wavlm__mfbe_only | train_vi_5s__wavlm__pitch_only,"0.6000,0.4000",ensemble,ensemble,ensemble,ensemble,multi,7.560715125047104,0.776863154597077,9895,0,,Mode3_film_train_vi_5s_wavlm_mfbe_only | Mode3_film_train_vi_5s_wavlm_pitch_only
full_length,ENS_representation_hc_train_vi_5s_hc_wav2vec2__mfbe_pitch__eq,ensemble,representation_hc,train_vi_5s__wav2vec2__mfbe_only | train_vi_5s__wav2vec2__pitch_only,"0.5000,0.5000",ensemble,ensemble,ensemble,ensemble,multi,7.601293593382394,0.7207375923518952,9895,0,,Mode3_film_train_vi_5s_wav2vec2_mfbe_only | Mode3_film_train_vi_5s_wav2vec2_pitch_only
full_length,ENS_representation_hc_train_vi_5s_hc_hubert__mfcc_pitch_mfcc_pitch__a60,ensemble,representation_hc,train_vi_5s__hubert__mfcc_pitch | train_vi_5s__hubert__mfcc_only | train_vi_5s__hubert__pitch_only,"0.6000,0.2500,0.1500",ensemble,ensemble,ensemble,ensemble,multi,7.601293593382394,0.7355893062742149,9895,0,,Mode3_film_train_vi_5s_hubert_mfcc_pitch | Mode3_film_train_vi_5s_hubert_mfcc_only | Mode3_film_train_vi_5s_hubert_pitch_only
full_length,ENS_representation_hc_train_vi_3s_hc_wavlm__mfcc_pitch_mfcc__a70,ensemble,representation_hc,train_vi_3s__wavlm__mfcc_pitch | train_vi_3s__wavlm__mfcc_only,"0.7000,0.3000",ensemble,ensemble,ensemble,ensemble,multi,7.601293593382394,0.7983719107318699,9895,0,,Mode3_film_train_vi_3s_wavlm_mfcc_pitch | Mode3_film_train_vi_3s_wavlm_mfcc_only
full_length,ENS_representation_hc_train_vi_3s_hc_wavlm__mfcc_pitch_mfbe_pitch_mfcc_mfbe__a50,ensemble,representation_hc,train_vi_3s__wavlm__mfcc_pitch | train_vi_3s__wavlm__mfbe_pitch | train_vi_3s__wavlm__mfcc_only | train_vi_3s__wavlm__mfbe_only,"0.5000,0.2000,0.1500,0.1500",ensemble,ensemble,ensemble,ensemble,multi,7.601293593382394,0.8010744526393551,9895,0,,Mode3_film_train_vi_3s_wavlm_mfcc_pitch | Mode3_film_train_vi_3s_wavlm_mfbe_pitch | Mode3_film_train_vi_3s_wavlm_mfcc_only | Mode3_film_train_vi_3s_wavlm_mfbe_only
full_length,ENS_representation_hc_train_vi_3s_hc_wavlm__mfbe_pitch_mfcc_pitch__a60,ensemble,representation_hc,train_vi_3s__wavlm__mfbe_pitch | train_vi_3s__wavlm__mfcc_only | train_vi_3s__wavlm__pitch_only,"0.6000,0.2500,0.1500",ensemble,ensemble,ensemble,ensemble,multi,7.601293593382394,0.8026375483020154,9895,0,,Mode3_film_train_vi_3s_wavlm_mfbe_pitch | Mode3_film_train_vi_3s_wavlm_mfcc_only | Mode3_film_train_vi_3s_wavlm_pitch_only
full_length,ENS_representation_hc_train_vi_5s_hc_hubert__mfcc_pitch_mfbe_pitch_mfcc_pitch__eq,ensemble,representation_hc,train_vi_5s__hubert__mfcc_pitch | train_vi_5s__hubert__mfbe_pitch | train_vi_5s__hubert__mfcc_only | train_vi_5s__hubert__pitch_only,"0.2500,0.2500,0.2500,0.2500",ensemble,ensemble,ensemble,ensemble,multi,7.635159751340457,0.7379987677449499,9895,0,,Mode3_film_train_vi_5s_hubert_mfcc_pitch | Mode3_film_train_vi_5s_hubert_mfbe_pitch | Mode3_film_train_vi_5s_hubert_mfcc_only | Mode3_film_train_vi_5s_hubert_pitch_only
full_length,Mode3_film_train_vi_3s_wavlm_mfbe_only,single,single,Mode3_film_train_vi_3s_wavlm_mfbe_only,1.0,3,film,mfbe_only,wavlm,train_vi_3s,7.635159751340457,0.7938312495533817,9895,0,train_vi_3s__wavlm__mfbe_only,
full_length,ENS_representation_hc_train_vi_3s_hc_wavlm__mfcc_pitch_mfbe_pitch_mfcc_mfbe__a45,ensemble,representation_hc,train_vi_3s__wavlm__mfcc_pitch | train_vi_3s__wavlm__mfbe_pitch | train_vi_3s__wavlm__mfcc_only | train_vi_3s__wavlm__mfbe_only,"0.4500,0.2500,0.1500,0.1500",ensemble,ensemble,ensemble,ensemble,multi,7.64187206171769,0.8038205175405346,9895,0,,Mode3_film_train_vi_3s_wavlm_mfcc_pitch | Mode3_film_train_vi_3s_wavlm_mfbe_pitch | Mode3_film_train_vi_3s_wavlm_mfcc_only | Mode3_film_train_vi_3s_wavlm_mfbe_only
full_length,ENS_representation_hc_train_vi_3s_hc_hubert__mfcc_pitch_pitch__a70,ensemble,representation_hc,train_vi_3s__hubert__mfcc_pitch | train_vi_3s__hubert__pitch_only,"0.7000,0.3000",ensemble,ensemble,ensemble,ensemble,multi,7.689162840430214,0.784149880676745,9895,0,,Mode3_film_train_vi_3s_hubert_mfcc_pitch | Mode3_film_train_vi_3s_hubert_pitch_only
full_length,Mode3_film_train_vi_3s_wavlm_mfcc_only,single,single,Mode3_film_train_vi_3s_wavlm_mfcc_only,1.0,3,film,mfcc_only,wavlm,train_vi_3s,7.689162840430214,0.8557387838830357,9895,0,train_vi_3s__wavlm__mfcc_only,
full_length,ENS_representation_hc_train_vi_3s_hc_wavlm__mfbe_pitch_mfbe_pitch__a60,ensemble,representation_hc,train_vi_3s__wavlm__mfbe_pitch | train_vi_3s__wavlm__mfbe_only | train_vi_3s__wavlm__pitch_only,"0.6000,0.2500,0.1500",ensemble,ensemble,ensemble,ensemble,multi,7.7364536191427415,0.7968884517197187,9895,0,,Mode3_film_train_vi_3s_wavlm_mfbe_pitch | Mode3_film_train_vi_3s_wavlm_mfbe_only | Mode3_film_train_vi_3s_wavlm_pitch_only
full_length,ENS_representation_hc_train_vi_3s_hc_wavlm__mfbe_pitch_mfcc_mfbe__eq,ensemble,representation_hc,train_vi_3s__wavlm__mfbe_pitch | train_vi_3s__wavlm__mfcc_only | train_vi_3s__wavlm__mfbe_only,"0.3333,0.3333,0.3333",ensemble,ensemble,ensemble,ensemble,multi,7.763607466723571,0.8285022261489885,9895,0,,Mode3_film_train_vi_3s_wavlm_mfbe_pitch | Mode3_film_train_vi_3s_wavlm_mfcc_only | Mode3_film_train_vi_3s_wavlm_mfbe_only
full_length,ENS_representation_hc_train_vi_5s_hc_wavlm__mfcc_pitch_mfbe_pitch_pitch__a50,ensemble,representation_hc,train_vi_5s__wavlm__mfcc_pitch | train_vi_5s__wavlm__mfbe_pitch | train_vi_5s__wavlm__pitch_only,"0.5000,0.3000,0.2000",ensemble,ensemble,ensemble,ensemble,multi,7.770319777100804,0.7312005090598633,9895,0,,Mode3_film_train_vi_5s_wavlm_mfcc_pitch | Mode3_film_train_vi_5s_wavlm_mfbe_pitch | Mode3_film_train_vi_5s_wavlm_pitch_only
full_length,ENS_representation_hc_train_vi_5s_hc_wavlm__mfbe_pitch_mfbe_pitch__eq,ensemble,representation_hc,train_vi_5s__wavlm__mfbe_pitch | train_vi_5s__wavlm__mfbe_only | train_vi_5s__wavlm__pitch_only,"0.3333,0.3333,0.3333",ensemble,ensemble,ensemble,ensemble,multi,7.770319777100804,0.7759403902931324,9895,0,,Mode3_film_train_vi_5s_wavlm_mfbe_pitch | Mode3_film_train_vi_5s_wavlm_mfbe_only | Mode3_film_train_vi_5s_wavlm_pitch_only
full_length,ENS_representation_hc_train_vi_3s_hc_wavlm__mfcc_pitch_mfbe_pitch_mfbe__eq,ensemble,representation_hc,train_vi_3s__wavlm__mfcc_pitch | train_vi_3s__wavlm__mfbe_pitch | train_vi_3s__wavlm__mfbe_only,"0.3333,0.3333,0.3333",ensemble,ensemble,ensemble,ensemble,multi,7.770319777100804,0.8136505122266687,9895,0,,Mode3_film_train_vi_3s_wavlm_mfcc_pitch | Mode3_film_train_vi_3s_wavlm_mfbe_pitch | Mode3_film_train_vi_3s_wavlm_mfbe_only
full_length,ENS_representation_hc_train_vi_5s_hc_hubert__mfcc_pitch_mfcc_mfbe_pitch__a50,ensemble,representation_hc,train_vi_5s__hubert__mfcc_pitch | train_vi_5s__hubert__mfcc_only | train_vi_5s__hubert__mfbe_only | train_vi_5s__hubert__pitch_only,"0.5000,0.2000,0.1500,0.1500",ensemble,ensemble,ensemble,ensemble,multi,7.8108982454360945,0.7552131819896687,9895,0,,Mode3_film_train_vi_5s_hubert_mfcc_pitch | Mode3_film_train_vi_5s_hubert_mfcc_only | Mode3_film_train_vi_5s_hubert_mfbe_only | Mode3_film_train_vi_5s_hubert_pitch_only
full_length,ENS_representation_hc_train_vi_3s_hc_hubert__mfcc_pitch_mfbe_pitch__a50,ensemble,representation_hc,train_vi_3s__hubert__mfcc_pitch | train_vi_3s__hubert__mfbe_only | train_vi_3s__hubert__pitch_only,"0.5000,0.3000,0.2000",ensemble,ensemble,ensemble,ensemble,multi,7.8108982454360945,0.8179129116421752,9895,0,,Mode3_film_train_vi_3s_hubert_mfcc_pitch | Mode3_film_train_vi_3s_hubert_mfbe_only | Mode3_film_train_vi_3s_hubert_pitch_only
full_length,ENS_representation_hc_train_raw_hc_wavlm__mfbe_pitch__a70,ensemble,representation_hc,train_raw__wavlm__mfbe_only | train_raw__wavlm__pitch_only,"0.7000,0.3000",ensemble,ensemble,ensemble,ensemble,multi,7.8108982454360945,0.8300579124747649,9895,0,,Mode3_film_train_raw_wavlm_mfbe_only | Mode3_film_train_raw_wavlm_pitch_only
full_length,ENS_representation_hc_train_vi_5s_hc_wavlm__mfcc_pitch_mfcc_pitch__a60,ensemble,representation_hc,train_vi_5s__wavlm__mfcc_pitch | train_vi_5s__wavlm__mfcc_only | train_vi_5s__wavlm__pitch_only,"0.6000,0.2500,0.1500",ensemble,ensemble,ensemble,ensemble,multi,7.817610555813327,0.7493196307801194,9895,0,,Mode3_film_train_vi_5s_wavlm_mfcc_pitch | Mode3_film_train_vi_5s_wavlm_mfcc_only | Mode3_film_train_vi_5s_wavlm_pitch_only
full_length,ENS_representation_hc_train_vi_5s_hc_wav2vec2__mfbe_pitch_mfcc_pitch__eq,ensemble,representation_hc,train_vi_5s__wav2vec2__mfbe_pitch | train_vi_5s__wav2vec2__mfcc_only | train_vi_5s__wav2vec2__pitch_only,"0.3333,0.3333,0.3333",ensemble,ensemble,ensemble,ensemble,multi,7.844764403394159,0.7291382985110963,9895,0,,Mode3_film_train_vi_5s_wav2vec2_mfbe_pitch | Mode3_film_train_vi_5s_wav2vec2_mfcc_only | Mode3_film_train_vi_5s_wav2vec2_pitch_only
full_length,ENS_representation_hc_train_vi_5s_hc_wav2vec2__mfcc_pitch_mfbe_pitch_mfcc_pitch__eq,ensemble,representation_hc,train_vi_5s__wav2vec2__mfcc_pitch | train_vi_5s__wav2vec2__mfbe_pitch | train_vi_5s__wav2vec2__mfcc_only | train_vi_5s__wav2vec2__pitch_only,"0.2500,0.2500,0.2500,0.2500",ensemble,ensemble,ensemble,ensemble,multi,7.844764403394159,0.7428866798454081,9895,0,,Mode3_film_train_vi_5s_wav2vec2_mfcc_pitch | Mode3_film_train_vi_5s_wav2vec2_mfbe_pitch | Mode3_film_train_vi_5s_wav2vec2_mfcc_only | Mode3_film_train_vi_5s_wav2vec2_pitch_only
full_length,ENS_representation_ptm_train_vi_3s_ptm_mfbe_only__wavlm_hubert__a70,ensemble,representation_ptm,train_vi_3s__wavlm__mfbe_only | train_vi_3s__hubert__mfbe_only,"0.7000,0.3000",ensemble,ensemble,ensemble,ensemble,multi,7.851476713771391,0.811302630578038,9895,0,,Mode3_film_train_vi_3s_wavlm_mfbe_only | Mode3_film_train_vi_3s_hubert_mfbe_only
full_length,ENS_representation_hc_train_vi_3s_hc_wavlm__mfcc_pitch_mfbe_pitch_mfcc__eq,ensemble,representation_hc,train_vi_3s__wavlm__mfcc_pitch | train_vi_3s__wavlm__mfbe_pitch | train_vi_3s__wavlm__mfcc_only,"0.3333,0.3333,0.3333",ensemble,ensemble,ensemble,ensemble,multi,7.851476713771391,0.8272215634315527,9895,0,,Mode3_film_train_vi_3s_wavlm_mfcc_pitch | Mode3_film_train_vi_3s_wavlm_mfbe_pitch | Mode3_film_train_vi_3s_wavlm_mfcc_only
full_length,ENS_representation_hc_train_vi_5s_hc_wav2vec2__mfcc_mfbe_pitch__eq,ensemble,representation_hc,train_vi_5s__wav2vec2__mfcc_only | train_vi_5s__wav2vec2__mfbe_only | train_vi_5s__wav2vec2__pitch_only,"0.3333,0.3333,0.3333",ensemble,ensemble,ensemble,ensemble,multi,7.89205518210668,0.755701649384252,9895,0,,Mode3_film_train_vi_5s_wav2vec2_mfcc_only | Mode3_film_train_vi_5s_wav2vec2_mfbe_only | Mode3_film_train_vi_5s_wav2vec2_pitch_only
full_length,ENS_representation_hc_train_vi_5s_hc_hubert__mfcc_pitch_mfcc_mfbe_pitch__a45,ensemble,representation_hc,train_vi_5s__hubert__mfcc_pitch | train_vi_5s__hubert__mfcc_only | train_vi_5s__hubert__mfbe_only | train_vi_5s__hubert__pitch_only,"0.4500,0.2500,0.1500,0.1500",ensemble,ensemble,ensemble,ensemble,multi,7.89205518210668,0.7573730860173524,9895,0,,Mode3_film_train_vi_5s_hubert_mfcc_pitch | Mode3_film_train_vi_5s_hubert_mfcc_only | Mode3_film_train_vi_5s_hubert_mfbe_only | Mode3_film_train_vi_5s_hubert_pitch_only
full_length,ENS_representation_hc_train_vi_3s_hc_wavlm__mfcc_pitch_mfbe_pitch_mfbe__a60,ensemble,representation_hc,train_vi_3s__wavlm__mfcc_pitch | train_vi_3s__wavlm__mfbe_pitch | train_vi_3s__wavlm__mfbe_only,"0.6000,0.2500,0.1500",ensemble,ensemble,ensemble,ensemble,multi,7.89205518210668,0.8088315892851988,9895,0,,Mode3_film_train_vi_3s_wavlm_mfcc_pitch | Mode3_film_train_vi_3s_wavlm_mfbe_pitch | Mode3_film_train_vi_3s_wavlm_mfbe_only
full_length,ENS_representation_hc_train_vi_5s_hc_wav2vec2__mfcc_pitch_mfcc_mfbe_pitch__eq,ensemble,representation_hc,train_vi_5s__wav2vec2__mfcc_pitch | train_vi_5s__wav2vec2__mfcc_only | train_vi_5s__wav2vec2__mfbe_only | train_vi_5s__wav2vec2__pitch_only,"0.2500,0.2500,0.2500,0.2500",ensemble,ensemble,ensemble,ensemble,multi,7.898767492483913,0.7669715800888388,9895,0,,Mode3_film_train_vi_5s_wav2vec2_mfcc_pitch | Mode3_film_train_vi_5s_wav2vec2_mfcc_only | Mode3_film_train_vi_5s_wav2vec2_mfbe_only | Mode3_film_train_vi_5s_wav2vec2_pitch_only
full_length,ENS_representation_ptm_train_vi_3s_ptm_mfcc_only__wavlm_hubert__a70,ensemble,representation_ptm,train_vi_3s__wavlm__mfcc_only | train_vi_3s__hubert__mfcc_only,"0.7000,0.3000",ensemble,ensemble,ensemble,ensemble,multi,7.898767492483913,0.8541576313919658,9895,0,,Mode3_film_train_vi_3s_wavlm_mfcc_only | Mode3_film_train_vi_3s_hubert_mfcc_only
full_length,ENS_representation_hc_train_vi_5s_hc_wavlm__mfcc_pitch_mfbe_pitch_mfbe_pitch__eq,ensemble,representation_hc,train_vi_5s__wavlm__mfcc_pitch | train_vi_5s__wavlm__mfbe_pitch | train_vi_5s__wavlm__mfbe_only | train_vi_5s__wavlm__pitch_only,"0.2500,0.2500,0.2500,0.2500",ensemble,ensemble,ensemble,ensemble,multi,7.925921340064742,0.7633101602205985,9895,0,,Mode3_film_train_vi_5s_wavlm_mfcc_pitch | Mode3_film_train_vi_5s_wavlm_mfbe_pitch | Mode3_film_train_vi_5s_wavlm_mfbe_only | Mode3_film_train_vi_5s_wavlm_pitch_only
full_length,ENS_representation_hc_train_vi_5s_hc_wavlm__mfbe_pitch_pitch__a70,ensemble,representation_hc,train_vi_5s__wavlm__mfbe_pitch | train_vi_5s__wavlm__pitch_only,"0.7000,0.3000",ensemble,ensemble,ensemble,ensemble,multi,7.932633650441975,0.7583171453043416,9895,0,,Mode3_film_train_vi_5s_wavlm_mfbe_pitch | Mode3_film_train_vi_5s_wavlm_pitch_only
full_length,ENS_representation_hc_train_vi_5s_hc_wavlm__mfcc_pitch_mfbe_pitch_mfcc_mfbe_pitch__eq,ensemble,representation_hc,train_vi_5s__wavlm__mfcc_pitch | train_vi_5s__wavlm__mfbe_pitch | train_vi_5s__wavlm__mfcc_only | train_vi_5s__wavlm__mfbe_only | train_vi_5s__wavlm__pitch_only,"0.2000,0.2000,0.2000,0.2000,0.2000",ensemble,ensemble,ensemble,ensemble,multi,7.932633650441975,0.7709006142285396,9895,0,,Mode3_film_train_vi_5s_wavlm_mfcc_pitch | Mode3_film_train_vi_5s_wavlm_mfbe_pitch | Mode3_film_train_vi_5s_wavlm_mfcc_only | Mode3_film_train_vi_5s_wavlm_mfbe_only | Mode3_film_train_vi_5s_wavlm_pitch_only
full_length,ENS_representation_hc_train_vi_3s_hc_wavlm__mfcc_pitch_mfbe_pitch_mfbe__a50,ensemble,representation_hc,train_vi_3s__wavlm__mfcc_pitch | train_vi_3s__wavlm__mfbe_pitch | train_vi_3s__wavlm__mfbe_only,"0.5000,0.3000,0.2000",ensemble,ensemble,ensemble,ensemble,multi,7.932633650441975,0.8087519526346895,9895,0,,Mode3_film_train_vi_3s_wavlm_mfcc_pitch | Mode3_film_train_vi_3s_wavlm_mfbe_pitch | Mode3_film_train_vi_3s_wavlm_mfbe_only
full_length,ENS_representation_hc_train_vi_5s_hc_wavlm__mfcc_pitch_mfbe_pitch__a50,ensemble,representation_hc,train_vi_5s__wavlm__mfcc_pitch | train_vi_5s__wavlm__mfbe_only | train_vi_5s__wavlm__pitch_only,"0.5000,0.3000,0.2000",ensemble,ensemble,ensemble,ensemble,multi,7.973212118777265,0.7471268512502623,9895,0,,Mode3_film_train_vi_5s_wavlm_mfcc_pitch | Mode3_film_train_vi_5s_wavlm_mfbe_only | Mode3_film_train_vi_5s_wavlm_pitch_only
full_length,ENS_representation_hc_train_vi_5s_hc_hubert__mfcc_pitch_mfbe_pitch_mfcc_pitch__a50,ensemble,representation_hc,train_vi_5s__hubert__mfcc_pitch | train_vi_5s__hubert__mfbe_pitch | train_vi_5s__hubert__mfcc_only | train_vi_5s__hubert__pitch_only,"0.5000,0.2000,0.1500,0.1500",ensemble,ensemble,ensemble,ensemble,multi,7.973212118777265,0.7524310034316763,9895,0,,Mode3_film_train_vi_5s_hubert_mfcc_pitch | Mode3_film_train_vi_5s_hubert_mfbe_pitch | Mode3_film_train_vi_5s_hubert_mfcc_only | Mode3_film_train_vi_5s_hubert_pitch_only
full_length,ENS_representation_hc_train_vi_5s_hc_wav2vec2__mfcc_pitch_mfcc_pitch__a60,ensemble,representation_hc,train_vi_5s__wav2vec2__mfcc_pitch | train_vi_5s__wav2vec2__mfcc_only | train_vi_5s__wav2vec2__pitch_only,"0.6000,0.2500,0.1500",ensemble,ensemble,ensemble,ensemble,multi,7.973212118777265,0.7738962365727726,9895,0,,Mode3_film_train_vi_5s_wav2vec2_mfcc_pitch | Mode3_film_train_vi_5s_wav2vec2_mfcc_only | Mode3_film_train_vi_5s_wav2vec2_pitch_only
full_length,ENS_representation_hc_train_vi_5s_hc_hubert__mfbe_pitch__a60,ensemble,representation_hc,train_vi_5s__hubert__mfbe_only | train_vi_5s__hubert__pitch_only,"0.6000,0.4000",ensemble,ensemble,ensemble,ensemble,multi,7.973212118777265,0.789261884054965,9895,0,,Mode3_film_train_vi_5s_hubert_mfbe_only | Mode3_film_train_vi_5s_hubert_pitch_only
full_length,ENS_representation_ptm_train_vi_3s_ptm_mfcc_only__wavlm_hubert__a60,ensemble,representation_ptm,train_vi_3s__wavlm__mfcc_only | train_vi_3s__hubert__mfcc_only,"0.6000,0.4000",ensemble,ensemble,ensemble,ensemble,multi,7.973212118777265,0.8506119618310474,9895,0,,Mode3_film_train_vi_3s_wavlm_mfcc_only | Mode3_film_train_vi_3s_hubert_mfcc_only
full_length,ENS_representation_hc_train_vi_5s_hc_hubert__mfcc_pitch_mfbe_pitch_pitch__a50,ensemble,representation_hc,train_vi_5s__hubert__mfcc_pitch | train_vi_5s__hubert__mfbe_pitch | train_vi_5s__hubert__pitch_only,"0.5000,0.3000,0.2000",ensemble,ensemble,ensemble,ensemble,multi,7.979924429154497,0.7560669571346252,9895,0,,Mode3_film_train_vi_5s_hubert_mfcc_pitch | Mode3_film_train_vi_5s_hubert_mfbe_pitch | Mode3_film_train_vi_5s_hubert_pitch_only
full_length,ENS_representation_hc_train_vi_5s_hc_wavlm__mfbe_pitch_mfcc_mfbe_pitch__eq,ensemble,representation_hc,train_vi_5s__wavlm__mfbe_pitch | train_vi_5s__wavlm__mfcc_only | train_vi_5s__wavlm__mfbe_only | train_vi_5s__wavlm__pitch_only,"0.2500,0.2500,0.2500,0.2500",ensemble,ensemble,ensemble,ensemble,multi,7.979924429154497,0.7877061977291866,9895,0,,Mode3_film_train_vi_5s_wavlm_mfbe_pitch | Mode3_film_train_vi_5s_wavlm_mfcc_only | Mode3_film_train_vi_5s_wavlm_mfbe_only | Mode3_film_train_vi_5s_wavlm_pitch_only
full_length,ENS_representation_hc_train_vi_5s_hc_wavlm__mfcc_pitch_mfbe_pitch_mfcc_pitch__a45,ensemble,representation_hc,train_vi_5s__wavlm__mfcc_pitch | train_vi_5s__wavlm__mfbe_pitch | train_vi_5s__wavlm__mfcc_only | train_vi_5s__wavlm__pitch_only,"0.4500,0.2500,0.1500,0.1500",ensemble,ensemble,ensemble,ensemble,multi,8.007078276735328,0.752868538495677,9895,0,,Mode3_film_train_vi_5s_wavlm_mfcc_pitch | Mode3_film_train_vi_5s_wavlm_mfbe_pitch | Mode3_film_train_vi_5s_wavlm_mfcc_only | Mode3_film_train_vi_5s_wavlm_pitch_only
full_length,ENS_representation_hc_train_vi_5s_hc_hubert__mfbe_pitch_pitch__a60,ensemble,representation_hc,train_vi_5s__hubert__mfbe_pitch | train_vi_5s__hubert__pitch_only,"0.6000,0.4000",ensemble,ensemble,ensemble,ensemble,multi,8.007078276735328,0.7726952105058461,9895,0,,Mode3_film_train_vi_5s_hubert_mfbe_pitch | Mode3_film_train_vi_5s_hubert_pitch_only
full_length,ENS_representation_hc_train_vi_5s_hc_wavlm__mfcc_pitch_mfbe_pitch_mfcc_pitch__a50,ensemble,representation_hc,train_vi_5s__wavlm__mfcc_pitch | train_vi_5s__wavlm__mfbe_pitch | train_vi_5s__wavlm__mfcc_only | train_vi_5s__wavlm__pitch_only,"0.5000,0.2000,0.1500,0.1500",ensemble,ensemble,ensemble,ensemble,multi,8.013790587112561,0.749695586022018,9895,0,,Mode3_film_train_vi_5s_wavlm_mfcc_pitch | Mode3_film_train_vi_5s_wavlm_mfbe_pitch | Mode3_film_train_vi_5s_wavlm_mfcc_only | Mode3_film_train_vi_5s_wavlm_pitch_only
full_length,ENS_representation_hc_train_vi_5s_hc_hubert__mfcc_pitch_mfbe_pitch__a50,ensemble,representation_hc,train_vi_5s__hubert__mfcc_pitch | train_vi_5s__hubert__mfbe_only | train_vi_5s__hubert__pitch_only,"0.5000,0.3000,0.2000",ensemble,ensemble,ensemble,ensemble,multi,8.013790587112561,0.7646778689254277,9895,0,,Mode3_film_train_vi_5s_hubert_mfcc_pitch | Mode3_film_train_vi_5s_hubert_mfbe_only | Mode3_film_train_vi_5s_hubert_pitch_only
full_length,ENS_representation_hc_train_vi_3s_hc_hubert__mfbe_pitch_mfcc_pitch__a50,ensemble,representation_hc,train_vi_3s__hubert__mfbe_pitch | train_vi_3s__hubert__mfcc_only | train_vi_3s__hubert__pitch_only,"0.5000,0.3000,0.2000",ensemble,ensemble,ensemble,ensemble,multi,8.013790587112561,0.7700903620772799,9895,0,,Mode3_film_train_vi_3s_hubert_mfbe_pitch | Mode3_film_train_vi_3s_hubert_mfcc_only | Mode3_film_train_vi_3s_hubert_pitch_only
full_length,ENS_representation_hc_train_vi_3s_hc_hubert__mfcc_pitch_mfcc_pitch__a50,ensemble,representation_hc,train_vi_3s__hubert__mfcc_pitch | train_vi_3s__hubert__mfcc_only | train_vi_3s__hubert__pitch_only,"0.5000,0.3000,0.2000",ensemble,ensemble,ensemble,ensemble,multi,8.013790587112561,0.8138607178582682,9895,0,,Mode3_film_train_vi_3s_hubert_mfcc_pitch | Mode3_film_train_vi_3s_hubert_mfcc_only | Mode3_film_train_vi_3s_hubert_pitch_only
full_length,ENS_representation_ptm_train_vi_3s_ptm_mfbe_only__wavlm_hubert__a60,ensemble,representation_ptm,train_vi_3s__wavlm__mfbe_only | train_vi_3s__hubert__mfbe_only,"0.6000,0.4000",ensemble,ensemble,ensemble,ensemble,multi,8.020502897489793,0.8142112069348754,9895,0,,Mode3_film_train_vi_3s_wavlm_mfbe_only | Mode3_film_train_vi_3s_hubert_mfbe_only
full_length,ENS_representation_hc_train_vi_3s_hc_wavlm__mfcc_pitch_mfbe_pitch_mfcc__a50,ensemble,representation_hc,train_vi_3s__wavlm__mfcc_pitch | train_vi_3s__wavlm__mfbe_pitch | train_vi_3s__wavlm__mfcc_only,"0.5000,0.3000,0.2000",ensemble,ensemble,ensemble,ensemble,multi,8.020502897489793,0.8158539392480474,9895,0,,Mode3_film_train_vi_3s_wavlm_mfcc_pitch | Mode3_film_train_vi_3s_wavlm_mfbe_pitch | Mode3_film_train_vi_3s_wavlm_mfcc_only
full_length,ENS_representation_hc_train_vi_5s_hc_wavlm__mfcc_pitch_mfcc_mfbe_pitch__a45,ensemble,representation_hc,train_vi_5s__wavlm__mfcc_pitch | train_vi_5s__wavlm__mfcc_only | train_vi_5s__wavlm__mfbe_only | train_vi_5s__wavlm__pitch_only,"0.4500,0.2500,0.1500,0.1500",ensemble,ensemble,ensemble,ensemble,multi,8.054369055447857,0.7645908229380344,9895,0,,Mode3_film_train_vi_5s_wavlm_mfcc_pitch | Mode3_film_train_vi_5s_wavlm_mfcc_only | Mode3_film_train_vi_5s_wavlm_mfbe_only | Mode3_film_train_vi_5s_wavlm_pitch_only
full_length,ENS_representation_hc_train_vi_5s_hc_wavlm__mfcc_pitch_mfcc_mfbe_pitch__a50,ensemble,representation_hc,train_vi_5s__wavlm__mfcc_pitch | train_vi_5s__wavlm__mfcc_only | train_vi_5s__wavlm__mfbe_only | train_vi_5s__wavlm__pitch_only,"0.5000,0.2000,0.1500,0.1500",ensemble,ensemble,ensemble,ensemble,multi,8.054369055447857,0.7653288477756668,9895,0,,Mode3_film_train_vi_5s_wavlm_mfcc_pitch | Mode3_film_train_vi_5s_wavlm_mfcc_only | Mode3_film_train_vi_5s_wavlm_mfbe_only | Mode3_film_train_vi_5s_wavlm_pitch_only
full_length,ENS_representation_hc_train_vi_5s_hc_wav2vec2__mfcc_pitch_mfcc_mfbe_pitch__a50,ensemble,representation_hc,train_vi_5s__wav2vec2__mfcc_pitch | train_vi_5s__wav2vec2__mfcc_only | train_vi_5s__wav2vec2__mfbe_only | train_vi_5s__wav2vec2__pitch_only,"0.5000,0.2000,0.1500,0.1500",ensemble,ensemble,ensemble,ensemble,multi,8.054369055447857,0.7916968116909895,9895,0,,Mode3_film_train_vi_5s_wav2vec2_mfcc_pitch | Mode3_film_train_vi_5s_wav2vec2_mfcc_only | Mode3_film_train_vi_5s_wav2vec2_mfbe_only | Mode3_film_train_vi_5s_wav2vec2_pitch_only
full_length,ENS_representation_hc_train_vi_3s_hc_wavlm__mfcc_pitch_mfbe_pitch_mfcc__a60,ensemble,representation_hc,train_vi_3s__wavlm__mfcc_pitch | train_vi_3s__wavlm__mfbe_pitch | train_vi_3s__wavlm__mfcc_only,"0.6000,0.2500,0.1500",ensemble,ensemble,ensemble,ensemble,multi,8.054369055447857,0.8163062929858158,9895,0,,Mode3_film_train_vi_3s_wavlm_mfcc_pitch | Mode3_film_train_vi_3s_wavlm_mfbe_pitch | Mode3_film_train_vi_3s_wavlm_mfcc_only
full_length,Mode3_film_train_vi_3s_wavlm_mfcc_pitch,single,single,Mode3_film_train_vi_3s_wavlm_mfcc_pitch,1.0,3,film,mfcc_pitch,wavlm,train_vi_3s,8.094947523783148,0.7753616387565184,9895,0,train_vi_3s__wavlm__mfcc_pitch,
full_length,ENS_representation_ptm_train_raw_ptm_mfbe_only__wav2vec2_hubert__eq,ensemble,representation_ptm,train_raw__wav2vec2__mfbe_only | train_raw__hubert__mfbe_only,"0.5000,0.5000",ensemble,ensemble,ensemble,ensemble,multi,8.094947523783148,0.7857777943161487,9895,0,,Mode3_film_train_raw_wav2vec2_mfbe_only | Mode3_film_train_raw_hubert_mfbe_only
full_length,ENS_representation_hc_train_vi_5s_hc_wav2vec2__mfcc_pitch_mfcc_mfbe_pitch__a45,ensemble,representation_hc,train_vi_5s__wav2vec2__mfcc_pitch | train_vi_5s__wav2vec2__mfcc_only | train_vi_5s__wav2vec2__mfbe_only | train_vi_5s__wav2vec2__pitch_only,"0.4500,0.2500,0.1500,0.1500",ensemble,ensemble,ensemble,ensemble,multi,8.094947523783148,0.7891206675823517,9895,0,,Mode3_film_train_vi_5s_wav2vec2_mfcc_pitch | Mode3_film_train_vi_5s_wav2vec2_mfcc_only | Mode3_film_train_vi_5s_wav2vec2_mfbe_only | Mode3_film_train_vi_5s_wav2vec2_pitch_only
full_length,ENS_representation_hc_train_raw_hc_hubert__mfbe_pitch__a70,ensemble,representation_hc,train_raw__hubert__mfbe_only | train_raw__hubert__pitch_only,"0.7000,0.3000",ensemble,ensemble,ensemble,ensemble,multi,8.094947523783148,0.7917296871931648,9895,0,,Mode3_film_train_raw_hubert_mfbe_only | Mode3_film_train_raw_hubert_pitch_only
full_length,ENS_representation_hc_train_vi_3s_hc_hubert__mfbe_pitch_mfcc_mfbe_pitch__a45,ensemble,representation_hc,train_vi_3s__hubert__mfbe_pitch | train_vi_3s__hubert__mfcc_only | train_vi_3s__hubert__mfbe_only | train_vi_3s__hubert__pitch_only,"0.4500,0.2500,0.1500,0.1500",ensemble,ensemble,ensemble,ensemble,multi,8.094947523783148,0.8006623837406438,9895,0,,Mode3_film_train_vi_3s_hubert_mfbe_pitch | Mode3_film_train_vi_3s_hubert_mfcc_only | Mode3_film_train_vi_3s_hubert_mfbe_only | Mode3_film_train_vi_3s_hubert_pitch_only
full_length,ENS_representation_ptm_train_vi_3s_ptm_mfcc_only__wavlm_hubert__eq,ensemble,representation_ptm,train_vi_3s__wavlm__mfcc_only | train_vi_3s__hubert__mfcc_only,"0.5000,0.5000",ensemble,ensemble,ensemble,ensemble,multi,8.094947523783148,0.8530288326386666,9895,0,,Mode3_film_train_vi_3s_wavlm_mfcc_only | Mode3_film_train_vi_3s_hubert_mfcc_only
full_length,ENS_representation_ptm_train_vi_5s_ptm_mfcc_pitch__wav2vec2_wavlm_hubert__eq,ensemble,representation_ptm,train_vi_5s__wav2vec2__mfcc_pitch | train_vi_5s__wavlm__mfcc_pitch | train_vi_5s__hubert__mfcc_pitch,"0.3333,0.3333,0.3333",ensemble,ensemble,ensemble,ensemble,multi,8.12881368174121,0.7598006043164929,9895,0,,Mode3_film_train_vi_5s_wav2vec2_mfcc_pitch | Mode3_film_train_vi_5s_wavlm_mfcc_pitch | Mode3_film_train_vi_5s_hubert_mfcc_pitch
full_length,ENS_representation_hc_train_vi_5s_hc_wavlm__mfcc_pitch_mfbe_pitch_pitch__a60,ensemble,representation_hc,train_vi_5s__wavlm__mfcc_pitch | train_vi_5s__wavlm__mfbe_pitch | train_vi_5s__wavlm__pitch_only,"0.6000,0.2500,0.1500",ensemble,ensemble,ensemble,ensemble,multi,8.135525992118442,0.7416963012700049,9895,0,,Mode3_film_train_vi_5s_wavlm_mfcc_pitch | Mode3_film_train_vi_5s_wavlm_mfbe_pitch | Mode3_film_train_vi_5s_wavlm_pitch_only
full_length,ENS_representation_ptm_train_vi_5s_ptm_mfcc_pitch__wavlm_hubert__eq,ensemble,representation_ptm,train_vi_5s__wavlm__mfcc_pitch | train_vi_5s__hubert__mfcc_pitch,"0.5000,0.5000",ensemble,ensemble,ensemble,ensemble,multi,8.135525992118442,0.7602710148826688,9895,0,,Mode3_film_train_vi_5s_wavlm_mfcc_pitch | Mode3_film_train_vi_5s_hubert_mfcc_pitch
full_length,ENS_representation_hc_train_vi_5s_hc_wav2vec2__mfcc_pitch_mfbe_pitch_mfcc_pitch__a50,ensemble,representation_hc,train_vi_5s__wav2vec2__mfcc_pitch | train_vi_5s__wav2vec2__mfbe_pitch | train_vi_5s__wav2vec2__mfcc_only | train_vi_5s__wav2vec2__pitch_only,"0.5000,0.2000,0.1500,0.1500",ensemble,ensemble,ensemble,ensemble,multi,8.135525992118442,0.7718159691956002,9895,0,,Mode3_film_train_vi_5s_wav2vec2_mfcc_pitch | Mode3_film_train_vi_5s_wav2vec2_mfbe_pitch | Mode3_film_train_vi_5s_wav2vec2_mfcc_only | Mode3_film_train_vi_5s_wav2vec2_pitch_only
full_length,ENS_representation_hc_train_vi_5s_hc_wavlm__mfbe_pitch_mfcc_pitch__a50,ensemble,representation_hc,train_vi_5s__wavlm__mfbe_pitch | train_vi_5s__wavlm__mfcc_only | train_vi_5s__wavlm__pitch_only,"0.5000,0.3000,0.2000",ensemble,ensemble,ensemble,ensemble,multi,8.135525992118442,0.773212382220358,9895,0,,Mode3_film_train_vi_5s_wavlm_mfbe_pitch | Mode3_film_train_vi_5s_wavlm_mfcc_only | Mode3_film_train_vi_5s_wavlm_pitch_only
full_length,ENS_representation_hc_train_vi_3s_hc_hubert__mfcc_pitch_mfcc_mfbe_pitch__a45,ensemble,representation_hc,train_vi_3s__hubert__mfcc_pitch | train_vi_3s__hubert__mfcc_only | train_vi_3s__hubert__mfbe_only | train_vi_3s__hubert__pitch_only,"0.4500,0.2500,0.1500,0.1500",ensemble,ensemble,ensemble,ensemble,multi,8.135525992118442,0.824482907867255,9895,0,,Mode3_film_train_vi_3s_hubert_mfcc_pitch | Mode3_film_train_vi_3s_hubert_mfcc_only | Mode3_film_train_vi_3s_hubert_mfbe_only | Mode3_film_train_vi_3s_hubert_pitch_only
full_length,ENS_representation_hc_train_vi_5s_hc_wav2vec2__mfcc_pitch_mfbe_pitch_pitch__a50,ensemble,representation_hc,train_vi_5s__wav2vec2__mfcc_pitch | train_vi_5s__wav2vec2__mfbe_pitch | train_vi_5s__wav2vec2__pitch_only,"0.5000,0.3000,0.2000",ensemble,ensemble,ensemble,ensemble,multi,8.142238302495674,0.7746162045819999,9895,0,,Mode3_film_train_vi_5s_wav2vec2_mfcc_pitch | Mode3_film_train_vi_5s_wav2vec2_mfbe_pitch | Mode3_film_train_vi_5s_wav2vec2_pitch_only
full_length,ENS_representation_hc_train_vi_3s_hc_wavlm__mfbe_pitch_mfcc_mfbe__a50,ensemble,representation_hc,train_vi_3s__wavlm__mfbe_pitch | train_vi_3s__wavlm__mfcc_only | train_vi_3s__wavlm__mfbe_only,"0.5000,0.3000,0.2000",ensemble,ensemble,ensemble,ensemble,multi,8.142238302495674,0.8448554559118667,9895,0,,Mode3_film_train_vi_3s_wavlm_mfbe_pitch | Mode3_film_train_vi_3s_wavlm_mfcc_only | Mode3_film_train_vi_3s_wavlm_mfbe_only
full_length,ENS_representation_hc_train_vi_5s_hc_hubert__mfcc_pitch_mfbe_pitch_mfcc_pitch__a45,ensemble,representation_hc,train_vi_5s__hubert__mfcc_pitch | train_vi_5s__hubert__mfbe_pitch | train_vi_5s__hubert__mfcc_only | train_vi_5s__hubert__pitch_only,"0.4500,0.2500,0.1500,0.1500",ensemble,ensemble,ensemble,ensemble,multi,8.176104460453733,0.7632740465637858,9895,0,,Mode3_film_train_vi_5s_hubert_mfcc_pitch | Mode3_film_train_vi_5s_hubert_mfbe_pitch | Mode3_film_train_vi_5s_hubert_mfcc_only | Mode3_film_train_vi_5s_hubert_pitch_only
full_length,ENS_representation_hc_train_vi_5s_hc_hubert__mfcc_pitch_mfbe_pitch__a60,ensemble,representation_hc,train_vi_5s__hubert__mfcc_pitch | train_vi_5s__hubert__mfbe_only | train_vi_5s__hubert__pitch_only,"0.6000,0.2500,0.1500",ensemble,ensemble,ensemble,ensemble,multi,8.182816770830966,0.7705894769633844,9895,0,,Mode3_film_train_vi_5s_hubert_mfcc_pitch | Mode3_film_train_vi_5s_hubert_mfbe_only | Mode3_film_train_vi_5s_hubert_pitch_only
full_length,ENS_representation_hc_train_vi_5s_hc_hubert__mfcc_pitch_mfbe_pitch_pitch__a60,ensemble,representation_hc,train_vi_5s__hubert__mfcc_pitch | train_vi_5s__hubert__mfbe_pitch | train_vi_5s__hubert__pitch_only,"0.6000,0.2500,0.1500",ensemble,ensemble,ensemble,ensemble,multi,8.209970618411797,0.7676193207844407,9895,0,,Mode3_film_train_vi_5s_hubert_mfcc_pitch | Mode3_film_train_vi_5s_hubert_mfbe_pitch | Mode3_film_train_vi_5s_hubert_pitch_only
full_length,ENS_representation_hc_train_vi_3s_hc_wavlm__mfcc_pitch_mfbe_pitch__a70,ensemble,representation_hc,train_vi_3s__wavlm__mfcc_pitch | train_vi_3s__wavlm__mfbe_pitch,"0.7000,0.3000",ensemble,ensemble,ensemble,ensemble,multi,8.209970618411797,0.8172216479528766,9895,0,,Mode3_film_train_vi_3s_wavlm_mfcc_pitch | Mode3_film_train_vi_3s_wavlm_mfbe_pitch
full_length,ENS_representation_hc_train_vi_3s_hc_hubert__mfbe_pitch_mfbe_pitch__a50,ensemble,representation_hc,train_vi_3s__hubert__mfbe_pitch | train_vi_3s__hubert__mfbe_only | train_vi_3s__hubert__pitch_only,"0.5000,0.3000,0.2000",ensemble,ensemble,ensemble,ensemble,multi,8.216682928789028,0.7886396095246523,9895,0,,Mode3_film_train_vi_3s_hubert_mfbe_pitch | Mode3_film_train_vi_3s_hubert_mfbe_only | Mode3_film_train_vi_3s_hubert_pitch_only
full_length,ENS_representation_hc_train_vi_3s_hc_hubert__mfcc_pitch_mfcc_mfbe_pitch__a50,ensemble,representation_hc,train_vi_3s__hubert__mfcc_pitch | train_vi_3s__hubert__mfcc_only | train_vi_3s__hubert__mfbe_only | train_vi_3s__hubert__pitch_only,"0.5000,0.2000,0.1500,0.1500",ensemble,ensemble,ensemble,ensemble,multi,8.216682928789028,0.8350328705626165,9895,0,,Mode3_film_train_vi_3s_hubert_mfcc_pitch | Mode3_film_train_vi_3s_hubert_mfcc_only | Mode3_film_train_vi_3s_hubert_mfbe_only | Mode3_film_train_vi_3s_hubert_pitch_only
full_length,ENS_representation_hc_train_vi_3s_hc_hubert__mfbe_pitch_pitch__a70,ensemble,representation_hc,train_vi_3s__hubert__mfbe_pitch | train_vi_3s__hubert__pitch_only,"0.7000,0.3000",ensemble,ensemble,ensemble,ensemble,multi,8.257261397124319,0.7423801556224197,9895,0,,Mode3_film_train_vi_3s_hubert_mfbe_pitch | Mode3_film_train_vi_3s_hubert_pitch_only
full_length,ENS_representation_hc_train_vi_3s_hc_hubert__mfbe_pitch_mfcc_mfbe_pitch__a50,ensemble,representation_hc,train_vi_3s__hubert__mfbe_pitch | train_vi_3s__hubert__mfcc_only | train_vi_3s__hubert__mfbe_only | train_vi_3s__hubert__pitch_only,"0.5000,0.2000,0.1500,0.1500",ensemble,ensemble,ensemble,ensemble,multi,8.257261397124319,0.8032056523471082,9895,0,,Mode3_film_train_vi_3s_hubert_mfbe_pitch | Mode3_film_train_vi_3s_hubert_mfcc_only | Mode3_film_train_vi_3s_hubert_mfbe_only | Mode3_film_train_vi_3s_hubert_pitch_only
full_length,ENS_representation_hc_train_vi_5s_hc_wav2vec2__mfcc_pitch_mfbe_pitch__a50,ensemble,representation_hc,train_vi_5s__wav2vec2__mfcc_pitch | train_vi_5s__wav2vec2__mfbe_only | train_vi_5s__wav2vec2__pitch_only,"0.5000,0.3000,0.2000",ensemble,ensemble,ensemble,ensemble,multi,8.304552175836847,0.79156300455526,9895,0,,Mode3_film_train_vi_5s_wav2vec2_mfcc_pitch | Mode3_film_train_vi_5s_wav2vec2_mfbe_only | Mode3_film_train_vi_5s_wav2vec2_pitch_only
full_length,ENS_representation_hc_train_vi_5s_hc_hubert__mfcc_mfbe_pitch__a50,ensemble,representation_hc,train_vi_5s__hubert__mfcc_only | train_vi_5s__hubert__mfbe_only | train_vi_5s__hubert__pitch_only,"0.5000,0.3000,0.2000",ensemble,ensemble,ensemble,ensemble,multi,8.304552175836847,0.7939979321912866,9895,0,,Mode3_film_train_vi_5s_hubert_mfcc_only | Mode3_film_train_vi_5s_hubert_mfbe_only | Mode3_film_train_vi_5s_hubert_pitch_only
full_length,ENS_representation_hc_train_vi_5s_hc_wavlm__mfcc_pitch_mfbe_pitch__a60,ensemble,representation_hc,train_vi_5s__wavlm__mfcc_pitch | train_vi_5s__wavlm__mfbe_only | train_vi_5s__wavlm__pitch_only,"0.6000,0.2500,0.1500",ensemble,ensemble,ensemble,ensemble,multi,8.331706023417675,0.7603251853678888,9895,0,,Mode3_film_train_vi_5s_wavlm_mfcc_pitch | Mode3_film_train_vi_5s_wavlm_mfbe_only | Mode3_film_train_vi_5s_wavlm_pitch_only
full_length,ENS_representation_hc_train_vi_5s_hc_wavlm__mfcc_pitch_mfbe_pitch_mfbe_pitch__a45,ensemble,representation_hc,train_vi_5s__wavlm__mfcc_pitch | train_vi_5s__wavlm__mfbe_pitch | train_vi_5s__wavlm__mfbe_only | train_vi_5s__wavlm__pitch_only,"0.4500,0.2500,0.1500,0.1500",ensemble,ensemble,ensemble,ensemble,multi,8.338418333794909,0.7642977425012843,9895,0,,Mode3_film_train_vi_5s_wavlm_mfcc_pitch | Mode3_film_train_vi_5s_wavlm_mfbe_pitch | Mode3_film_train_vi_5s_wavlm_mfbe_only | Mode3_film_train_vi_5s_wavlm_pitch_only
full_length,ENS_representation_hc_train_vi_5s_hc_wav2vec2__mfcc_pitch_mfbe_pitch_mfcc_pitch__a45,ensemble,representation_hc,train_vi_5s__wav2vec2__mfcc_pitch | train_vi_5s__wav2vec2__mfbe_pitch | train_vi_5s__wav2vec2__mfcc_only | train_vi_5s__wav2vec2__pitch_only,"0.4500,0.2500,0.1500,0.1500",ensemble,ensemble,ensemble,ensemble,multi,8.338418333794909,0.785502770707806,9895,0,,Mode3_film_train_vi_5s_wav2vec2_mfcc_pitch | Mode3_film_train_vi_5s_wav2vec2_mfbe_pitch | Mode3_film_train_vi_5s_wav2vec2_mfcc_only | Mode3_film_train_vi_5s_wav2vec2_pitch_only
full_length,ENS_representation_hc_train_vi_5s_hc_wavlm__mfcc_pitch_mfbe_pitch_mfbe_pitch__a50,ensemble,representation_hc,train_vi_5s__wavlm__mfcc_pitch | train_vi_5s__wavlm__mfbe_pitch | train_vi_5s__wavlm__mfbe_only | train_vi_5s__wavlm__pitch_only,"0.5000,0.2000,0.1500,0.1500",ensemble,ensemble,ensemble,ensemble,multi,8.372284491752966,0.7560234341409285,9895,0,,Mode3_film_train_vi_5s_wavlm_mfcc_pitch | Mode3_film_train_vi_5s_wavlm_mfbe_pitch | Mode3_film_train_vi_5s_wavlm_mfbe_only | Mode3_film_train_vi_5s_wavlm_pitch_only
full_length,ENS_representation_ptm_train_vi_5s_ptm_mfcc_pitch__wav2vec2_wavlm_hubert__a50,ensemble,representation_ptm,train_vi_5s__wav2vec2__mfcc_pitch | train_vi_5s__wavlm__mfcc_pitch | train_vi_5s__hubert__mfcc_pitch,"0.5000,0.3000,0.2000",ensemble,ensemble,ensemble,ensemble,multi,8.372284491752966,0.7721993337743807,9895,0,,Mode3_film_train_vi_5s_wav2vec2_mfcc_pitch | Mode3_film_train_vi_5s_wavlm_mfcc_pitch | Mode3_film_train_vi_5s_hubert_mfcc_pitch
full_length,ENS_representation_ptm_train_vi_3s_ptm_mfbe_only__wavlm_hubert__eq,ensemble,representation_ptm,train_vi_3s__wavlm__mfbe_only | train_vi_3s__hubert__mfbe_only,"0.5000,0.5000",ensemble,ensemble,ensemble,ensemble,multi,8.372284491752966,0.8218812975933257,9895,0,,Mode3_film_train_vi_3s_wavlm_mfbe_only | Mode3_film_train_vi_3s_hubert_mfbe_only
full_length,ENS_representation_hc_train_vi_3s_hc_hubert__mfcc_pitch_mfbe_pitch_mfbe_pitch__a45,ensemble,representation_hc,train_vi_3s__hubert__mfcc_pitch | train_vi_3s__hubert__mfbe_pitch | train_vi_3s__hubert__mfbe_only | train_vi_3s__hubert__pitch_only,"0.4500,0.2500,0.1500,0.1500",ensemble,ensemble,ensemble,ensemble,multi,8.372284491752966,0.839946248828364,9895,0,,Mode3_film_train_vi_3s_hubert_mfcc_pitch | Mode3_film_train_vi_3s_hubert_mfbe_pitch | Mode3_film_train_vi_3s_hubert_mfbe_only | Mode3_film_train_vi_3s_hubert_pitch_only
full_length,ENS_representation_hc_train_vi_5s_hc_wav2vec2__mfbe_pitch_pitch__a60,ensemble,representation_hc,train_vi_5s__wav2vec2__mfbe_pitch | train_vi_5s__wav2vec2__pitch_only,"0.6000,0.4000",ensemble,ensemble,ensemble,ensemble,multi,8.3789968021302,0.7429843733243227,9895,0,,Mode3_film_train_vi_5s_wav2vec2_mfbe_pitch | Mode3_film_train_vi_5s_wav2vec2_pitch_only
full_length,ENS_representation_ptm_train_vi_5s_ptm_mfcc_pitch__wavlm_hubert__a60,ensemble,representation_ptm,train_vi_5s__wavlm__mfcc_pitch | train_vi_5s__hubert__mfcc_pitch,"0.6000,0.4000",ensemble,ensemble,ensemble,ensemble,multi,8.3789968021302,0.7574633701593853,9895,0,,Mode3_film_train_vi_5s_wavlm_mfcc_pitch | Mode3_film_train_vi_5s_hubert_mfcc_pitch
full_length,ENS_representation_hc_train_vi_5s_hc_wav2vec2__mfcc_pitch_mfbe_pitch__a60,ensemble,representation_hc,train_vi_5s__wav2vec2__mfcc_pitch | train_vi_5s__wav2vec2__mfbe_only | train_vi_5s__wav2vec2__pitch_only,"0.6000,0.2500,0.1500",ensemble,ensemble,ensemble,ensemble,multi,8.3789968021302,0.8055641814872624,9895,0,,Mode3_film_train_vi_5s_wav2vec2_mfcc_pitch | Mode3_film_train_vi_5s_wav2vec2_mfbe_only | Mode3_film_train_vi_5s_wav2vec2_pitch_only
full_length,ENS_representation_hc_train_vi_5s_hc_wavlm__mfcc_mfbe_pitch__a50,ensemble,representation_hc,train_vi_5s__wavlm__mfcc_only | train_vi_5s__wavlm__mfbe_only | train_vi_5s__wavlm__pitch_only,"0.5000,0.3000,0.2000",ensemble,ensemble,ensemble,ensemble,multi,8.385709112507431,0.8111794709338299,9895,0,,Mode3_film_train_vi_5s_wavlm_mfcc_only | Mode3_film_train_vi_5s_wavlm_mfbe_only | Mode3_film_train_vi_5s_wavlm_pitch_only
full_length,ENS_representation_hc_train_vi_3s_hc_wavlm__mfbe_pitch_mfcc__eq,ensemble,representation_hc,train_vi_3s__wavlm__mfbe_pitch | train_vi_3s__wavlm__mfcc_only,"0.5000,0.5000",ensemble,ensemble,ensemble,ensemble,multi,8.385709112507431,0.8595659533615729,9895,0,,Mode3_film_train_vi_3s_wavlm_mfbe_pitch | Mode3_film_train_vi_3s_wavlm_mfcc_only
full_length,ENS_representation_hc_train_vi_3s_hc_wavlm__mfcc_pitch_mfbe_pitch__a60,ensemble,representation_hc,train_vi_3s__wavlm__mfcc_pitch | train_vi_3s__wavlm__mfbe_pitch,"0.6000,0.4000",ensemble,ensemble,ensemble,ensemble,multi,8.412862960088264,0.8224058786447219,9895,0,,Mode3_film_train_vi_3s_wavlm_mfcc_pitch | Mode3_film_train_vi_3s_wavlm_mfbe_pitch
full_length,ENS_representation_hc_train_vi_3s_hc_hubert__mfcc_pitch_mfbe_pitch_mfcc_pitch__a45,ensemble,representation_hc,train_vi_3s__hubert__mfcc_pitch | train_vi_3s__hubert__mfbe_pitch | train_vi_3s__hubert__mfcc_only | train_vi_3s__hubert__pitch_only,"0.4500,0.2500,0.1500,0.1500",ensemble,ensemble,ensemble,ensemble,multi,8.412862960088264,0.8389873708676068,9895,0,,Mode3_film_train_vi_3s_hubert_mfcc_pitch | Mode3_film_train_vi_3s_hubert_mfbe_pitch | Mode3_film_train_vi_3s_hubert_mfcc_only | Mode3_film_train_vi_3s_hubert_pitch_only
full_length,ENS_representation_hc_train_vi_5s_hc_hubert__mfcc_pitch_mfbe_pitch_mfbe_pitch__eq,ensemble,representation_hc,train_vi_5s__hubert__mfcc_pitch | train_vi_5s__hubert__mfbe_pitch | train_vi_5s__hubert__mfbe_only | train_vi_5s__hubert__pitch_only,"0.2500,0.2500,0.2500,0.2500",ensemble,ensemble,ensemble,ensemble,multi,8.419575270465495,0.7811649058240352,9895,0,,Mode3_film_train_vi_5s_hubert_mfcc_pitch | Mode3_film_train_vi_5s_hubert_mfbe_pitch | Mode3_film_train_vi_5s_hubert_mfbe_only | Mode3_film_train_vi_5s_hubert_pitch_only
full_length,ENS_representation_hc_train_vi_5s_hc_hubert__mfcc_pitch_mfbe_pitch_mfcc_mfbe_pitch__eq,ensemble,representation_hc,train_vi_5s__hubert__mfcc_pitch | train_vi_5s__hubert__mfbe_pitch | train_vi_5s__hubert__mfcc_only | train_vi_5s__hubert__mfbe_only | train_vi_5s__hubert__pitch_only,"0.2000,0.2000,0.2000,0.2000,0.2000",ensemble,ensemble,ensemble,ensemble,multi,8.419575270465495,0.789084553925539,9895,0,,Mode3_film_train_vi_5s_hubert_mfcc_pitch | Mode3_film_train_vi_5s_hubert_mfbe_pitch | Mode3_film_train_vi_5s_hubert_mfcc_only | Mode3_film_train_vi_5s_hubert_mfbe_only | Mode3_film_train_vi_5s_hubert_pitch_only
full_length,ENS_representation_hc_train_vi_3s_hc_hubert__mfcc_pitch_mfbe_pitch_pitch__a50,ensemble,representation_hc,train_vi_3s__hubert__mfcc_pitch | train_vi_3s__hubert__mfbe_pitch | train_vi_3s__hubert__pitch_only,"0.5000,0.3000,0.2000",ensemble,ensemble,ensemble,ensemble,multi,8.419575270465495,0.8197616784047037,9895,0,,Mode3_film_train_vi_3s_hubert_mfcc_pitch | Mode3_film_train_vi_3s_hubert_mfbe_pitch | Mode3_film_train_vi_3s_hubert_pitch_only
full_length,ENS_representation_ptm_train_vi_5s_ptm_mfcc_pitch__wav2vec2_hubert__eq,ensemble,representation_ptm,train_vi_5s__wav2vec2__mfcc_pitch | train_vi_5s__hubert__mfcc_pitch,"0.5000,0.5000",ensemble,ensemble,ensemble,ensemble,multi,8.460153738800786,0.79132409460373,9895,0,,Mode3_film_train_vi_5s_wav2vec2_mfcc_pitch | Mode3_film_train_vi_5s_hubert_mfcc_pitch
full_length,ENS_representation_hc_train_vi_3s_hc_hubert__mfcc_pitch_mfbe_pitch_mfbe_pitch__a50,ensemble,representation_hc,train_vi_3s__hubert__mfcc_pitch | train_vi_3s__hubert__mfbe_pitch | train_vi_3s__hubert__mfbe_only | train_vi_3s__hubert__pitch_only,"0.5000,0.2000,0.1500,0.1500",ensemble,ensemble,ensemble,ensemble,multi,8.460153738800786,0.8459629596821213,9895,0,,Mode3_film_train_vi_3s_hubert_mfcc_pitch | Mode3_film_train_vi_3s_hubert_mfbe_pitch | Mode3_film_train_vi_3s_hubert_mfbe_only | Mode3_film_train_vi_3s_hubert_pitch_only
full_length,ENS_representation_hc_train_vi_3s_hc_hubert__mfcc_pitch_mfbe_pitch__a60,ensemble,representation_hc,train_vi_3s__hubert__mfcc_pitch | train_vi_3s__hubert__mfbe_only | train_vi_3s__hubert__pitch_only,"0.6000,0.2500,0.1500",ensemble,ensemble,ensemble,ensemble,multi,8.460153738800786,0.8577139484444074,9895,0,,Mode3_film_train_vi_3s_hubert_mfcc_pitch | Mode3_film_train_vi_3s_hubert_mfbe_only | Mode3_film_train_vi_3s_hubert_pitch_only
full_length,ENS_representation_ptm_train_vi_5s_ptm_mfcc_pitch__wav2vec2_wavlm_hubert__a60,ensemble,representation_ptm,train_vi_5s__wav2vec2__mfcc_pitch | train_vi_5s__wavlm__mfcc_pitch | train_vi_5s__hubert__mfcc_pitch,"0.6000,0.2500,0.1500",ensemble,ensemble,ensemble,ensemble,multi,8.50073220713608,0.7784910682364807,9895,0,,Mode3_film_train_vi_5s_wav2vec2_mfcc_pitch | Mode3_film_train_vi_5s_wavlm_mfcc_pitch | Mode3_film_train_vi_5s_hubert_mfcc_pitch
full_length,ENS_representation_hc_train_vi_5s_hc_wav2vec2__mfcc_pitch_mfbe_pitch_pitch__a60,ensemble,representation_hc,train_vi_5s__wav2vec2__mfcc_pitch | train_vi_5s__wav2vec2__mfbe_pitch | train_vi_5s__wav2vec2__pitch_only,"0.6000,0.2500,0.1500",ensemble,ensemble,ensemble,ensemble,multi,8.50073220713608,0.7844897222618308,9895,0,,Mode3_film_train_vi_5s_wav2vec2_mfcc_pitch | Mode3_film_train_vi_5s_wav2vec2_mfbe_pitch | Mode3_film_train_vi_5s_wav2vec2_pitch_only
full_length,ENS_representation_ptm_train_raw_ptm_mfbe_only__wav2vec2_wavlm_hubert__eq,ensemble,representation_ptm,train_raw__wav2vec2__mfbe_only | train_raw__wavlm__mfbe_only | train_raw__hubert__mfbe_only,"0.3333,0.3333,0.3333",ensemble,ensemble,ensemble,ensemble,multi,8.54131067547137,0.8326234090918814,9895,0,,Mode3_film_train_raw_wav2vec2_mfbe_only | Mode3_film_train_raw_wavlm_mfbe_only | Mode3_film_train_raw_hubert_mfbe_only
full_length,ENS_representation_hc_train_vi_3s_hc_hubert__mfcc_pitch_mfbe_pitch_mfcc_pitch__a50,ensemble,representation_hc,train_vi_3s__hubert__mfcc_pitch | train_vi_3s__hubert__mfbe_pitch | train_vi_3s__hubert__mfcc_only | train_vi_3s__hubert__pitch_only,"0.5000,0.2000,0.1500,0.1500",ensemble,ensemble,ensemble,ensemble,multi,8.54131067547137,0.8443202273689495,9895,0,,Mode3_film_train_vi_3s_hubert_mfcc_pitch | Mode3_film_train_vi_3s_hubert_mfbe_pitch | Mode3_film_train_vi_3s_hubert_mfcc_only | Mode3_film_train_vi_3s_hubert_pitch_only
full_length,ENS_representation_hc_train_vi_5s_hc_hubert__mfbe_pitch_mfcc_mfbe_pitch__eq,ensemble,representation_hc,train_vi_5s__hubert__mfbe_pitch | train_vi_5s__hubert__mfcc_only | train_vi_5s__hubert__mfbe_only | train_vi_5s__hubert__pitch_only,"0.2500,0.2500,0.2500,0.2500",ensemble,ensemble,ensemble,ensemble,multi,8.5886014541839,0.7829414452729364,9895,0,,Mode3_film_train_vi_5s_hubert_mfbe_pitch | Mode3_film_train_vi_5s_hubert_mfcc_only | Mode3_film_train_vi_5s_hubert_mfbe_only | Mode3_film_train_vi_5s_hubert_pitch_only
full_length,ENS_representation_ptm_train_vi_5s_ptm_mfcc_pitch__wav2vec2_hubert__a60,ensemble,representation_ptm,train_vi_5s__wav2vec2__mfcc_pitch | train_vi_5s__hubert__mfcc_pitch,"0.6000,0.4000",ensemble,ensemble,ensemble,ensemble,multi,8.5886014541839,0.7956874256527922,9895,0,,Mode3_film_train_vi_5s_wav2vec2_mfcc_pitch | Mode3_film_train_vi_5s_hubert_mfcc_pitch
full_length,ENS_representation_ptm_train_vi_5s_ptm_mfcc_pitch__wavlm_hubert__a70,ensemble,representation_ptm,train_vi_5s__wavlm__mfcc_pitch | train_vi_5s__hubert__mfcc_pitch,"0.7000,0.3000",ensemble,ensemble,ensemble,ensemble,multi,8.595313764561133,0.759977934445919,9895,0,,Mode3_film_train_vi_5s_wavlm_mfcc_pitch | Mode3_film_train_vi_5s_hubert_mfcc_pitch
full_length,ENS_representation_hc_train_vi_3s_hc_wavlm__mfbe_pitch_mfbe__eq,ensemble,representation_hc,train_vi_3s__wavlm__mfbe_pitch | train_vi_3s__wavlm__mfbe_only,"0.5000,0.5000",ensemble,ensemble,ensemble,ensemble,multi,8.595313764561133,0.8377895829553195,9895,0,,Mode3_film_train_vi_3s_wavlm_mfbe_pitch | Mode3_film_train_vi_3s_wavlm_mfbe_only
full_length,ENS_representation_ptm_train_vi_5s_ptm_mfcc_pitch__wav2vec2_hubert__a70,ensemble,representation_ptm,train_vi_5s__wav2vec2__mfcc_pitch | train_vi_5s__hubert__mfcc_pitch,"0.7000,0.3000",ensemble,ensemble,ensemble,ensemble,multi,8.622467612141962,0.7942581371258611,9895,0,,Mode3_film_train_vi_5s_wav2vec2_mfcc_pitch | Mode3_film_train_vi_5s_hubert_mfcc_pitch
full_length,ENS_representation_hc_train_vi_5s_hc_hubert__mfcc_pitch_mfbe_pitch_mfbe_pitch__a50,ensemble,representation_hc,train_vi_5s__hubert__mfcc_pitch | train_vi_5s__hubert__mfbe_pitch | train_vi_5s__hubert__mfbe_only | train_vi_5s__hubert__pitch_only,"0.5000,0.2000,0.1500,0.1500",ensemble,ensemble,ensemble,ensemble,multi,8.629179922519196,0.785795851144556,9895,0,,Mode3_film_train_vi_5s_hubert_mfcc_pitch | Mode3_film_train_vi_5s_hubert_mfbe_pitch | Mode3_film_train_vi_5s_hubert_mfbe_only | Mode3_film_train_vi_5s_hubert_pitch_only
full_length,ENS_representation_hc_train_vi_5s_hc_wav2vec2__mfcc_pitch_mfbe_pitch_mfcc_mfbe_pitch__eq,ensemble,representation_hc,train_vi_5s__wav2vec2__mfcc_pitch | train_vi_5s__wav2vec2__mfbe_pitch | train_vi_5s__wav2vec2__mfcc_only | train_vi_5s__wav2vec2__mfbe_only | train_vi_5s__wav2vec2__pitch_only,"0.2000,0.2000,0.2000,0.2000,0.2000",ensemble,ensemble,ensemble,ensemble,multi,8.629179922519196,0.7901156591999214,9895,0,,Mode3_film_train_vi_5s_wav2vec2_mfcc_pitch | Mode3_film_train_vi_5s_wav2vec2_mfbe_pitch | Mode3_film_train_vi_5s_wav2vec2_mfcc_only | Mode3_film_train_vi_5s_wav2vec2_mfbe_only | Mode3_film_train_vi_5s_wav2vec2_pitch_only
full_length,ENS_representation_hc_train_vi_5s_hc_hubert__mfbe_pitch_mfbe_pitch__eq,ensemble,representation_hc,train_vi_5s__hubert__mfbe_pitch | train_vi_5s__hubert__mfbe_only | train_vi_5s__hubert__pitch_only,"0.3333,0.3333,0.3333",ensemble,ensemble,ensemble,ensemble,multi,8.629179922519196,0.795029037465669,9895,0,,Mode3_film_train_vi_5s_hubert_mfbe_pitch | Mode3_film_train_vi_5s_hubert_mfbe_only | Mode3_film_train_vi_5s_hubert_pitch_only
full_length,ENS_representation_hc_train_vi_3s_hc_hubert__mfbe_pitch_mfcc_pitch__a60,ensemble,representation_hc,train_vi_3s__hubert__mfbe_pitch | train_vi_3s__hubert__mfcc_only | train_vi_3s__hubert__pitch_only,"0.6000,0.2500,0.1500",ensemble,ensemble,ensemble,ensemble,multi,8.629179922519196,0.8046997588507826,9895,0,,Mode3_film_train_vi_3s_hubert_mfbe_pitch | Mode3_film_train_vi_3s_hubert_mfcc_only | Mode3_film_train_vi_3s_hubert_pitch_only
full_length,ENS_representation_hc_train_vi_3s_hc_hubert__mfcc_pitch_mfcc_pitch__a60,ensemble,representation_hc,train_vi_3s__hubert__mfcc_pitch | train_vi_3s__hubert__mfcc_only | train_vi_3s__hubert__pitch_only,"0.6000,0.2500,0.1500",ensemble,ensemble,ensemble,ensemble,multi,8.669758390854485,0.8535895273468752,9895,0,,Mode3_film_train_vi_3s_hubert_mfcc_pitch | Mode3_film_train_vi_3s_hubert_mfcc_only | Mode3_film_train_vi_3s_hubert_pitch_only
full_length,ENS_representation_hc_train_vi_5s_hc_wav2vec2__mfbe_pitch__a60,ensemble,representation_hc,train_vi_5s__wav2vec2__mfbe_only | train_vi_5s__wav2vec2__pitch_only,"0.6000,0.4000",ensemble,ensemble,ensemble,ensemble,multi,8.676470701231716,0.7696815313332079,9895,0,,Mode3_film_train_vi_5s_wav2vec2_mfbe_only | Mode3_film_train_vi_5s_wav2vec2_pitch_only
full_length,ENS_representation_hc_train_vi_5s_hc_wavlm__mfcc_pitch_mfbe_pitch_mfcc_mfbe_pitch__a45,ensemble,representation_hc,train_vi_5s__wavlm__mfcc_pitch | train_vi_5s__wavlm__mfbe_pitch | train_vi_5s__wavlm__mfcc_only | train_vi_5s__wavlm__mfbe_only | train_vi_5s__wavlm__pitch_only,"0.4500,0.2000,0.1500,0.1000,0.1000",ensemble,ensemble,ensemble,ensemble,multi,8.676470701231716,0.7827567058066263,9895,0,,Mode3_film_train_vi_5s_wavlm_mfcc_pitch | Mode3_film_train_vi_5s_wavlm_mfbe_pitch | Mode3_film_train_vi_5s_wavlm_mfcc_only | Mode3_film_train_vi_5s_wavlm_mfbe_only | Mode3_film_train_vi_5s_wavlm_pitch_only
full_length,ENS_representation_hc_train_vi_5s_hc_hubert__mfcc_mfbe_pitch__a60,ensemble,representation_hc,train_vi_5s__hubert__mfcc_only | train_vi_5s__hubert__mfbe_only | train_vi_5s__hubert__pitch_only,"0.6000,0.2500,0.1500",ensemble,ensemble,ensemble,ensemble,multi,8.676470701231716,0.8105646057404033,9895,0,,Mode3_film_train_vi_5s_hubert_mfcc_only | Mode3_film_train_vi_5s_hubert_mfbe_only | Mode3_film_train_vi_5s_hubert_pitch_only
full_length,ENS_representation_hc_train_vi_3s_hc_wavlm__mfcc_pitch_mfbe_pitch__eq,ensemble,representation_hc,train_vi_3s__wavlm__mfcc_pitch | train_vi_3s__wavlm__mfbe_pitch,"0.5000,0.5000",ensemble,ensemble,ensemble,ensemble,multi,8.676470701231716,0.8291425575077066,9895,0,,Mode3_film_train_vi_3s_wavlm_mfcc_pitch | Mode3_film_train_vi_3s_wavlm_mfbe_pitch
full_length,ENS_representation_hc_train_vi_3s_hc_wavlm__mfbe_pitch_mfcc_mfbe__a60,ensemble,representation_hc,train_vi_3s__wavlm__mfbe_pitch | train_vi_3s__wavlm__mfcc_only | train_vi_3s__wavlm__mfbe_only,"0.6000,0.2500,0.1500",ensemble,ensemble,ensemble,ensemble,multi,8.676470701231716,0.8514944412959347,9895,0,,Mode3_film_train_vi_3s_wavlm_mfbe_pitch | Mode3_film_train_vi_3s_wavlm_mfcc_only | Mode3_film_train_vi_3s_wavlm_mfbe_only
full_length,ENS_representation_hc_train_vi_5s_hc_wav2vec2__mfcc_pitch_mfbe_pitch_mfbe_pitch__a50,ensemble,representation_hc,train_vi_5s__wav2vec2__mfcc_pitch | train_vi_5s__wav2vec2__mfbe_pitch | train_vi_5s__wav2vec2__mfbe_only | train_vi_5s__wav2vec2__pitch_only,"0.5000,0.2000,0.1500,0.1500",ensemble,ensemble,ensemble,ensemble,multi,8.710336859189779,0.8030644358744948,9895,0,,Mode3_film_train_vi_5s_wav2vec2_mfcc_pitch | Mode3_film_train_vi_5s_wav2vec2_mfbe_pitch | Mode3_film_train_vi_5s_wav2vec2_mfbe_only | Mode3_film_train_vi_5s_wav2vec2_pitch_only
full_length,ENS_representation_hc_train_vi_3s_hc_hubert__mfcc_pitch_mfbe_pitch_mfcc_mfbe_pitch__a40,ensemble,representation_hc,train_vi_3s__hubert__mfcc_pitch | train_vi_3s__hubert__mfbe_pitch | train_vi_3s__hubert__mfcc_only | train_vi_3s__hubert__mfbe_only | train_vi_3s__hubert__pitch_only,"0.4000,0.2500,0.1500,0.1000,0.1000",ensemble,ensemble,ensemble,ensemble,multi,8.710336859189779,0.8611799813548162,9895,0,,Mode3_film_train_vi_3s_hubert_mfcc_pitch | Mode3_film_train_vi_3s_hubert_mfbe_pitch | Mode3_film_train_vi_3s_hubert_mfcc_only | Mode3_film_train_vi_3s_hubert_mfbe_only | Mode3_film_train_vi_3s_hubert_pitch_only
full_length,ENS_representation_hc_train_vi_5s_hc_wavlm__mfcc_pitch_mfbe_pitch_mfcc_mfbe_pitch__a40,ensemble,representation_hc,train_vi_5s__wavlm__mfcc_pitch | train_vi_5s__wavlm__mfbe_pitch | train_vi_5s__wavlm__mfcc_only | train_vi_5s__wavlm__mfbe_only | train_vi_5s__wavlm__pitch_only,"0.4000,0.2500,0.1500,0.1000,0.1000",ensemble,ensemble,ensemble,ensemble,multi,8.717049169567012,0.7849346666627155,9895,0,,Mode3_film_train_vi_5s_wavlm_mfcc_pitch | Mode3_film_train_vi_5s_wavlm_mfbe_pitch | Mode3_film_train_vi_5s_wavlm_mfcc_only | Mode3_film_train_vi_5s_wavlm_mfbe_only | Mode3_film_train_vi_5s_wavlm_pitch_only
full_length,ENS_representation_hc_train_vi_5s_hc_wavlm__mfcc_mfbe_pitch__a60,ensemble,representation_hc,train_vi_5s__wavlm__mfcc_only | train_vi_5s__wavlm__mfbe_only | train_vi_5s__wavlm__pitch_only,"0.6000,0.2500,0.1500",ensemble,ensemble,ensemble,ensemble,multi,8.717049169567012,0.8289981028804538,9895,0,,Mode3_film_train_vi_5s_wavlm_mfcc_only | Mode3_film_train_vi_5s_wavlm_mfbe_only | Mode3_film_train_vi_5s_wavlm_pitch_only
full_length,ENS_representation_hc_train_vi_5s_hc_wav2vec2__mfcc_pitch_mfbe_pitch_mfbe_pitch__eq,ensemble,representation_hc,train_vi_5s__wav2vec2__mfcc_pitch | train_vi_5s__wav2vec2__mfbe_pitch | train_vi_5s__wav2vec2__mfbe_only | train_vi_5s__wav2vec2__pitch_only,"0.2500,0.2500,0.2500,0.2500",ensemble,ensemble,ensemble,ensemble,multi,8.750915327525071,0.7866931492832092,9895,0,,Mode3_film_train_vi_5s_wav2vec2_mfcc_pitch | Mode3_film_train_vi_5s_wav2vec2_mfbe_pitch | Mode3_film_train_vi_5s_wav2vec2_mfbe_only | Mode3_film_train_vi_5s_wav2vec2_pitch_only
full_length,ENS_representation_hc_train_vi_3s_hc_hubert__mfcc_pitch_mfbe_pitch_mfcc_mfbe_pitch__a45,ensemble,representation_hc,train_vi_3s__hubert__mfcc_pitch | train_vi_3s__hubert__mfbe_pitch | train_vi_3s__hubert__mfcc_only | train_vi_3s__hubert__mfbe_only | train_vi_3s__hubert__pitch_only,"0.4500,0.2000,0.1500,0.1000,0.1000",ensemble,ensemble,ensemble,ensemble,multi,8.750915327525071,0.8634195220330073,9895,0,,Mode3_film_train_vi_3s_hubert_mfcc_pitch | Mode3_film_train_vi_3s_hubert_mfbe_pitch | Mode3_film_train_vi_3s_hubert_mfcc_only | Mode3_film_train_vi_3s_hubert_mfbe_only | Mode3_film_train_vi_3s_hubert_pitch_only
full_length,ENS_representation_hc_train_vi_3s_hc_wavlm__mfbe_pitch_mfcc__a60,ensemble,representation_hc,train_vi_3s__wavlm__mfbe_pitch | train_vi_3s__wavlm__mfcc_only,"0.6000,0.4000",ensemble,ensemble,ensemble,ensemble,multi,8.750915327525071,0.8685676390680399,9895,0,,Mode3_film_train_vi_3s_wavlm_mfbe_pitch | Mode3_film_train_vi_3s_wavlm_mfcc_only
full_length,ENS_representation_hc_train_vi_5s_hc_hubert__mfcc_pitch_mfbe_pitch_mfbe_pitch__a45,ensemble,representation_hc,train_vi_5s__hubert__mfcc_pitch | train_vi_5s__hubert__mfbe_pitch | train_vi_5s__hubert__mfbe_only | train_vi_5s__hubert__pitch_only,"0.4500,0.2500,0.1500,0.1500",ensemble,ensemble,ensemble,ensemble,multi,8.791493795860367,0.7846851092196622,9895,0,,Mode3_film_train_vi_5s_hubert_mfcc_pitch | Mode3_film_train_vi_5s_hubert_mfbe_pitch | Mode3_film_train_vi_5s_hubert_mfbe_only | Mode3_film_train_vi_5s_hubert_pitch_only
full_length,ENS_representation_hc_train_vi_5s_hc_hubert__mfcc_pitch_mfbe_pitch_mfcc_mfbe_pitch__a45,ensemble,representation_hc,train_vi_5s__hubert__mfcc_pitch | train_vi_5s__hubert__mfbe_pitch | train_vi_5s__hubert__mfcc_only | train_vi_5s__hubert__mfbe_only | train_vi_5s__hubert__pitch_only,"0.4500,0.2000,0.1500,0.1000,0.1000",ensemble,ensemble,ensemble,ensemble,multi,8.791493795860367,0.7883210629226131,9895,0,,Mode3_film_train_vi_5s_hubert_mfcc_pitch | Mode3_film_train_vi_5s_hubert_mfbe_pitch | Mode3_film_train_vi_5s_hubert_mfcc_only | Mode3_film_train_vi_5s_hubert_mfbe_only | Mode3_film_train_vi_5s_hubert_pitch_only
full_length,ENS_representation_hc_train_vi_5s_hc_hubert__mfcc_pitch_mfcc__a70,ensemble,representation_hc,train_vi_5s__hubert__mfcc_pitch | train_vi_5s__hubert__mfcc_only,"0.7000,0.3000",ensemble,ensemble,ensemble,ensemble,multi,8.791493795860367,0.791439844911054,9895,0,,Mode3_film_train_vi_5s_hubert_mfcc_pitch | Mode3_film_train_vi_5s_hubert_mfcc_only
full_length,ENS_representation_hc_train_vi_5s_hc_hubert__mfcc_pitch_mfcc__a60,ensemble,representation_hc,train_vi_5s__hubert__mfcc_pitch | train_vi_5s__hubert__mfcc_only,"0.6000,0.4000",ensemble,ensemble,ensemble,ensemble,multi,8.791493795860367,0.7929774744084251,9895,0,,Mode3_film_train_vi_5s_hubert_mfcc_pitch | Mode3_film_train_vi_5s_hubert_mfcc_only
full_length,ENS_representation_hc_train_vi_5s_hc_wav2vec2__mfcc_mfbe_pitch__a50,ensemble,representation_hc,train_vi_5s__wav2vec2__mfcc_only | train_vi_5s__wav2vec2__mfbe_only | train_vi_5s__wav2vec2__pitch_only,"0.5000,0.3000,0.2000",ensemble,ensemble,ensemble,ensemble,multi,8.791493795860367,0.8037950513752453,9895,0,,Mode3_film_train_vi_5s_wav2vec2_mfcc_only | Mode3_film_train_vi_5s_wav2vec2_mfbe_only | Mode3_film_train_vi_5s_wav2vec2_pitch_only
full_length,ENS_representation_hc_train_vi_3s_hc_hubert__mfbe_pitch_mfbe_pitch__a60,ensemble,representation_hc,train_vi_3s__hubert__mfbe_pitch | train_vi_3s__hubert__mfbe_only | train_vi_3s__hubert__pitch_only,"0.6000,0.2500,0.1500",ensemble,ensemble,ensemble,ensemble,multi,8.82535995381843,0.8217623091313647,9895,0,,Mode3_film_train_vi_3s_hubert_mfbe_pitch | Mode3_film_train_vi_3s_hubert_mfbe_only | Mode3_film_train_vi_3s_hubert_pitch_only
full_length,ENS_representation_ptm_train_vi_5s_ptm_mfcc_pitch__wav2vec2_wavlm__eq,ensemble,representation_ptm,train_vi_5s__wav2vec2__mfcc_pitch | train_vi_5s__wavlm__mfcc_pitch,"0.5000,0.5000",ensemble,ensemble,ensemble,ensemble,multi,8.832072264195656,0.7737263157802307,9895,0,,Mode3_film_train_vi_5s_wav2vec2_mfcc_pitch | Mode3_film_train_vi_5s_wavlm_mfcc_pitch
full_length,ENS_representation_ptm_train_vi_5s_ptm_mfcc_pitch__wav2vec2_wavlm__a70,ensemble,representation_ptm,train_vi_5s__wav2vec2__mfcc_pitch | train_vi_5s__wavlm__mfcc_pitch,"0.7000,0.3000",ensemble,ensemble,ensemble,ensemble,multi,8.832072264195656,0.7935923396018518,9895,0,,Mode3_film_train_vi_5s_wav2vec2_mfcc_pitch | Mode3_film_train_vi_5s_wavlm_mfcc_pitch
full_length,ENS_representation_hc_train_vi_5s_hc_hubert__mfcc_pitch_mfcc__eq,ensemble,representation_hc,train_vi_5s__hubert__mfcc_pitch | train_vi_5s__hubert__mfcc_only,"0.5000,0.5000",ensemble,ensemble,ensemble,ensemble,multi,8.832072264195656,0.7949058778214609,9895,0,,Mode3_film_train_vi_5s_hubert_mfcc_pitch | Mode3_film_train_vi_5s_hubert_mfcc_only
full_length,ENS_representation_ptm_train_vi_5s_ptm_mfcc_pitch__wav2vec2_wavlm__a60,ensemble,representation_ptm,train_vi_5s__wav2vec2__mfcc_pitch | train_vi_5s__wavlm__mfcc_pitch,"0.6000,0.4000",ensemble,ensemble,ensemble,ensemble,multi,8.83878457457289,0.7792365024109973,9895,0,,Mode3_film_train_vi_5s_wav2vec2_mfcc_pitch | Mode3_film_train_vi_5s_wavlm_mfcc_pitch
full_length,ENS_representation_hc_train_vi_3s_hc_wavlm__mfbe_pitch_mfbe__a60,ensemble,representation_hc,train_vi_3s__wavlm__mfbe_pitch | train_vi_3s__wavlm__mfbe_only,"0.6000,0.4000",ensemble,ensemble,ensemble,ensemble,multi,8.913229200866247,0.8510240307297586,9895,0,,Mode3_film_train_vi_3s_wavlm_mfbe_pitch | Mode3_film_train_vi_3s_wavlm_mfbe_only
full_length,Mode3_film_train_vi_full_wav2vec2_mfbe_pitch,single,single,Mode3_film_train_vi_full_wav2vec2_mfbe_pitch,1.0,3,film,mfbe_pitch,wav2vec2,train_vi_full,8.913229200866247,0.8542914385276951,9895,0,train_vi_full__wav2vec2__mfbe_pitch,
full_length,ENS_representation_hc_train_vi_5s_hc_wav2vec2__mfbe_pitch_mfcc_mfbe_pitch__eq,ensemble,representation_hc,train_vi_5s__wav2vec2__mfbe_pitch | train_vi_5s__wav2vec2__mfcc_only | train_vi_5s__wav2vec2__mfbe_only | train_vi_5s__wav2vec2__pitch_only,"0.2500,0.2500,0.2500,0.2500",ensemble,ensemble,ensemble,ensemble,multi,8.953807669201538,0.7939108862038909,9895,0,,Mode3_film_train_vi_5s_wav2vec2_mfbe_pitch | Mode3_film_train_vi_5s_wav2vec2_mfcc_only | Mode3_film_train_vi_5s_wav2vec2_mfbe_only | Mode3_film_train_vi_5s_wav2vec2_pitch_only
full_length,ENS_representation_hc_train_vi_5s_hc_hubert__mfbe_pitch_mfcc_pitch__a50,ensemble,representation_hc,train_vi_5s__hubert__mfbe_pitch | train_vi_5s__hubert__mfcc_only | train_vi_5s__hubert__pitch_only,"0.5000,0.3000,0.2000",ensemble,ensemble,ensemble,ensemble,multi,8.953807669201538,0.8023083542084549,9895,0,,Mode3_film_train_vi_5s_hubert_mfbe_pitch | Mode3_film_train_vi_5s_hubert_mfcc_only | Mode3_film_train_vi_5s_hubert_pitch_only
full_length,ENS_representation_hc_train_vi_5s_hc_wav2vec2__mfcc_pitch_mfbe_pitch_mfbe_pitch__a45,ensemble,representation_hc,train_vi_5s__wav2vec2__mfcc_pitch | train_vi_5s__wav2vec2__mfbe_pitch | train_vi_5s__wav2vec2__mfbe_only | train_vi_5s__wav2vec2__pitch_only,"0.4500,0.2500,0.1500,0.1500",ensemble,ensemble,ensemble,ensemble,multi,8.953807669201538,0.8097650010806646,9895,0,,Mode3_film_train_vi_5s_wav2vec2_mfcc_pitch | Mode3_film_train_vi_5s_wav2vec2_mfbe_pitch | Mode3_film_train_vi_5s_wav2vec2_mfbe_only | Mode3_film_train_vi_5s_wav2vec2_pitch_only
full_length,ENS_representation_hc_train_vi_3s_hc_hubert__mfcc_pitch_mfbe_pitch_pitch__a60,ensemble,representation_hc,train_vi_3s__hubert__mfcc_pitch | train_vi_3s__hubert__mfbe_pitch | train_vi_3s__hubert__pitch_only,"0.6000,0.2500,0.1500",ensemble,ensemble,ensemble,ensemble,multi,8.953807669201538,0.8616684487493975,9895,0,,Mode3_film_train_vi_3s_hubert_mfcc_pitch | Mode3_film_train_vi_3s_hubert_mfbe_pitch | Mode3_film_train_vi_3s_hubert_pitch_only
full_length,ENS_representation_hc_train_vi_5s_hc_wav2vec2__mfcc_pitch_mfbe_pitch_mfcc_mfbe_pitch__a45,ensemble,representation_hc,train_vi_5s__wav2vec2__mfcc_pitch | train_vi_5s__wav2vec2__mfbe_pitch | train_vi_5s__wav2vec2__mfcc_only | train_vi_5s__wav2vec2__mfbe_only | train_vi_5s__wav2vec2__pitch_only,"0.4500,0.2000,0.1500,0.1000,0.1000",ensemble,ensemble,ensemble,ensemble,multi,8.994386137536834,0.8095876709512386,9895,0,,Mode3_film_train_vi_5s_wav2vec2_mfcc_pitch | Mode3_film_train_vi_5s_wav2vec2_mfbe_pitch | Mode3_film_train_vi_5s_wav2vec2_mfcc_only | Mode3_film_train_vi_5s_wav2vec2_mfbe_only | Mode3_film_train_vi_5s_wav2vec2_pitch_only
full_length,ENS_representation_ptm_train_vi_3s_ptm_mfcc_pitch__wavlm_hubert__a70,ensemble,representation_ptm,train_vi_3s__wavlm__mfcc_pitch | train_vi_3s__hubert__mfcc_pitch,"0.7000,0.3000",ensemble,ensemble,ensemble,ensemble,multi,8.994386137536834,0.8427900072084623,9895,0,,Mode3_film_train_vi_3s_wavlm_mfcc_pitch | Mode3_film_train_vi_3s_hubert_mfcc_pitch
full_length,Mode3_film_train_vi_5s_hubert_mfcc_pitch,single,single,Mode3_film_train_vi_5s_hubert_mfcc_pitch,1.0,3,film,mfcc_pitch,hubert,train_vi_5s,9.001098447914066,0.791439844911054,9895,0,train_vi_5s__hubert__mfcc_pitch,
full_length,ENS_representation_hc_train_vi_5s_hc_hubert__mfcc_pitch_mfbe_pitch_mfcc_mfbe_pitch__a40,ensemble,representation_hc,train_vi_5s__hubert__mfcc_pitch | train_vi_5s__hubert__mfbe_pitch | train_vi_5s__hubert__mfcc_only | train_vi_5s__hubert__mfbe_only | train_vi_5s__hubert__pitch_only,"0.4000,0.2500,0.1500,0.1000,0.1000",ensemble,ensemble,ensemble,ensemble,multi,9.034964605872123,0.8001590976722944,9895,0,,Mode3_film_train_vi_5s_hubert_mfcc_pitch | Mode3_film_train_vi_5s_hubert_mfbe_pitch | Mode3_film_train_vi_5s_hubert_mfcc_only | Mode3_film_train_vi_5s_hubert_mfbe_only | Mode3_film_train_vi_5s_hubert_pitch_only
full_length,ENS_representation_hc_train_vi_5s_hc_wav2vec2__mfbe_pitch_mfbe_pitch__eq,ensemble,representation_hc,train_vi_5s__wav2vec2__mfbe_pitch | train_vi_5s__wav2vec2__mfbe_only | train_vi_5s__wav2vec2__pitch_only,"0.3333,0.3333,0.3333",ensemble,ensemble,ensemble,ensemble,multi,9.075543074207419,0.7848008595269862,9895,0,,Mode3_film_train_vi_5s_wav2vec2_mfbe_pitch | Mode3_film_train_vi_5s_wav2vec2_mfbe_only | Mode3_film_train_vi_5s_wav2vec2_pitch_only
full_length,ENS_representation_hc_train_vi_5s_hc_wav2vec2__mfcc_pitch_mfcc__a70,ensemble,representation_hc,train_vi_5s__wav2vec2__mfcc_pitch | train_vi_5s__wav2vec2__mfcc_only,"0.7000,0.3000",ensemble,ensemble,ensemble,ensemble,multi,9.08225538458465,0.8220331615574624,9895,0,,Mode3_film_train_vi_5s_wav2vec2_mfcc_pitch | Mode3_film_train_vi_5s_wav2vec2_mfcc_only
full_length,ENS_representation_hc_train_vi_5s_hc_wavlm__mfbe_pitch__a70,ensemble,representation_hc,train_vi_5s__wavlm__mfbe_only | train_vi_5s__wavlm__pitch_only,"0.7000,0.3000",ensemble,ensemble,ensemble,ensemble,multi,9.08225538458465,0.8223410606679806,9895,0,,Mode3_film_train_vi_5s_wavlm_mfbe_only | Mode3_film_train_vi_5s_wavlm_pitch_only
full_length,ENS_representation_hc_train_vi_5s_hc_wavlm__mfbe_pitch_mfcc_pitch__a60,ensemble,representation_hc,train_vi_5s__wavlm__mfbe_pitch | train_vi_5s__wavlm__mfcc_only | train_vi_5s__wavlm__pitch_only,"0.6000,0.2500,0.1500",ensemble,ensemble,ensemble,ensemble,multi,9.11612154254271,0.7940808069964329,9895,0,,Mode3_film_train_vi_5s_wavlm_mfbe_pitch | Mode3_film_train_vi_5s_wavlm_mfcc_only | Mode3_film_train_vi_5s_wavlm_pitch_only
full_length,ENS_representation_hc_train_vi_5s_hc_hubert__mfbe_pitch_pitch__a70,ensemble,representation_hc,train_vi_5s__hubert__mfbe_pitch | train_vi_5s__hubert__pitch_only,"0.7000,0.3000",ensemble,ensemble,ensemble,ensemble,multi,9.11612154254271,0.8108035156919332,9895,0,,Mode3_film_train_vi_5s_hubert_mfbe_pitch | Mode3_film_train_vi_5s_hubert_pitch_only
full_length,ENS_representation_hc_train_vi_5s_hc_wav2vec2__mfcc_pitch_mfcc__eq,ensemble,representation_hc,train_vi_5s__wav2vec2__mfcc_pitch | train_vi_5s__wav2vec2__mfcc_only,"0.5000,0.5000",ensemble,ensemble,ensemble,ensemble,multi,9.11612154254271,0.8331512282979145,9895,0,,Mode3_film_train_vi_5s_wav2vec2_mfcc_pitch | Mode3_film_train_vi_5s_wav2vec2_mfcc_only
full_length,ENS_representation_hc_train_vi_3s_hc_wavlm__mfbe_pitch_mfcc__a70,ensemble,representation_hc,train_vi_3s__wavlm__mfbe_pitch | train_vi_3s__wavlm__mfcc_only,"0.7000,0.3000",ensemble,ensemble,ensemble,ensemble,multi,9.11612154254271,0.8638390002686026,9895,0,,Mode3_film_train_vi_3s_wavlm_mfbe_pitch | Mode3_film_train_vi_3s_wavlm_mfcc_only
full_length,ENS_representation_hc_train_vi_5s_hc_hubert__mfbe_pitch__a70,ensemble,representation_hc,train_vi_5s__hubert__mfbe_only | train_vi_5s__hubert__pitch_only,"0.7000,0.3000",ensemble,ensemble,ensemble,ensemble,multi,9.149987700500773,0.8360894420022904,9895,0,,Mode3_film_train_vi_5s_hubert_mfbe_only | Mode3_film_train_vi_5s_hubert_pitch_only
full_length,ENS_representation_hc_train_vi_3s_hc_hubert__mfcc_mfbe__a60,ensemble,representation_hc,train_vi_3s__hubert__mfcc_only | train_vi_3s__hubert__mfbe_only,"0.6000,0.4000",ensemble,ensemble,ensemble,ensemble,multi,9.149987700500773,0.845119832028686,9895,0,,Mode3_film_train_vi_3s_hubert_mfcc_only | Mode3_film_train_vi_3s_hubert_mfbe_only
full_length,ENS_representation_hc_train_vi_5s_hc_wav2vec2__mfbe_pitch_mfcc_pitch__a50,ensemble,representation_hc,train_vi_5s__wav2vec2__mfbe_pitch | train_vi_5s__wav2vec2__mfcc_only | train_vi_5s__wav2vec2__pitch_only,"0.5000,0.3000,0.2000",ensemble,ensemble,ensemble,ensemble,multi,9.156700010878005,0.8090630898998448,9895,0,,Mode3_film_train_vi_5s_wav2vec2_mfbe_pitch | Mode3_film_train_vi_5s_wav2vec2_mfcc_only | Mode3_film_train_vi_5s_wav2vec2_pitch_only
full_length,ENS_representation_hc_train_vi_5s_hc_wav2vec2__mfcc_mfbe_pitch__a60,ensemble,representation_hc,train_vi_5s__wav2vec2__mfcc_only | train_vi_5s__wav2vec2__mfbe_only | train_vi_5s__wav2vec2__pitch_only,"0.6000,0.2500,0.1500",ensemble,ensemble,ensemble,ensemble,multi,9.156700010878005,0.8148154246367807,9895,0,,Mode3_film_train_vi_5s_wav2vec2_mfcc_only | Mode3_film_train_vi_5s_wav2vec2_mfbe_only | Mode3_film_train_vi_5s_wav2vec2_pitch_only
full_length,ENS_representation_hc_train_vi_5s_hc_wavlm__mfbe_pitch_mfcc_mfbe_pitch__a45,ensemble,representation_hc,train_vi_5s__wavlm__mfbe_pitch | train_vi_5s__wavlm__mfcc_only | train_vi_5s__wavlm__mfbe_only | train_vi_5s__wavlm__pitch_only,"0.4500,0.2500,0.1500,0.1500",ensemble,ensemble,ensemble,ensemble,multi,9.156700010878005,0.8151626755587486,9895,0,,Mode3_film_train_vi_5s_wavlm_mfbe_pitch | Mode3_film_train_vi_5s_wavlm_mfcc_only | Mode3_film_train_vi_5s_wavlm_mfbe_only | Mode3_film_train_vi_5s_wavlm_pitch_only
full_length,ENS_representation_hc_train_vi_5s_hc_wavlm__mfcc_pitch_mfcc__a60,ensemble,representation_hc,train_vi_5s__wavlm__mfcc_pitch | train_vi_5s__wavlm__mfcc_only,"0.6000,0.4000",ensemble,ensemble,ensemble,ensemble,multi,9.156700010878005,0.8162266563353066,9895,0,,Mode3_film_train_vi_5s_wavlm_mfcc_pitch | Mode3_film_train_vi_5s_wavlm_mfcc_only
full_length,ENS_representation_hc_train_vi_5s_hc_wavlm__mfcc_pitch_mfcc__eq,ensemble,representation_hc,train_vi_5s__wavlm__mfcc_pitch | train_vi_5s__wavlm__mfcc_only,"0.5000,0.5000",ensemble,ensemble,ensemble,ensemble,multi,9.156700010878005,0.8233902227707685,9895,0,,Mode3_film_train_vi_5s_wavlm_mfcc_pitch | Mode3_film_train_vi_5s_wavlm_mfcc_only
full_length,ENS_representation_hc_train_vi_5s_hc_wav2vec2__mfcc_pitch_mfcc__a60,ensemble,representation_hc,train_vi_5s__wav2vec2__mfcc_pitch | train_vi_5s__wav2vec2__mfcc_only,"0.6000,0.4000",ensemble,ensemble,ensemble,ensemble,multi,9.156700010878005,0.8247792264586442,9895,0,,Mode3_film_train_vi_5s_wav2vec2_mfcc_pitch | Mode3_film_train_vi_5s_wav2vec2_mfcc_only
full_length,ENS_representation_hc_train_vi_3s_hc_hubert__mfcc_mfbe__eq,ensemble,representation_hc,train_vi_3s__hubert__mfcc_only | train_vi_3s__hubert__mfbe_only,"0.5000,0.5000",ensemble,ensemble,ensemble,ensemble,multi,9.156700010878005,0.8510930198887467,9895,0,,Mode3_film_train_vi_3s_hubert_mfcc_only | Mode3_film_train_vi_3s_hubert_mfbe_only
full_length,ENS_representation_hc_train_vi_5s_hc_wavlm__mfcc_pitch_mfcc__a70,ensemble,representation_hc,train_vi_5s__wavlm__mfcc_pitch | train_vi_5s__wavlm__mfcc_only,"0.7000,0.3000",ensemble,ensemble,ensemble,ensemble,multi,9.197278479213299,0.8119174957714644,9895,0,,Mode3_film_train_vi_5s_wavlm_mfcc_pitch | Mode3_film_train_vi_5s_wavlm_mfcc_only
full_length,ENS_representation_hc_train_vi_5s_hc_wavlm__mfbe_pitch_mfcc_mfbe_pitch__a50,ensemble,representation_hc,train_vi_5s__wavlm__mfbe_pitch | train_vi_5s__wavlm__mfcc_only | train_vi_5s__wavlm__mfbe_only | train_vi_5s__wavlm__pitch_only,"0.5000,0.2000,0.1500,0.1500",ensemble,ensemble,ensemble,ensemble,multi,9.197278479213299,0.8151626755587486,9895,0,,Mode3_film_train_vi_5s_wavlm_mfbe_pitch | Mode3_film_train_vi_5s_wavlm_mfcc_only | Mode3_film_train_vi_5s_wavlm_mfbe_only | Mode3_film_train_vi_5s_wavlm_pitch_only
full_length,ENS_representation_hc_train_vi_3s_hc_hubert__mfcc_mfbe__a70,ensemble,representation_hc,train_vi_3s__hubert__mfcc_only | train_vi_3s__hubert__mfbe_only,"0.7000,0.3000",ensemble,ensemble,ensemble,ensemble,multi,9.197278479213299,0.8364292835873743,9895,0,,Mode3_film_train_vi_3s_hubert_mfcc_only | Mode3_film_train_vi_3s_hubert_mfbe_only
full_length,ENS_representation_ptm_train_vi_5s_ptm_mfcc_only__wav2vec2_wavlm_hubert__eq,ensemble,representation_ptm,train_vi_5s__wav2vec2__mfcc_only | train_vi_5s__wavlm__mfcc_only | train_vi_5s__hubert__mfcc_only,"0.3333,0.3333,0.3333",ensemble,ensemble,ensemble,ensemble,multi,9.197278479213299,0.8412810820310198,9895,0,,Mode3_film_train_vi_5s_wav2vec2_mfcc_only | Mode3_film_train_vi_5s_wavlm_mfcc_only | Mode3_film_train_vi_5s_hubert_mfcc_only
full_length,ENS_representation_hc_train_vi_3s_hc_hubert__mfbe_pitch_mfcc_mfbe__eq,ensemble,representation_hc,train_vi_3s__hubert__mfbe_pitch | train_vi_3s__hubert__mfcc_only | train_vi_3s__hubert__mfbe_only,"0.3333,0.3333,0.3333",ensemble,ensemble,ensemble,ensemble,multi,9.197278479213299,0.8807168110828747,9895,0,,Mode3_film_train_vi_3s_hubert_mfbe_pitch | Mode3_film_train_vi_3s_hubert_mfcc_only | Mode3_film_train_vi_3s_hubert_mfbe_only
full_length,ENS_representation_hc_train_vi_5s_hc_wav2vec2__mfcc_pitch_mfbe_pitch_mfcc_mfbe_pitch__a40,ensemble,representation_hc,train_vi_5s__wav2vec2__mfcc_pitch | train_vi_5s__wav2vec2__mfbe_pitch | train_vi_5s__wav2vec2__mfcc_only | train_vi_5s__wav2vec2__mfbe_only | train_vi_5s__wav2vec2__pitch_only,"0.4000,0.2500,0.1500,0.1000,0.1000",ensemble,ensemble,ensemble,ensemble,multi,9.244569257925821,0.8185638904924164,9895,0,,Mode3_film_train_vi_5s_wav2vec2_mfcc_pitch | Mode3_film_train_vi_5s_wav2vec2_mfbe_pitch | Mode3_film_train_vi_5s_wav2vec2_mfcc_only | Mode3_film_train_vi_5s_wav2vec2_mfbe_only | Mode3_film_train_vi_5s_wav2vec2_pitch_only
full_length,ENS_representation_ptm_train_vi_3s_ptm_mfcc_pitch__wavlm_hubert__a60,ensemble,representation_ptm,train_vi_3s__wavlm__mfcc_pitch | train_vi_3s__hubert__mfcc_pitch,"0.6000,0.4000",ensemble,ensemble,ensemble,ensemble,multi,9.278435415883886,0.8584413257905186,9895,0,,Mode3_film_train_vi_3s_wavlm_mfcc_pitch | Mode3_film_train_vi_3s_hubert_mfcc_pitch
full_length,ENS_representation_hc_train_vi_5s_hc_hubert__mfcc_pitch_mfcc_mfbe__a60,ensemble,representation_hc,train_vi_5s__hubert__mfcc_pitch | train_vi_5s__hubert__mfcc_only | train_vi_5s__hubert__mfbe_only,"0.6000,0.2500,0.1500",ensemble,ensemble,ensemble,ensemble,multi,9.312301573841944,0.8111794709338299,9895,0,,Mode3_film_train_vi_5s_hubert_mfcc_pitch | Mode3_film_train_vi_5s_hubert_mfcc_only | Mode3_film_train_vi_5s_hubert_mfbe_only
full_length,ENS_representation_hc_train_vi_3s_hc_hubert__mfbe_pitch_mfcc__eq,ensemble,representation_hc,train_vi_3s__hubert__mfbe_pitch | train_vi_3s__hubert__mfcc_only,"0.5000,0.5000",ensemble,ensemble,ensemble,ensemble,multi,9.32572619459641,0.8711979536618977,9895,0,,Mode3_film_train_vi_3s_hubert_mfbe_pitch | Mode3_film_train_vi_3s_hubert_mfcc_only
full_length,ENS_representation_hc_train_vi_3s_hc_wavlm__mfbe_pitch_mfbe__a70,ensemble,representation_hc,train_vi_3s__wavlm__mfbe_pitch | train_vi_3s__wavlm__mfbe_only,"0.7000,0.3000",ensemble,ensemble,ensemble,ensemble,multi,9.352880042177238,0.8592441686048944,9895,0,,Mode3_film_train_vi_3s_wavlm_mfbe_pitch | Mode3_film_train_vi_3s_wavlm_mfbe_only
full_length,ENS_representation_ptm_train_vi_5s_ptm_mfcc_only__wav2vec2_hubert__eq,ensemble,representation_ptm,train_vi_5s__wav2vec2__mfcc_only | train_vi_5s__hubert__mfcc_only,"0.5000,0.5000",ensemble,ensemble,ensemble,ensemble,multi,9.40017082088976,0.8398517935040865,9895,0,,Mode3_film_train_vi_5s_wav2vec2_mfcc_only | Mode3_film_train_vi_5s_hubert_mfcc_only
full_length,ENS_representation_hc_train_vi_3s_hc_hubert__mfcc_pitch_mfbe_pitch_mfcc_mfbe__eq,ensemble,representation_hc,train_vi_3s__hubert__mfcc_pitch | train_vi_3s__hubert__mfbe_pitch | train_vi_3s__hubert__mfcc_only | train_vi_3s__hubert__mfbe_only,"0.2500,0.2500,0.2500,0.2500",ensemble,ensemble,ensemble,ensemble,multi,9.40017082088976,0.8962778455229004,9895,0,,Mode3_film_train_vi_3s_hubert_mfcc_pitch | Mode3_film_train_vi_3s_hubert_mfbe_pitch | Mode3_film_train_vi_3s_hubert_mfcc_only | Mode3_film_train_vi_3s_hubert_mfbe_only
full_length,ENS_representation_hc_train_vi_5s_hc_wav2vec2__mfbe_pitch_pitch__a70,ensemble,representation_hc,train_vi_5s__wav2vec2__mfbe_pitch | train_vi_5s__wav2vec2__pitch_only,"0.7000,0.3000",ensemble,ensemble,ensemble,ensemble,multi,9.406883131266994,0.8006836787236883,9895,0,,Mode3_film_train_vi_5s_wav2vec2_mfbe_pitch | Mode3_film_train_vi_5s_wav2vec2_pitch_only
full_length,ENS_representation_hc_train_vi_5s_hc_wav2vec2__mfcc_pitch_mfcc_mfbe__a60,ensemble,representation_hc,train_vi_5s__wav2vec2__mfcc_pitch | train_vi_5s__wav2vec2__mfcc_only | train_vi_5s__wav2vec2__mfbe_only,"0.6000,0.2500,0.1500",ensemble,ensemble,ensemble,ensemble,multi,9.440749289225057,0.8402606242481586,9895,0,,Mode3_film_train_vi_5s_wav2vec2_mfcc_pitch | Mode3_film_train_vi_5s_wav2vec2_mfcc_only | Mode3_film_train_vi_5s_wav2vec2_mfbe_only
full_length,ENS_representation_hc_train_vi_3s_hc_hubert__mfbe_pitch_mfcc_mfbe__a50,ensemble,representation_hc,train_vi_3s__hubert__mfbe_pitch | train_vi_3s__hubert__mfcc_only | train_vi_3s__hubert__mfbe_only,"0.5000,0.3000,0.2000",ensemble,ensemble,ensemble,ensemble,multi,9.440749289225057,0.8945341815761726,9895,0,,Mode3_film_train_vi_3s_hubert_mfbe_pitch | Mode3_film_train_vi_3s_hubert_mfcc_only | Mode3_film_train_vi_3s_hubert_mfbe_only
full_length,ENS_representation_ptm_train_vi_5s_ptm_mfcc_only__wav2vec2_wavlm_hubert__a50,ensemble,representation_ptm,train_vi_5s__wav2vec2__mfcc_only | train_vi_5s__wavlm__mfcc_only | train_vi_5s__hubert__mfcc_only,"0.5000,0.3000,0.2000",ensemble,ensemble,ensemble,ensemble,multi,9.481327757560353,0.8515995441117332,9895,0,,Mode3_film_train_vi_5s_wav2vec2_mfcc_only | Mode3_film_train_vi_5s_wavlm_mfcc_only | Mode3_film_train_vi_5s_hubert_mfcc_only
full_length,ENS_representation_hc_train_vi_5s_hc_wavlm__mfcc_pitch_mfbe_pitch_mfcc__a60,ensemble,representation_hc,train_vi_5s__wavlm__mfcc_pitch | train_vi_5s__wavlm__mfbe_pitch | train_vi_5s__wavlm__mfcc_only,"0.6000,0.2500,0.1500",ensemble,ensemble,ensemble,ensemble,multi,9.488040067937579,0.8112049370991211,9895,0,,Mode3_film_train_vi_5s_wavlm_mfcc_pitch | Mode3_film_train_vi_5s_wavlm_mfbe_pitch | Mode3_film_train_vi_5s_wavlm_mfcc_only
full_length,ENS_representation_hc_train_vi_5s_hc_hubert__mfcc_pitch_mfcc_mfbe__a50,ensemble,representation_hc,train_vi_5s__hubert__mfcc_pitch | train_vi_5s__hubert__mfcc_only | train_vi_5s__hubert__mfbe_only,"0.5000,0.3000,0.2000",ensemble,ensemble,ensemble,ensemble,multi,9.488040067937579,0.818538424327125,9895,0,,Mode3_film_train_vi_5s_hubert_mfcc_pitch | Mode3_film_train_vi_5s_hubert_mfcc_only | Mode3_film_train_vi_5s_hubert_mfbe_only
full_length,ENS_representation_ptm_train_vi_5s_ptm_mfcc_only__wavlm_hubert__eq,ensemble,representation_ptm,train_vi_5s__wavlm__mfcc_only | train_vi_5s__hubert__mfcc_only,"0.5000,0.5000",ensemble,ensemble,ensemble,ensemble,multi,9.488040067937579,0.8393526786179819,9895,0,,Mode3_film_train_vi_5s_wavlm_mfcc_only | Mode3_film_train_vi_5s_hubert_mfcc_only
full_length,Mode3_film_train_vi_5s_hubert_mfcc_only,single,single,Mode3_film_train_vi_5s_hubert_mfcc_only,1.0,3,film,mfcc_only,hubert,train_vi_5s,9.488040067937579,0.8468019161533098,9895,0,train_vi_5s__hubert__mfcc_only,
full_length,ENS_representation_hc_train_vi_5s_hc_wavlm__mfcc_pitch_mfbe_pitch_mfcc__a50,ensemble,representation_hc,train_vi_5s__wavlm__mfcc_pitch | train_vi_5s__wavlm__mfbe_pitch | train_vi_5s__wavlm__mfcc_only,"0.5000,0.3000,0.2000",ensemble,ensemble,ensemble,ensemble,multi,9.494752378314812,0.8216030358303461,9895,0,,Mode3_film_train_vi_5s_wavlm_mfcc_pitch | Mode3_film_train_vi_5s_wavlm_mfbe_pitch | Mode3_film_train_vi_5s_wavlm_mfcc_only
full_length,ENS_representation_hc_train_vi_5s_hc_wavlm__mfbe_pitch_mfbe_pitch__a50,ensemble,representation_hc,train_vi_5s__wavlm__mfbe_pitch | train_vi_5s__wavlm__mfbe_only | train_vi_5s__wavlm__pitch_only,"0.5000,0.3000,0.2000",ensemble,ensemble,ensemble,ensemble,multi,9.494752378314812,0.8231332559908331,9895,0,,Mode3_film_train_vi_5s_wavlm_mfbe_pitch | Mode3_film_train_vi_5s_wavlm_mfbe_only | Mode3_film_train_vi_5s_wavlm_pitch_only
full_length,ENS_representation_hc_train_vi_5s_hc_wavlm__mfcc_pitch_mfcc_mfbe__a60,ensemble,representation_hc,train_vi_5s__wavlm__mfcc_pitch | train_vi_5s__wavlm__mfcc_only | train_vi_5s__wavlm__mfbe_only,"0.6000,0.2500,0.1500",ensemble,ensemble,ensemble,ensemble,multi,9.494752378314812,0.8314256211795942,9895,0,,Mode3_film_train_vi_5s_wavlm_mfcc_pitch | Mode3_film_train_vi_5s_wavlm_mfcc_only | Mode3_film_train_vi_5s_wavlm_mfbe_only
full_length,ENS_representation_ptm_train_vi_5s_ptm_mfcc_only__wav2vec2_wavlm_hubert__a60,ensemble,representation_ptm,train_vi_5s__wav2vec2__mfcc_only | train_vi_5s__wavlm__mfcc_only | train_vi_5s__hubert__mfcc_only,"0.6000,0.2500,0.1500",ensemble,ensemble,ensemble,ensemble,multi,9.528618536272877,0.8526125925577105,9895,0,,Mode3_film_train_vi_5s_wav2vec2_mfcc_only | Mode3_film_train_vi_5s_wavlm_mfcc_only | Mode3_film_train_vi_5s_hubert_mfcc_only
full_length,ENS_representation_hc_train_vi_3s_hc_hubert__mfbe_pitch_mfcc__a60,ensemble,representation_hc,train_vi_3s__hubert__mfbe_pitch | train_vi_3s__hubert__mfcc_only,"0.6000,0.4000",ensemble,ensemble,ensemble,ensemble,multi,9.562484694230939,0.8900041678892076,9895,0,,Mode3_film_train_vi_3s_hubert_mfbe_pitch | Mode3_film_train_vi_3s_hubert_mfcc_only
full_length,ENS_representation_ptm_train_vi_5s_ptm_mfcc_only__wav2vec2_hubert__a60,ensemble,representation_ptm,train_vi_5s__wav2vec2__mfcc_only | train_vi_5s__hubert__mfcc_only,"0.6000,0.4000",ensemble,ensemble,ensemble,ensemble,multi,9.56919700460817,0.8425543354115695,9895,0,,Mode3_film_train_vi_5s_wav2vec2_mfcc_only | Mode3_film_train_vi_5s_hubert_mfcc_only
full_length,Mode3_film_train_vi_3s_hubert_mfcc_only,single,single,Mode3_film_train_vi_3s_hubert_mfcc_only,1.0,3,film,mfcc_only,hubert,train_vi_3s,9.603063162566228,0.8901814980186337,9895,0,train_vi_3s__hubert__mfcc_only,
full_length,ENS_representation_hc_train_vi_3s_hc_hubert__mfbe_pitch_mfcc_mfbe__a60,ensemble,representation_hc,train_vi_3s__hubert__mfbe_pitch | train_vi_3s__hubert__mfcc_only | train_vi_3s__hubert__mfbe_only,"0.6000,0.2500,0.1500",ensemble,ensemble,ensemble,ensemble,multi,9.603063162566228,0.9022658520567269,9895,0,,Mode3_film_train_vi_3s_hubert_mfbe_pitch | Mode3_film_train_vi_3s_hubert_mfcc_only | Mode3_film_train_vi_3s_hubert_mfbe_only
full_length,Mode3_film_train_vi_5s_wavlm_mfcc_pitch,single,single,Mode3_film_train_vi_5s_wavlm_mfcc_pitch,1.0,3,film,mfcc_pitch,wavlm,train_vi_5s,9.616487783320693,0.7984802517023099,9895,0,train_vi_5s__wavlm__mfcc_pitch,
full_length,ENS_representation_hc_train_vi_5s_hc_wavlm__mfcc_pitch_mfcc_mfbe__a50,ensemble,representation_hc,train_vi_5s__wavlm__mfcc_pitch | train_vi_5s__wavlm__mfcc_only | train_vi_5s__wavlm__mfbe_only,"0.5000,0.3000,0.2000",ensemble,ensemble,ensemble,ensemble,multi,9.616487783320693,0.8384553804793288,9895,0,,Mode3_film_train_vi_5s_wavlm_mfcc_pitch | Mode3_film_train_vi_5s_wavlm_mfcc_only | Mode3_film_train_vi_5s_wavlm_mfbe_only
full_length,ENS_representation_hc_train_vi_3s_hc_hubert__mfbe_pitch_mfbe__eq,ensemble,representation_hc,train_vi_3s__hubert__mfbe_pitch | train_vi_3s__hubert__mfbe_only,"0.5000,0.5000",ensemble,ensemble,ensemble,ensemble,multi,9.616487783320693,0.9125801429551977,9895,0,,Mode3_film_train_vi_3s_hubert_mfbe_pitch | Mode3_film_train_vi_3s_hubert_mfbe_only
full_length,ENS_representation_hc_train_vi_5s_hc_wavlm__mfcc_pitch_mfbe_pitch__a70,ensemble,representation_hc,train_vi_5s__wavlm__mfcc_pitch | train_vi_5s__wavlm__mfbe_pitch,"0.7000,0.3000",ensemble,ensemble,ensemble,ensemble,multi,9.643641630901524,0.8079991091232869,9895,0,,Mode3_film_train_vi_5s_wavlm_mfcc_pitch | Mode3_film_train_vi_5s_wavlm_mfbe_pitch
full_length,Mode3_film_train_vi_5s_wav2vec2_mfcc_pitch,single,single,Mode3_film_train_vi_5s_wav2vec2_mfcc_pitch,1.0,3,film,mfcc_pitch,wav2vec2,train_vi_5s,9.643641630901524,0.8293921149507577,9895,0,train_vi_5s__wav2vec2__mfcc_pitch,
full_length,ENS_representation_ptm_train_vi_5s_ptm_mfcc_only__wav2vec2_hubert__a70,ensemble,representation_ptm,train_vi_5s__wav2vec2__mfcc_only | train_vi_5s__hubert__mfcc_only,"0.7000,0.3000",ensemble,ensemble,ensemble,ensemble,multi,9.657066251655989,0.8453184571411565,9895,0,,Mode3_film_train_vi_5s_wav2vec2_mfcc_only | Mode3_film_train_vi_5s_hubert_mfcc_only
full_length,ENS_representation_hc_train_vi_3s_hc_hubert__mfcc_pitch_mfbe_pitch_mfbe__eq,ensemble,representation_hc,train_vi_3s__hubert__mfcc_pitch | train_vi_3s__hubert__mfbe_pitch | train_vi_3s__hubert__mfbe_only,"0.3333,0.3333,0.3333",ensemble,ensemble,ensemble,ensemble,multi,9.684220099236814,0.9135899532465358,9895,0,,Mode3_film_train_vi_3s_hubert_mfcc_pitch | Mode3_film_train_vi_3s_hubert_mfbe_pitch | Mode3_film_train_vi_3s_hubert_mfbe_only
full_length,ENS_representation_hc_train_vi_5s_hc_wavlm__mfcc_pitch_mfbe_pitch_mfcc_mfbe__a50,ensemble,representation_hc,train_vi_5s__wavlm__mfcc_pitch | train_vi_5s__wavlm__mfbe_pitch | train_vi_5s__wavlm__mfcc_only | train_vi_5s__wavlm__mfbe_only,"0.5000,0.2000,0.1500,0.1500",ensemble,ensemble,ensemble,ensemble,multi,9.690932409614048,0.8382706410130187,9895,0,,Mode3_film_train_vi_5s_wavlm_mfcc_pitch | Mode3_film_train_vi_5s_wavlm_mfbe_pitch | Mode3_film_train_vi_5s_wavlm_mfcc_only | Mode3_film_train_vi_5s_wavlm_mfbe_only
full_length,ENS_representation_ptm_train_vi_5s_ptm_mfcc_only__wavlm_hubert__a60,ensemble,representation_ptm,train_vi_5s__wavlm__mfcc_only | train_vi_5s__hubert__mfcc_only,"0.6000,0.4000",ensemble,ensemble,ensemble,ensemble,multi,9.690932409614048,0.8449425018992601,9895,0,,Mode3_film_train_vi_5s_wavlm_mfcc_only | Mode3_film_train_vi_5s_hubert_mfcc_only
full_length,ENS_representation_hc_train_vi_5s_hc_wavlm__mfcc_pitch_mfbe_pitch_mfcc__eq,ensemble,representation_hc,train_vi_5s__wavlm__mfcc_pitch | train_vi_5s__wavlm__mfbe_pitch | train_vi_5s__wavlm__mfcc_only,"0.3333,0.3333,0.3333",ensemble,ensemble,ensemble,ensemble,multi,9.72479856757211,0.833531354722058,9895,0,,Mode3_film_train_vi_5s_wavlm_mfcc_pitch | Mode3_film_train_vi_5s_wavlm_mfbe_pitch | Mode3_film_train_vi_5s_wavlm_mfcc_only
full_length,ENS_representation_hc_train_vi_3s_hc_hubert__mfcc_pitch_mfcc_mfbe__eq,ensemble,representation_hc,train_vi_3s__hubert__mfcc_pitch | train_vi_3s__hubert__mfcc_only | train_vi_3s__hubert__mfbe_only,"0.3333,0.3333,0.3333",ensemble,ensemble,ensemble,ensemble,multi,9.72479856757211,0.890322714491247,9895,0,,Mode3_film_train_vi_3s_hubert_mfcc_pitch | Mode3_film_train_vi_3s_hubert_mfcc_only | Mode3_film_train_vi_3s_hubert_mfbe_only
full_length,ENS_representation_hc_train_vi_5s_hc_hubert__mfbe_pitch_mfcc_mfbe_pitch__a45,ensemble,representation_hc,train_vi_5s__hubert__mfbe_pitch | train_vi_5s__hubert__mfcc_only | train_vi_5s__hubert__mfbe_only | train_vi_5s__hubert__pitch_only,"0.4500,0.2500,0.1500,0.1500",ensemble,ensemble,ensemble,ensemble,multi,9.731510877949342,0.8322687488330295,9895,0,,Mode3_film_train_vi_5s_hubert_mfbe_pitch | Mode3_film_train_vi_5s_hubert_mfcc_only | Mode3_film_train_vi_5s_hubert_mfbe_only | Mode3_film_train_vi_5s_hubert_pitch_only
full_length,ENS_representation_hc_train_vi_5s_hc_wavlm__mfcc_pitch_mfbe_pitch__a60,ensemble,representation_hc,train_vi_5s__wavlm__mfcc_pitch | train_vi_5s__wavlm__mfbe_pitch,"0.6000,0.4000",ensemble,ensemble,ensemble,ensemble,multi,9.738223188326575,0.816957271836057,9895,0,,Mode3_film_train_vi_5s_wavlm_mfcc_pitch | Mode3_film_train_vi_5s_wavlm_mfbe_pitch
full_length,ENS_representation_hc_train_vi_5s_hc_hubert__mfcc_pitch_mfbe_pitch_mfcc__a60,ensemble,representation_hc,train_vi_5s__hubert__mfcc_pitch | train_vi_5s__hubert__mfbe_pitch | train_vi_5s__hubert__mfcc_only,"0.6000,0.2500,0.1500",ensemble,ensemble,ensemble,ensemble,multi,9.765377035907404,0.809837228394292,9895,0,,Mode3_film_train_vi_5s_hubert_mfcc_pitch | Mode3_film_train_vi_5s_hubert_mfbe_pitch | Mode3_film_train_vi_5s_hubert_mfcc_only
full_length,ENS_representation_hc_train_vi_5s_hc_wav2vec2__mfcc_pitch_mfcc_mfbe__a50,ensemble,representation_hc,train_vi_5s__wav2vec2__mfcc_pitch | train_vi_5s__wav2vec2__mfcc_only | train_vi_5s__wav2vec2__mfbe_only,"0.5000,0.3000,0.2000",ensemble,ensemble,ensemble,ensemble,multi,9.765377035907404,0.8494938105692714,9895,0,,Mode3_film_train_vi_5s_wav2vec2_mfcc_pitch | Mode3_film_train_vi_5s_wav2vec2_mfcc_only | Mode3_film_train_vi_5s_wav2vec2_mfbe_only
full_length,ENS_representation_hc_train_vi_3s_hc_hubert__mfbe_pitch_mfbe__a60,ensemble,representation_hc,train_vi_3s__hubert__mfbe_pitch | train_vi_3s__hubert__mfbe_only,"0.6000,0.4000",ensemble,ensemble,ensemble,ensemble,multi,9.772089346284632,0.9143312162388075,9895,0,,Mode3_film_train_vi_3s_hubert_mfbe_pitch | Mode3_film_train_vi_3s_hubert_mfbe_only
full_length,ENS_representation_hc_train_vi_5s_hc_wavlm__mfcc_pitch_mfbe_pitch_mfbe__a60,ensemble,representation_hc,train_vi_5s__wavlm__mfcc_pitch | train_vi_5s__wavlm__mfbe_pitch | train_vi_5s__wavlm__mfbe_only,"0.6000,0.2500,0.1500",ensemble,ensemble,ensemble,ensemble,multi,9.812667814619928,0.8268053233505968,9895,0,,Mode3_film_train_vi_5s_wavlm_mfcc_pitch | Mode3_film_train_vi_5s_wavlm_mfbe_pitch | Mode3_film_train_vi_5s_wavlm_mfbe_only
full_length,ENS_representation_ptm_train_vi_5s_ptm_mfcc_only__wav2vec2_wavlm__eq,ensemble,representation_ptm,train_vi_5s__wav2vec2__mfcc_only | train_vi_5s__wavlm__mfcc_only,"0.5000,0.5000",ensemble,ensemble,ensemble,ensemble,multi,9.812667814619928,0.8522833984641478,9895,0,,Mode3_film_train_vi_5s_wav2vec2_mfcc_only | Mode3_film_train_vi_5s_wavlm_mfcc_only
full_length,ENS_representation_hc_train_vi_5s_hc_wavlm__mfcc_pitch_mfbe_pitch_mfcc_mfbe__a45,ensemble,representation_hc,train_vi_5s__wavlm__mfcc_pitch | train_vi_5s__wavlm__mfbe_pitch | train_vi_5s__wavlm__mfcc_only | train_vi_5s__wavlm__mfbe_only,"0.4500,0.2500,0.1500,0.1500",ensemble,ensemble,ensemble,ensemble,multi,9.819380124997162,0.8348046081026097,9895,0,,Mode3_film_train_vi_5s_wavlm_mfcc_pitch | Mode3_film_train_vi_5s_wavlm_mfbe_pitch | Mode3_film_train_vi_5s_wavlm_mfcc_only | Mode3_film_train_vi_5s_wavlm_mfbe_only
full_length,ENS_representation_hc_train_vi_5s_hc_hubert__mfcc_pitch_mfbe_pitch_mfcc__a50,ensemble,representation_hc,train_vi_5s__hubert__mfcc_pitch | train_vi_5s__hubert__mfbe_pitch | train_vi_5s__hubert__mfcc_only,"0.5000,0.3000,0.2000",ensemble,ensemble,ensemble,ensemble,multi,9.853246282955224,0.8181115367546478,9895,0,,Mode3_film_train_vi_5s_hubert_mfcc_pitch | Mode3_film_train_vi_5s_hubert_mfbe_pitch | Mode3_film_train_vi_5s_hubert_mfcc_only
full_length,ENS_representation_hc_train_vi_5s_hc_wavlm__mfcc_pitch_mfbe_pitch__eq,ensemble,representation_hc,train_vi_5s__wavlm__mfcc_pitch | train_vi_5s__wavlm__mfbe_pitch,"0.5000,0.5000",ensemble,ensemble,ensemble,ensemble,multi,9.853246282955224,0.8225938562656712,9895,0,,Mode3_film_train_vi_5s_wavlm_mfcc_pitch | Mode3_film_train_vi_5s_wavlm_mfbe_pitch
full_length,ENS_representation_ptm_train_vi_5s_ptm_mfcc_only__wavlm_hubert__a70,ensemble,representation_ptm,train_vi_5s__wavlm__mfcc_only | train_vi_5s__hubert__mfcc_only,"0.7000,0.3000",ensemble,ensemble,ensemble,ensemble,multi,9.853246282955224,0.8534302540458545,9895,0,,Mode3_film_train_vi_5s_wavlm_mfcc_only | Mode3_film_train_vi_5s_hubert_mfcc_only
full_length,ENS_representation_hc_train_vi_3s_hc_hubert__mfcc_pitch_mfbe_pitch_mfcc_mfbe__a45,ensemble,representation_hc,train_vi_3s__hubert__mfcc_pitch | train_vi_3s__hubert__mfbe_pitch | train_vi_3s__hubert__mfcc_only | train_vi_3s__hubert__mfbe_only,"0.4500,0.2500,0.1500,0.1500",ensemble,ensemble,ensemble,ensemble,multi,9.853246282955224,0.9168170762054147,9895,0,,Mode3_film_train_vi_3s_hubert_mfcc_pitch | Mode3_film_train_vi_3s_hubert_mfbe_pitch | Mode3_film_train_vi_3s_hubert_mfcc_only | Mode3_film_train_vi_3s_hubert_mfbe_only
full_length,ENS_representation_ptm_train_vi_3s_ptm_mfcc_pitch__wavlm_hubert__eq,ensemble,representation_ptm,train_vi_3s__wavlm__mfcc_pitch | train_vi_3s__hubert__mfcc_pitch,"0.5000,0.5000",ensemble,ensemble,ensemble,ensemble,multi,9.887112440913281,0.8820377586393702,9895,0,,Mode3_film_train_vi_3s_wavlm_mfcc_pitch | Mode3_film_train_vi_3s_hubert_mfcc_pitch
full_length,ENS_representation_hc_train_vi_5s_hc_hubert__mfbe_pitch_mfcc_pitch__a60,ensemble,representation_hc,train_vi_5s__hubert__mfbe_pitch | train_vi_5s__hubert__mfcc_only | train_vi_5s__hubert__pitch_only,"0.6000,0.2500,0.1500",ensemble,ensemble,ensemble,ensemble,multi,9.893824751290515,0.8302065382842624,9895,0,,Mode3_film_train_vi_5s_hubert_mfbe_pitch | Mode3_film_train_vi_5s_hubert_mfcc_only | Mode3_film_train_vi_5s_hubert_pitch_only
full_length,ENS_representation_hc_train_vi_3s_hc_hubert__mfcc_pitch_mfbe_pitch_mfcc__eq,ensemble,representation_hc,train_vi_3s__hubert__mfcc_pitch | train_vi_3s__hubert__mfbe_pitch | train_vi_3s__hubert__mfcc_only,"0.3333,0.3333,0.3333",ensemble,ensemble,ensemble,ensemble,multi,9.893824751290515,0.914534012533525,9895,0,,Mode3_film_train_vi_3s_hubert_mfcc_pitch | Mode3_film_train_vi_3s_hubert_mfbe_pitch | Mode3_film_train_vi_3s_hubert_mfcc_only
full_length,ENS_representation_ptm_train_vi_5s_ptm_mfcc_only__wav2vec2_wavlm__a60,ensemble,representation_ptm,train_vi_5s__wav2vec2__mfcc_only | train_vi_5s__wavlm__mfcc_only,"0.6000,0.4000",ensemble,ensemble,ensemble,ensemble,multi,9.927690909248577,0.8573741068593235,9895,0,,Mode3_film_train_vi_5s_wav2vec2_mfcc_only | Mode3_film_train_vi_5s_wavlm_mfcc_only
full_length,ENS_representation_ptm_train_vi_5s_ptm_mfcc_only__wav2vec2_wavlm__a70,ensemble,representation_ptm,train_vi_5s__wav2vec2__mfcc_only | train_vi_5s__wavlm__mfcc_only,"0.7000,0.3000",ensemble,ensemble,ensemble,ensemble,multi,9.934403219625809,0.8563971720701589,9895,0,,Mode3_film_train_vi_5s_wav2vec2_mfcc_only | Mode3_film_train_vi_5s_wavlm_mfcc_only
full_length,ENS_representation_hc_train_vi_3s_hc_hubert__mfcc_pitch_mfbe_pitch_mfcc_mfbe__a50,ensemble,representation_hc,train_vi_3s__hubert__mfcc_pitch | train_vi_3s__hubert__mfbe_pitch | train_vi_3s__hubert__mfcc_only | train_vi_3s__hubert__mfbe_only,"0.5000,0.2000,0.1500,0.1500",ensemble,ensemble,ensemble,ensemble,multi,9.934403219625809,0.9272512885934522,9895,0,,Mode3_film_train_vi_3s_hubert_mfcc_pitch | Mode3_film_train_vi_3s_hubert_mfbe_pitch | Mode3_film_train_vi_3s_hubert_mfcc_only | Mode3_film_train_vi_3s_hubert_mfbe_only
full_length,ENS_representation_hc_train_vi_3s_hc_hubert__mfcc_pitch_mfbe_pitch_mfbe__a50,ensemble,representation_hc,train_vi_3s__hubert__mfcc_pitch | train_vi_3s__hubert__mfbe_pitch | train_vi_3s__hubert__mfbe_only,"0.5000,0.3000,0.2000",ensemble,ensemble,ensemble,ensemble,multi,9.968269377583866,0.9344148550289141,9895,0,,Mode3_film_train_vi_3s_hubert_mfcc_pitch | Mode3_film_train_vi_3s_hubert_mfbe_pitch | Mode3_film_train_vi_3s_hubert_mfbe_only
full_length,ENS_representation_hc_train_vi_5s_hc_wavlm__mfcc_pitch_mfbe__a70,ensemble,representation_hc,train_vi_5s__wavlm__mfcc_pitch | train_vi_5s__wavlm__mfbe_only,"0.7000,0.3000",ensemble,ensemble,ensemble,ensemble,multi,9.9749816879611,0.8420371636970597,9895,0,,Mode3_film_train_vi_5s_wavlm_mfcc_pitch | Mode3_film_train_vi_5s_wavlm_mfbe_only
full_length,ENS_representation_hc_train_vi_3s_hc_hubert__mfbe_pitch_mfcc__a70,ensemble,representation_hc,train_vi_3s__hubert__mfbe_pitch | train_vi_3s__hubert__mfcc_only,"0.7000,0.3000",ensemble,ensemble,ensemble,ensemble,multi,9.981693998338331,0.9046030862138368,9895,0,,Mode3_film_train_vi_3s_hubert_mfbe_pitch | Mode3_film_train_vi_3s_hubert_mfcc_only
full_length,ENS_representation_hc_train_vi_5s_hc_hubert__mfbe_pitch_mfcc_mfbe_pitch__a50,ensemble,representation_hc,train_vi_5s__hubert__mfbe_pitch | train_vi_5s__hubert__mfcc_only | train_vi_5s__hubert__mfbe_only | train_vi_5s__hubert__pitch_only,"0.5000,0.2000,0.1500,0.1500",ensemble,ensemble,ensemble,ensemble,multi,10.015560156296395,0.8413426618531218,9895,0,,Mode3_film_train_vi_5s_hubert_mfbe_pitch | Mode3_film_train_vi_5s_hubert_mfcc_only | Mode3_film_train_vi_5s_hubert_mfbe_only | Mode3_film_train_vi_5s_hubert_pitch_only
full_length,ENS_representation_hc_train_vi_3s_hc_hubert__mfbe_pitch_mfbe__a70,ensemble,representation_hc,train_vi_3s__hubert__mfbe_pitch | train_vi_3s__hubert__mfbe_only,"0.7000,0.3000",ensemble,ensemble,ensemble,ensemble,multi,10.022272466673627,0.9177176124987071,9895,0,,Mode3_film_train_vi_3s_hubert_mfbe_pitch | Mode3_film_train_vi_3s_hubert_mfbe_only
full_length,ENS_representation_hc_train_vi_5s_hc_wav2vec2__mfcc_pitch_mfbe_pitch_mfcc__a60,ensemble,representation_hc,train_vi_5s__wav2vec2__mfcc_pitch | train_vi_5s__wav2vec2__mfbe_pitch | train_vi_5s__wav2vec2__mfcc_only,"0.6000,0.2500,0.1500",ensemble,ensemble,ensemble,ensemble,multi,10.04942631425446,0.8446600689540334,9895,0,,Mode3_film_train_vi_5s_wav2vec2_mfcc_pitch | Mode3_film_train_vi_5s_wav2vec2_mfbe_pitch | Mode3_film_train_vi_5s_wav2vec2_mfcc_only
full_length,ENS_representation_hc_train_vi_3s_hc_hubert__mfcc_pitch_mfcc_mfbe__a50,ensemble,representation_hc,train_vi_3s__hubert__mfcc_pitch | train_vi_3s__hubert__mfcc_only | train_vi_3s__hubert__mfbe_only,"0.5000,0.3000,0.2000",ensemble,ensemble,ensemble,ensemble,multi,10.04942631425446,0.9211368842607803,9895,0,,Mode3_film_train_vi_3s_hubert_mfcc_pitch | Mode3_film_train_vi_3s_hubert_mfcc_only | Mode3_film_train_vi_3s_hubert_mfbe_only
full_length,ENS_representation_hc_train_vi_5s_hc_hubert__mfcc_pitch_mfbe_pitch_mfcc__eq,ensemble,representation_hc,train_vi_5s__hubert__mfcc_pitch | train_vi_5s__hubert__mfbe_pitch | train_vi_5s__hubert__mfcc_only,"0.3333,0.3333,0.3333",ensemble,ensemble,ensemble,ensemble,multi,10.056138624631686,0.8357199630696702,9895,0,,Mode3_film_train_vi_5s_hubert_mfcc_pitch | Mode3_film_train_vi_5s_hubert_mfbe_pitch | Mode3_film_train_vi_5s_hubert_mfcc_only
full_length,ENS_representation_hc_train_vi_5s_hc_wav2vec2__mfbe_pitch__a70,ensemble,representation_hc,train_vi_5s__wav2vec2__mfbe_only | train_vi_5s__wav2vec2__pitch_only,"0.7000,0.3000",ensemble,ensemble,ensemble,ensemble,multi,10.090004782589748,0.8203330206044335,9895,0,,Mode3_film_train_vi_5s_wav2vec2_mfbe_only | Mode3_film_train_vi_5s_wav2vec2_pitch_only
full_length,ENS_representation_hc_train_vi_5s_hc_hubert__mfcc_pitch_mfbe__a70,ensemble,representation_hc,train_vi_5s__hubert__mfcc_pitch | train_vi_5s__hubert__mfbe_only,"0.7000,0.3000",ensemble,ensemble,ensemble,ensemble,multi,10.096717092966982,0.8248843292744429,9895,0,,Mode3_film_train_vi_5s_hubert_mfcc_pitch | Mode3_film_train_vi_5s_hubert_mfbe_only
full_length,ENS_representation_hc_train_vi_5s_hc_hubert__mfcc_pitch_mfbe_pitch_mfcc_mfbe__a50,ensemble,representation_hc,train_vi_5s__hubert__mfcc_pitch | train_vi_5s__hubert__mfbe_pitch | train_vi_5s__hubert__mfcc_only | train_vi_5s__hubert__mfbe_only,"0.5000,0.2000,0.1500,0.1500",ensemble,ensemble,ensemble,ensemble,multi,10.096717092966982,0.8287411361005187,9895,0,,Mode3_film_train_vi_5s_hubert_mfcc_pitch | Mode3_film_train_vi_5s_hubert_mfbe_pitch | Mode3_film_train_vi_5s_hubert_mfcc_only | Mode3_film_train_vi_5s_hubert_mfbe_only
full_length,ENS_representation_hc_train_vi_5s_hc_hubert__mfcc_pitch_mfcc_mfbe__eq,ensemble,representation_hc,train_vi_5s__hubert__mfcc_pitch | train_vi_5s__hubert__mfcc_only | train_vi_5s__hubert__mfbe_only,"0.3333,0.3333,0.3333",ensemble,ensemble,ensemble,ensemble,multi,10.096717092966982,0.8512990543381013,9895,0,,Mode3_film_train_vi_5s_hubert_mfcc_pitch | Mode3_film_train_vi_5s_hubert_mfcc_only | Mode3_film_train_vi_5s_hubert_mfbe_only
full_length,ENS_representation_hc_train_vi_5s_hc_wav2vec2__mfcc_pitch_mfbe_pitch_mfcc__a50,ensemble,representation_hc,train_vi_5s__wav2vec2__mfcc_pitch | train_vi_5s__wav2vec2__mfbe_pitch | train_vi_5s__wav2vec2__mfcc_only,"0.5000,0.3000,0.2000",ensemble,ensemble,ensemble,ensemble,multi,10.103429403344213,0.8512990543381013,9895,0,,Mode3_film_train_vi_5s_wav2vec2_mfcc_pitch | Mode3_film_train_vi_5s_wav2vec2_mfbe_pitch | Mode3_film_train_vi_5s_wav2vec2_mfcc_only
full_length,ENS_representation_hc_train_vi_5s_hc_hubert__mfcc_pitch_mfbe_pitch__a70,ensemble,representation_hc,train_vi_5s__hubert__mfcc_pitch | train_vi_5s__hubert__mfbe_pitch,"0.7000,0.3000",ensemble,ensemble,ensemble,ensemble,multi,10.177874029637566,0.8119716662566845,9895,0,,Mode3_film_train_vi_5s_hubert_mfcc_pitch | Mode3_film_train_vi_5s_hubert_mfbe_pitch
full_length,ENS_representation_hc_train_vi_5s_hc_wavlm__mfcc_pitch_mfbe_pitch_mfbe__a50,ensemble,representation_hc,train_vi_5s__wavlm__mfcc_pitch | train_vi_5s__wavlm__mfbe_pitch | train_vi_5s__wavlm__mfbe_only,"0.5000,0.3000,0.2000",ensemble,ensemble,ensemble,ensemble,multi,10.177874029637566,0.8337915596566325,9895,0,,Mode3_film_train_vi_5s_wavlm_mfcc_pitch | Mode3_film_train_vi_5s_wavlm_mfbe_pitch | Mode3_film_train_vi_5s_wavlm_mfbe_only
full_length,ENS_representation_hc_train_vi_5s_hc_hubert__mfcc_pitch_mfbe_pitch_mfcc_mfbe__a45,ensemble,representation_hc,train_vi_5s__hubert__mfcc_pitch | train_vi_5s__hubert__mfbe_pitch | train_vi_5s__hubert__mfcc_only | train_vi_5s__hubert__mfbe_only,"0.4500,0.2500,0.1500,0.1500",ensemble,ensemble,ensemble,ensemble,multi,10.1845863400148,0.8396818727115446,9895,0,,Mode3_film_train_vi_5s_hubert_mfcc_pitch | Mode3_film_train_vi_5s_hubert_mfbe_pitch | Mode3_film_train_vi_5s_hubert_mfcc_only | Mode3_film_train_vi_5s_hubert_mfbe_only
full_length,ENS_representation_hc_train_vi_5s_hc_wav2vec2__mfbe_pitch_mfcc_pitch__a60,ensemble,representation_hc,train_vi_5s__wav2vec2__mfbe_pitch | train_vi_5s__wav2vec2__mfcc_only | train_vi_5s__wav2vec2__pitch_only,"0.6000,0.2500,0.1500",ensemble,ensemble,ensemble,ensemble,multi,10.1845863400148,0.850101266425814,9895,0,,Mode3_film_train_vi_5s_wav2vec2_mfbe_pitch | Mode3_film_train_vi_5s_wav2vec2_mfcc_only | Mode3_film_train_vi_5s_wav2vec2_pitch_only
full_length,ENS_representation_hc_train_vi_5s_hc_wav2vec2__mfbe_pitch_mfcc_mfbe_pitch__a45,ensemble,representation_hc,train_vi_5s__wav2vec2__mfbe_pitch | train_vi_5s__wav2vec2__mfcc_only | train_vi_5s__wav2vec2__mfbe_only | train_vi_5s__wav2vec2__pitch_only,"0.4500,0.2500,0.1500,0.1500",ensemble,ensemble,ensemble,ensemble,multi,10.218452497972862,0.844171601559452,9895,0,,Mode3_film_train_vi_5s_wav2vec2_mfbe_pitch | Mode3_film_train_vi_5s_wav2vec2_mfcc_only | Mode3_film_train_vi_5s_wav2vec2_mfbe_only | Mode3_film_train_vi_5s_wav2vec2_pitch_only
full_length,ENS_representation_hc_train_vi_3s_hc_hubert__mfcc_pitch_mfbe__eq,ensemble,representation_hc,train_vi_3s__hubert__mfcc_pitch | train_vi_3s__hubert__mfbe_only,"0.5000,0.5000",ensemble,ensemble,ensemble,ensemble,multi,10.218452497972862,0.9109957523094906,9895,0,,Mode3_film_train_vi_3s_hubert_mfcc_pitch | Mode3_film_train_vi_3s_hubert_mfbe_only
full_length,ENS_representation_hc_train_vi_5s_hc_wavlm__mfbe_pitch_mfbe_pitch__a60,ensemble,representation_hc,train_vi_5s__wavlm__mfbe_pitch | train_vi_5s__wavlm__mfbe_only | train_vi_5s__wavlm__pitch_only,"0.6000,0.2500,0.1500",ensemble,ensemble,ensemble,ensemble,multi,10.259030966308153,0.8392295189737761,9895,0,,Mode3_film_train_vi_5s_wavlm_mfbe_pitch | Mode3_film_train_vi_5s_wavlm_mfbe_only | Mode3_film_train_vi_5s_wavlm_pitch_only
full_length,ENS_representation_hc_train_vi_5s_hc_wav2vec2__mfcc_pitch_mfbe_pitch_mfcc_mfbe__a50,ensemble,representation_hc,train_vi_5s__wav2vec2__mfcc_pitch | train_vi_5s__wav2vec2__mfbe_pitch | train_vi_5s__wav2vec2__mfcc_only | train_vi_5s__wav2vec2__mfbe_only,"0.5000,0.2000,0.1500,0.1500",ensemble,ensemble,ensemble,ensemble,multi,10.259030966308153,0.8540525285761649,9895,0,,Mode3_film_train_vi_5s_wav2vec2_mfcc_pitch | Mode3_film_train_vi_5s_wav2vec2_mfbe_pitch | Mode3_film_train_vi_5s_wav2vec2_mfcc_only | Mode3_film_train_vi_5s_wav2vec2_mfbe_only
full_length,ENS_representation_hc_train_vi_5s_hc_wav2vec2__mfcc_pitch_mfbe_pitch__a70,ensemble,representation_hc,train_vi_5s__wav2vec2__mfcc_pitch | train_vi_5s__wav2vec2__mfbe_pitch,"0.7000,0.3000",ensemble,ensemble,ensemble,ensemble,multi,10.299609434643447,0.8577755282665114,9895,0,,Mode3_film_train_vi_5s_wav2vec2_mfcc_pitch | Mode3_film_train_vi_5s_wav2vec2_mfbe_pitch
full_length,ENS_representation_hc_train_vi_5s_hc_wav2vec2__mfcc_pitch_mfbe_pitch_mfcc__eq,ensemble,representation_hc,train_vi_5s__wav2vec2__mfcc_pitch | train_vi_5s__wav2vec2__mfbe_pitch | train_vi_5s__wav2vec2__mfcc_only,"0.3333,0.3333,0.3333",ensemble,ensemble,ensemble,ensemble,multi,10.299609434643447,0.8602030465656518,9895,0,,Mode3_film_train_vi_5s_wav2vec2_mfcc_pitch | Mode3_film_train_vi_5s_wav2vec2_mfbe_pitch | Mode3_film_train_vi_5s_wav2vec2_mfcc_only
full_length,ENS_representation_hc_train_vi_3s_hc_hubert__mfcc_pitch_mfbe_pitch_mfcc__a50,ensemble,representation_hc,train_vi_3s__hubert__mfcc_pitch | train_vi_3s__hubert__mfbe_pitch | train_vi_3s__hubert__mfcc_only,"0.5000,0.3000,0.2000",ensemble,ensemble,ensemble,ensemble,multi,10.30632174502068,0.9359885981830998,9895,0,,Mode3_film_train_vi_3s_hubert_mfcc_pitch | Mode3_film_train_vi_3s_hubert_mfbe_pitch | Mode3_film_train_vi_3s_hubert_mfcc_only
full_length,ENS_representation_hc_train_vi_5s_hc_hubert__mfcc_pitch_mfbe_pitch_mfbe__a60,ensemble,representation_hc,train_vi_5s__hubert__mfcc_pitch | train_vi_5s__hubert__mfbe_pitch | train_vi_5s__hubert__mfbe_only,"0.6000,0.2500,0.1500",ensemble,ensemble,ensemble,ensemble,multi,10.340187902978737,0.8322071690109254,9895,0,,Mode3_film_train_vi_5s_hubert_mfcc_pitch | Mode3_film_train_vi_5s_hubert_mfbe_pitch | Mode3_film_train_vi_5s_hubert_mfbe_only
full_length,ENS_representation_hc_train_vi_5s_hc_wavlm__mfcc_pitch_mfbe__a60,ensemble,representation_hc,train_vi_5s__wavlm__mfcc_pitch | train_vi_5s__wavlm__mfbe_only,"0.6000,0.4000",ensemble,ensemble,ensemble,ensemble,multi,10.340187902978737,0.8587121782166165,9895,0,,Mode3_film_train_vi_5s_wavlm_mfcc_pitch | Mode3_film_train_vi_5s_wavlm_mfbe_only
full_length,Mode3_film_train_vi_5s_wav2vec2_mfcc_only,single,single,Mode3_film_train_vi_5s_wav2vec2_mfcc_only,1.0,3,film,mfcc_only,wav2vec2,train_vi_5s,10.340187902978737,0.8761293887560506,9895,0,train_vi_5s__wav2vec2__mfcc_only,
full_length,ENS_representation_hc_train_vi_5s_hc_hubert__mfcc_mfbe__a70,ensemble,representation_hc,train_vi_5s__hubert__mfcc_only | train_vi_5s__hubert__mfbe_only,"0.7000,0.3000",ensemble,ensemble,ensemble,ensemble,multi,10.353612523733203,0.8737305747768388,9895,0,,Mode3_film_train_vi_5s_hubert_mfcc_only | Mode3_film_train_vi_5s_hubert_mfbe_only
full_length,ENS_representation_hc_train_vi_3s_hc_hubert__mfcc_pitch_mfbe_pitch_mfbe__a60,ensemble,representation_hc,train_vi_3s__hubert__mfcc_pitch | train_vi_3s__hubert__mfbe_pitch | train_vi_3s__hubert__mfbe_only,"0.6000,0.2500,0.1500",ensemble,ensemble,ensemble,ensemble,multi,10.353612523733203,0.9412492273708153,9895,0,,Mode3_film_train_vi_3s_hubert_mfcc_pitch | Mode3_film_train_vi_3s_hubert_mfbe_pitch | Mode3_film_train_vi_3s_hubert_mfbe_only
full_length,ENS_representation_hc_train_vi_5s_hc_wav2vec2__mfcc_pitch_mfbe__a70,ensemble,representation_hc,train_vi_5s__wav2vec2__mfcc_pitch | train_vi_5s__wav2vec2__mfbe_only,"0.7000,0.3000",ensemble,ensemble,ensemble,ensemble,multi,10.387478681691267,0.8477969077708797,9895,0,,Mode3_film_train_vi_5s_wav2vec2_mfcc_pitch | Mode3_film_train_vi_5s_wav2vec2_mfbe_only
full_length,ENS_representation_hc_train_vi_3s_hc_hubert__mfcc_pitch_mfbe__a60,ensemble,representation_hc,train_vi_3s__hubert__mfcc_pitch | train_vi_3s__hubert__mfbe_only,"0.6000,0.4000",ensemble,ensemble,ensemble,ensemble,multi,10.387478681691267,0.9294111926211338,9895,0,,Mode3_film_train_vi_3s_hubert_mfcc_pitch | Mode3_film_train_vi_3s_hubert_mfbe_only
full_length,ENS_representation_hc_train_vi_3s_hc_hubert__mfcc_pitch_mfcc__eq,ensemble,representation_hc,train_vi_3s__hubert__mfcc_pitch | train_vi_3s__hubert__mfcc_only,"0.5000,0.5000",ensemble,ensemble,ensemble,ensemble,multi,10.387478681691267,0.9480761903758304,9895,0,,Mode3_film_train_vi_3s_hubert_mfcc_pitch | Mode3_film_train_vi_3s_hubert_mfcc_only
full_length,ENS_representation_hc_train_vi_5s_hc_hubert__mfcc_pitch_mfbe_pitch__a60,ensemble,representation_hc,train_vi_5s__hubert__mfcc_pitch | train_vi_5s__hubert__mfbe_pitch,"0.6000,0.4000",ensemble,ensemble,ensemble,ensemble,multi,10.428057150026557,0.8257922749046195,9895,0,,Mode3_film_train_vi_5s_hubert_mfcc_pitch | Mode3_film_train_vi_5s_hubert_mfbe_pitch
full_length,ENS_representation_hc_train_vi_5s_hc_hubert__mfcc_pitch_mfbe__a60,ensemble,representation_hc,train_vi_5s__hubert__mfcc_pitch | train_vi_5s__hubert__mfbe_only,"0.6000,0.4000",ensemble,ensemble,ensemble,ensemble,multi,10.428057150026557,0.8365015109010017,9895,0,,Mode3_film_train_vi_5s_hubert_mfcc_pitch | Mode3_film_train_vi_5s_hubert_mfbe_only
full_length,ENS_representation_hc_train_vi_5s_hc_wav2vec2__mfcc_pitch_mfbe_pitch_mfcc_mfbe__a45,ensemble,representation_hc,train_vi_5s__wav2vec2__mfcc_pitch | train_vi_5s__wav2vec2__mfbe_pitch | train_vi_5s__wav2vec2__mfcc_only | train_vi_5s__wav2vec2__mfbe_only,"0.4500,0.2500,0.1500,0.1500",ensemble,ensemble,ensemble,ensemble,multi,10.428057150026557,0.8600076596078183,9895,0,,Mode3_film_train_vi_5s_wav2vec2_mfcc_pitch | Mode3_film_train_vi_5s_wav2vec2_mfbe_pitch | Mode3_film_train_vi_5s_wav2vec2_mfcc_only | Mode3_film_train_vi_5s_wav2vec2_mfbe_only
full_length,Mode3_film_train_vi_5s_wavlm_mfcc_only,single,single,Mode3_film_train_vi_5s_wavlm_mfcc_only,1.0,3,film,mfcc_only,wavlm,train_vi_5s,10.468635618361851,0.8825655778454031,9895,0,train_vi_5s__wavlm__mfcc_only,
full_length,ENS_representation_hc_train_vi_5s_hc_wav2vec2__mfbe_pitch_mfcc_mfbe_pitch__a50,ensemble,representation_hc,train_vi_5s__wav2vec2__mfbe_pitch | train_vi_5s__wav2vec2__mfcc_only | train_vi_5s__wav2vec2__mfbe_only | train_vi_5s__wav2vec2__pitch_only,"0.5000,0.2000,0.1500,0.1500",ensemble,ensemble,ensemble,ensemble,multi,10.502501776319914,0.8509082804224346,9895,0,,Mode3_film_train_vi_5s_wav2vec2_mfbe_pitch | Mode3_film_train_vi_5s_wav2vec2_mfcc_only | Mode3_film_train_vi_5s_wav2vec2_mfbe_only | Mode3_film_train_vi_5s_wav2vec2_pitch_only
full_length,ENS_representation_hc_train_vi_5s_hc_wav2vec2__mfcc_pitch_mfbe_pitch__a60,ensemble,representation_hc,train_vi_5s__wav2vec2__mfcc_pitch | train_vi_5s__wav2vec2__mfbe_pitch,"0.6000,0.4000",ensemble,ensemble,ensemble,ensemble,multi,10.509214086697147,0.8647362984072557,9895,0,,Mode3_film_train_vi_5s_wav2vec2_mfcc_pitch | Mode3_film_train_vi_5s_wav2vec2_mfbe_pitch
full_length,ENS_representation_hc_train_vi_5s_hc_wavlm__mfcc_pitch_mfcc_mfbe__eq,ensemble,representation_hc,train_vi_5s__wavlm__mfcc_pitch | train_vi_5s__wavlm__mfcc_only | train_vi_5s__wavlm__mfbe_only,"0.3333,0.3333,0.3333",ensemble,ensemble,ensemble,ensemble,multi,10.509214086697147,0.8747797368796286,9895,0,,Mode3_film_train_vi_5s_wavlm_mfcc_pitch | Mode3_film_train_vi_5s_wavlm_mfcc_only | Mode3_film_train_vi_5s_wavlm_mfbe_only
full_length,ENS_representation_hc_train_vi_5s_hc_hubert__mfbe_pitch_mfbe_pitch__a50,ensemble,representation_hc,train_vi_5s__hubert__mfbe_pitch | train_vi_5s__hubert__mfbe_only | train_vi_5s__hubert__pitch_only,"0.5000,0.3000,0.2000",ensemble,ensemble,ensemble,ensemble,multi,10.549792555032438,0.8596062382006304,9895,0,,Mode3_film_train_vi_5s_hubert_mfbe_pitch | Mode3_film_train_vi_5s_hubert_mfbe_only | Mode3_film_train_vi_5s_hubert_pitch_only
full_length,ENS_representation_ptm_train_vi_3s_ptm_mfbe_pitch__wavlm_hubert__a70,ensemble,representation_ptm,train_vi_3s__wavlm__mfbe_pitch | train_vi_3s__hubert__mfbe_pitch,"0.7000,0.3000",ensemble,ensemble,ensemble,ensemble,multi,10.549792555032438,0.9003045731415158,9895,0,,Mode3_film_train_vi_3s_wavlm_mfbe_pitch | Mode3_film_train_vi_3s_hubert_mfbe_pitch
full_length,ENS_representation_hc_train_vi_3s_hc_hubert__mfcc_pitch_mfcc_mfbe__a60,ensemble,representation_hc,train_vi_3s__hubert__mfcc_pitch | train_vi_3s__hubert__mfcc_only | train_vi_3s__hubert__mfbe_only,"0.6000,0.2500,0.1500",ensemble,ensemble,ensemble,ensemble,multi,10.549792555032438,0.933296703767138,9895,0,,Mode3_film_train_vi_3s_hubert_mfcc_pitch | Mode3_film_train_vi_3s_hubert_mfcc_only | Mode3_film_train_vi_3s_hubert_mfbe_only
full_length,ENS_representation_ptm_train_vi_3s_ptm_mfbe_pitch__wavlm_hubert__a60,ensemble,representation_ptm,train_vi_3s__wavlm__mfbe_pitch | train_vi_3s__hubert__mfbe_pitch,"0.6000,0.4000",ensemble,ensemble,ensemble,ensemble,multi,10.590371023367732,0.899718412268018,9895,0,,Mode3_film_train_vi_3s_wavlm_mfbe_pitch | Mode3_film_train_vi_3s_hubert_mfbe_pitch
full_length,ENS_representation_hc_train_vi_5s_hc_wav2vec2__mfcc_pitch_mfbe_pitch_mfbe__a60,ensemble,representation_hc,train_vi_5s__wav2vec2__mfcc_pitch | train_vi_5s__wav2vec2__mfbe_pitch | train_vi_5s__wav2vec2__mfbe_only,"0.6000,0.2500,0.1500",ensemble,ensemble,ensemble,ensemble,multi,10.62423718132579,0.8623268369365208,9895,0,,Mode3_film_train_vi_5s_wav2vec2_mfcc_pitch | Mode3_film_train_vi_5s_wav2vec2_mfbe_pitch | Mode3_film_train_vi_5s_wav2vec2_mfbe_only
full_length,Mode3_film_train_vi_7s_wavlm_pitch_only,single,single,Mode3_film_train_vi_7s_wavlm_pitch_only,1.0,3,film,pitch_only,wavlm,train_vi_7s,10.630949491703024,0.8245190215240696,9895,0,train_vi_7s__wavlm__pitch_only,
full_length,ENS_representation_hc_train_vi_5s_hc_wav2vec2__mfcc_pitch_mfcc_mfbe__eq,ensemble,representation_hc,train_vi_5s__wav2vec2__mfcc_pitch | train_vi_5s__wav2vec2__mfcc_only | train_vi_5s__wav2vec2__mfbe_only,"0.3333,0.3333,0.3333",ensemble,ensemble,ensemble,ensemble,multi,10.630949491703024,0.868050467353528,9895,0,,Mode3_film_train_vi_5s_wav2vec2_mfcc_pitch | Mode3_film_train_vi_5s_wav2vec2_mfcc_only | Mode3_film_train_vi_5s_wav2vec2_mfbe_only
full_length,ENS_representation_hc_train_vi_5s_hc_hubert__mfcc_mfbe__a60,ensemble,representation_hc,train_vi_5s__hubert__mfcc_only | train_vi_5s__hubert__mfbe_only,"0.6000,0.4000",ensemble,ensemble,ensemble,ensemble,multi,10.664815649661087,0.8905755100889374,9895,0,,Mode3_film_train_vi_5s_hubert_mfcc_only | Mode3_film_train_vi_5s_hubert_mfbe_only
full_length,ENS_representation_ptm_train_vi_3s_ptm_mfbe_pitch__wavlm_hubert__eq,ensemble,representation_ptm,train_vi_3s__wavlm__mfbe_pitch | train_vi_3s__hubert__mfbe_pitch,"0.5000,0.5000",ensemble,ensemble,ensemble,ensemble,multi,10.671527960038318,0.905069325597766,9895,0,,Mode3_film_train_vi_3s_wavlm_mfbe_pitch | Mode3_film_train_vi_3s_hubert_mfbe_pitch
full_length,ENS_representation_hc_train_vi_3s_hc_hubert__mfcc_pitch_mfbe_pitch_mfcc__a60,ensemble,representation_hc,train_vi_3s__hubert__mfcc_pitch | train_vi_3s__hubert__mfbe_pitch | train_vi_3s__hubert__mfcc_only,"0.6000,0.2500,0.1500",ensemble,ensemble,ensemble,ensemble,multi,10.671527960038318,0.949523535731171,9895,0,,Mode3_film_train_vi_3s_hubert_mfcc_pitch | Mode3_film_train_vi_3s_hubert_mfbe_pitch | Mode3_film_train_vi_3s_hubert_mfcc_only
full_length,ENS_representation_hc_train_vi_5s_hc_wavlm__mfcc_pitch_mfbe_pitch_mfcc_mfbe__eq,ensemble,representation_hc,train_vi_5s__wavlm__mfcc_pitch | train_vi_5s__wavlm__mfbe_pitch | train_vi_5s__wavlm__mfcc_only | train_vi_5s__wavlm__mfbe_only,"0.2500,0.2500,0.2500,0.2500",ensemble,ensemble,ensemble,ensemble,multi,10.712106428373607,0.8632273732298131,9895,0,,Mode3_film_train_vi_5s_wavlm_mfcc_pitch | Mode3_film_train_vi_5s_wavlm_mfbe_pitch | Mode3_film_train_vi_5s_wavlm_mfcc_only | Mode3_film_train_vi_5s_wavlm_mfbe_only
full_length,Mode3_film_train_vi_3s_wavlm_mfbe_pitch,single,single,Mode3_film_train_vi_3s_wavlm_mfbe_pitch,1.0,3,film,mfbe_pitch,wavlm,train_vi_3s,10.752684896708905,0.8899967585523235,9895,0,train_vi_3s__wavlm__mfbe_pitch,
full_length,ENS_representation_hc_train_vi_5s_hc_hubert__mfcc_pitch_mfbe_pitch_mfbe__a50,ensemble,representation_hc,train_vi_5s__hubert__mfcc_pitch | train_vi_5s__hubert__mfbe_pitch | train_vi_5s__hubert__mfbe_only,"0.5000,0.3000,0.2000",ensemble,ensemble,ensemble,ensemble,multi,10.7932633650442,0.8480464652139308,9895,0,,Mode3_film_train_vi_5s_hubert_mfcc_pitch | Mode3_film_train_vi_5s_hubert_mfbe_pitch | Mode3_film_train_vi_5s_hubert_mfbe_only
full_length,ENS_representation_hc_train_vi_3s_hc_hubert__mfcc_pitch_mfbe__a70,ensemble,representation_hc,train_vi_3s__hubert__mfcc_pitch | train_vi_3s__hubert__mfbe_only,"0.7000,0.3000",ensemble,ensemble,ensemble,ensemble,multi,10.7932633650442,0.9463144696006972,9895,0,,Mode3_film_train_vi_3s_hubert_mfcc_pitch | Mode3_film_train_vi_3s_hubert_mfbe_only
full_length,ENS_representation_hc_train_vi_3s_hc_hubert__mfcc_pitch_mfcc__a60,ensemble,representation_hc,train_vi_3s__hubert__mfcc_pitch | train_vi_3s__hubert__mfcc_only,"0.6000,0.4000",ensemble,ensemble,ensemble,ensemble,multi,10.7932633650442,0.9533474670550691,9895,0,,Mode3_film_train_vi_3s_hubert_mfcc_pitch | Mode3_film_train_vi_3s_hubert_mfcc_only
full_length,ENS_representation_ptm_train_vi_7s_ptm_pitch_only__wav2vec2_wavlm__eq,ensemble,representation_ptm,train_vi_7s__wav2vec2__pitch_only | train_vi_7s__wavlm__pitch_only,"0.5000,0.5000",ensemble,ensemble,ensemble,ensemble,multi,10.83384183337949,0.8114725513705797,9895,0,,Mode3_film_train_vi_7s_wav2vec2_pitch_only | Mode3_film_train_vi_7s_wavlm_pitch_only
full_length,ENS_representation_hc_train_vi_5s_hc_wavlm__mfbe_pitch_mfcc__eq,ensemble,representation_hc,train_vi_5s__wavlm__mfbe_pitch | train_vi_5s__wavlm__mfcc_only,"0.5000,0.5000",ensemble,ensemble,ensemble,ensemble,multi,10.83384183337949,0.8589872018249591,9895,0,,Mode3_film_train_vi_5s_wavlm_mfbe_pitch | Mode3_film_train_vi_5s_wavlm_mfcc_only
full_length,ENS_representation_hc_train_vi_5s_hc_wav2vec2__mfbe_pitch_mfbe_pitch__a50,ensemble,representation_hc,train_vi_5s__wav2vec2__mfbe_pitch | train_vi_5s__wav2vec2__mfbe_only | train_vi_5s__wav2vec2__pitch_only,"0.5000,0.3000,0.2000",ensemble,ensemble,ensemble,ensemble,multi,10.874420301714785,0.8442151245531487,9895,0,,Mode3_film_train_vi_5s_wav2vec2_mfbe_pitch | Mode3_film_train_vi_5s_wav2vec2_mfbe_only | Mode3_film_train_vi_5s_wav2vec2_pitch_only
full_length,Mode3_film_train_vi_3s_hubert_mfbe_only,single,single,Mode3_film_train_vi_3s_hubert_mfbe_only,1.0,3,film,mfbe_only,hubert,train_vi_3s,10.874420301714785,0.8914621607360695,9895,0,train_vi_3s__hubert__mfbe_only,
full_length,ENS_representation_ptm_train_raw_ptm_mfbe_only__wavlm_hubert__eq,ensemble,representation_ptm,train_raw__wavlm__mfbe_only | train_raw__hubert__mfbe_only,"0.5000,0.5000",ensemble,ensemble,ensemble,ensemble,multi,10.881132612092017,0.9604026925200931,9895,0,,Mode3_film_train_raw_wavlm_mfbe_only | Mode3_film_train_raw_hubert_mfbe_only
full_length,ENS_representation_ptm_train_vi_7s_ptm_pitch_only__wavlm_hubert__a70,ensemble,representation_ptm,train_vi_7s__wavlm__pitch_only | train_vi_7s__hubert__pitch_only,"0.7000,0.3000",ensemble,ensemble,ensemble,ensemble,multi,10.908286459672842,0.8345879261617319,9895,0,,Mode3_film_train_vi_7s_wavlm_pitch_only | Mode3_film_train_vi_7s_hubert_pitch_only
full_length,ENS_representation_hc_train_vi_5s_hc_hubert__mfcc_pitch_mfbe_pitch__eq,ensemble,representation_hc,train_vi_5s__hubert__mfcc_pitch | train_vi_5s__hubert__mfbe_pitch,"0.5000,0.5000",ensemble,ensemble,ensemble,ensemble,multi,10.914998770050076,0.8397105770314731,9895,0,,Mode3_film_train_vi_5s_hubert_mfcc_pitch | Mode3_film_train_vi_5s_hubert_mfbe_pitch
full_length,ENS_representation_hc_train_vi_3s_hc_hubert__mfcc_pitch_mfbe_pitch__eq,ensemble,representation_hc,train_vi_3s__hubert__mfcc_pitch | train_vi_3s__hubert__mfbe_pitch,"0.5000,0.5000",ensemble,ensemble,ensemble,ensemble,multi,10.914998770050076,0.9443425431939648,9895,0,,Mode3_film_train_vi_3s_hubert_mfcc_pitch | Mode3_film_train_vi_3s_hubert_mfbe_pitch
full_length,ENS_representation_hc_train_vi_5s_hc_hubert__mfcc_pitch_mfbe__eq,ensemble,representation_hc,train_vi_5s__hubert__mfcc_pitch | train_vi_5s__hubert__mfbe_only,"0.5000,0.5000",ensemble,ensemble,ensemble,ensemble,multi,10.948864928008138,0.8569430481045994,9895,0,,Mode3_film_train_vi_5s_hubert_mfcc_pitch | Mode3_film_train_vi_5s_hubert_mfbe_only
full_length,ENS_representation_hc_train_vi_5s_hc_wav2vec2__mfcc_pitch_mfbe__a60,ensemble,representation_hc,train_vi_5s__wav2vec2__mfcc_pitch | train_vi_5s__wav2vec2__mfbe_only,"0.6000,0.4000",ensemble,ensemble,ensemble,ensemble,multi,10.95557723838537,0.8634301695245307,9895,0,,Mode3_film_train_vi_5s_wav2vec2_mfcc_pitch | Mode3_film_train_vi_5s_wav2vec2_mfbe_only
full_length,ENS_representation_hc_train_vi_5s_hc_hubert__mfcc_pitch_mfbe_pitch_mfcc_mfbe__eq,ensemble,representation_hc,train_vi_5s__hubert__mfcc_pitch | train_vi_5s__hubert__mfbe_pitch | train_vi_5s__hubert__mfcc_only | train_vi_5s__hubert__mfbe_only,"0.2500,0.2500,0.2500,0.2500",ensemble,ensemble,ensemble,ensemble,multi,10.962289548762604,0.8668091564475441,9895,0,,Mode3_film_train_vi_5s_hubert_mfcc_pitch | Mode3_film_train_vi_5s_hubert_mfbe_pitch | Mode3_film_train_vi_5s_hubert_mfcc_only | Mode3_film_train_vi_5s_hubert_mfbe_only
full_length,ENS_representation_hc_train_vi_7s_hc_wavlm__mfcc_pitch__eq,ensemble,representation_hc,train_vi_7s__wavlm__mfcc_only | train_vi_7s__wavlm__pitch_only,"0.5000,0.5000",ensemble,ensemble,ensemble,ensemble,multi,10.996155706720662,0.8658470403321497,9895,0,,Mode3_film_train_vi_7s_wavlm_mfcc_only | Mode3_film_train_vi_7s_wavlm_pitch_only
full_length,ENS_representation_hc_train_vi_3s_hc_hubert__mfcc_pitch_mfbe_pitch__a60,ensemble,representation_hc,train_vi_3s__hubert__mfcc_pitch | train_vi_3s__hubert__mfbe_pitch,"0.6000,0.4000",ensemble,ensemble,ensemble,ensemble,multi,10.996155706720662,0.9555689509048548,9895,0,,Mode3_film_train_vi_3s_hubert_mfcc_pitch | Mode3_film_train_vi_3s_hubert_mfbe_pitch
full_length,ENS_representation_hc_train_vi_5s_hc_wav2vec2__mfcc_pitch_mfbe_pitch__eq,ensemble,representation_hc,train_vi_5s__wav2vec2__mfcc_pitch | train_vi_5s__wav2vec2__mfbe_pitch,"0.5000,0.5000",ensemble,ensemble,ensemble,ensemble,multi,11.002868017097894,0.8764150598559164,9895,0,,Mode3_film_train_vi_5s_wav2vec2_mfcc_pitch | Mode3_film_train_vi_5s_wav2vec2_mfbe_pitch
full_length,ENS_representation_hc_train_vi_5s_hc_wavlm__mfcc_pitch_mfbe__eq,ensemble,representation_hc,train_vi_5s__wavlm__mfcc_pitch | train_vi_5s__wavlm__mfbe_only,"0.5000,0.5000",ensemble,ensemble,ensemble,ensemble,multi,11.030021864678725,0.8728078104728942,9895,0,,Mode3_film_train_vi_5s_wavlm_mfcc_pitch | Mode3_film_train_vi_5s_wavlm_mfbe_only
full_length,ENS_representation_ptm_train_vi_7s_ptm_pitch_only__wavlm_hubert__a60,ensemble,representation_ptm,train_vi_7s__wavlm__pitch_only | train_vi_7s__hubert__pitch_only,"0.6000,0.4000",ensemble,ensemble,ensemble,ensemble,multi,11.036734175055956,0.8374242752049441,9895,0,,Mode3_film_train_vi_7s_wavlm_pitch_only | Mode3_film_train_vi_7s_hubert_pitch_only
full_length,ENS_representation_ptm_train_vi_7s_ptm_pitch_only__wav2vec2_wavlm__a60,ensemble,representation_ptm,train_vi_7s__wav2vec2__pitch_only | train_vi_7s__wavlm__pitch_only,"0.6000,0.4000",ensemble,ensemble,ensemble,ensemble,multi,11.084024953768479,0.8143524234074887,9895,0,,Mode3_film_train_vi_7s_wav2vec2_pitch_only | Mode3_film_train_vi_7s_wavlm_pitch_only
full_length,ENS_representation_ptm_train_raw_ptm_mfbe_only__wavlm_hubert__a60,ensemble,representation_ptm,train_raw__wavlm__mfbe_only | train_raw__hubert__mfbe_only,"0.6000,0.4000",ensemble,ensemble,ensemble,ensemble,multi,11.11117880134931,0.9537817639644325,9895,0,,Mode3_film_train_raw_wavlm_mfbe_only | Mode3_film_train_raw_hubert_mfbe_only
full_length,ENS_representation_hc_train_vi_5s_hc_wav2vec2__mfcc_pitch_mfbe_pitch_mfbe__a50,ensemble,representation_hc,train_vi_5s__wav2vec2__mfcc_pitch | train_vi_5s__wav2vec2__mfbe_pitch | train_vi_5s__wav2vec2__mfbe_only,"0.5000,0.3000,0.2000",ensemble,ensemble,ensemble,ensemble,multi,11.124603422103775,0.8753191366047908,9895,0,,Mode3_film_train_vi_5s_wav2vec2_mfcc_pitch | Mode3_film_train_vi_5s_wav2vec2_mfbe_pitch | Mode3_film_train_vi_5s_wav2vec2_mfbe_only
full_length,ENS_representation_hc_train_vi_7s_hc_wavlm__mfcc_pitch__a60,ensemble,representation_hc,train_vi_7s__wavlm__mfcc_only | train_vi_7s__wavlm__pitch_only,"0.6000,0.4000",ensemble,ensemble,ensemble,ensemble,multi,11.158469580061839,0.8885207088770544,9895,0,,Mode3_film_train_vi_7s_wavlm_mfcc_only | Mode3_film_train_vi_7s_wavlm_pitch_only
full_length,Mode3_film_train_vi_3s_hubert_mfbe_pitch,single,single,Mode3_film_train_vi_3s_hubert_mfbe_pitch,1.0,3,film,mfbe_pitch,hubert,train_vi_3s,11.158469580061839,0.9235718118968046,9895,0,train_vi_3s__hubert__mfbe_pitch,
full_length,ENS_representation_hc_train_vi_5s_hc_hubert__mfcc_mfbe__eq,ensemble,representation_hc,train_vi_5s__hubert__mfcc_only | train_vi_5s__hubert__mfbe_only,"0.5000,0.5000",ensemble,ensemble,ensemble,ensemble,multi,11.165181890439072,0.9033437184794454,9895,0,,Mode3_film_train_vi_5s_hubert_mfcc_only | Mode3_film_train_vi_5s_hubert_mfbe_only
full_length,ENS_representation_hc_train_vi_5s_hc_wavlm__mfbe_pitch_mfcc__a60,ensemble,representation_hc,train_vi_5s__wavlm__mfbe_pitch | train_vi_5s__wavlm__mfcc_only,"0.6000,0.4000",ensemble,ensemble,ensemble,ensemble,multi,11.199048048397128,0.8607817981022655,9895,0,,Mode3_film_train_vi_5s_wavlm_mfbe_pitch | Mode3_film_train_vi_5s_wavlm_mfcc_only
full_length,ENS_representation_hc_train_vi_5s_hc_wav2vec2__mfcc_mfbe__a70,ensemble,representation_hc,train_vi_5s__wav2vec2__mfcc_only | train_vi_5s__wav2vec2__mfbe_only,"0.7000,0.3000",ensemble,ensemble,ensemble,ensemble,multi,11.199048048397128,0.877044743723111,9895,0,,Mode3_film_train_vi_5s_wav2vec2_mfcc_only | Mode3_film_train_vi_5s_wav2vec2_mfbe_only
full_length,ENS_representation_hc_train_vi_3s_hc_hubert__mfcc_pitch_mfbe_pitch__a70,ensemble,representation_hc,train_vi_3s__hubert__mfcc_pitch | train_vi_3s__hubert__mfbe_pitch,"0.7000,0.3000",ensemble,ensemble,ensemble,ensemble,multi,11.23291420635519,0.9608476369209775,9895,0,,Mode3_film_train_vi_3s_hubert_mfcc_pitch | Mode3_film_train_vi_3s_hubert_mfbe_pitch
full_length,ENS_representation_hc_train_vi_5s_hc_wav2vec2__mfcc_pitch_mfbe_pitch_mfcc_mfbe__eq,ensemble,representation_hc,train_vi_5s__wav2vec2__mfcc_pitch | train_vi_5s__wav2vec2__mfbe_pitch | train_vi_5s__wav2vec2__mfcc_only | train_vi_5s__wav2vec2__mfbe_only,"0.2500,0.2500,0.2500,0.2500",ensemble,ensemble,ensemble,ensemble,multi,11.239626516732423,0.8814006654352893,9895,0,,Mode3_film_train_vi_5s_wav2vec2_mfcc_pitch | Mode3_film_train_vi_5s_wav2vec2_mfbe_pitch | Mode3_film_train_vi_5s_wav2vec2_mfcc_only | Mode3_film_train_vi_5s_wav2vec2_mfbe_only
full_length,ENS_representation_hc_train_vi_5s_hc_hubert__mfbe_pitch_mfcc__eq,ensemble,representation_hc,train_vi_5s__hubert__mfbe_pitch | train_vi_5s__hubert__mfcc_only,"0.5000,0.5000",ensemble,ensemble,ensemble,ensemble,multi,11.253051137486889,0.8716067844059696,9895,0,,Mode3_film_train_vi_5s_hubert_mfbe_pitch | Mode3_film_train_vi_5s_hubert_mfcc_only
full_length,ENS_representation_ptm_train_vi_7s_ptm_pitch_only__wavlm_hubert__eq,ensemble,representation_ptm,train_vi_7s__wavlm__pitch_only | train_vi_7s__hubert__pitch_only,"0.5000,0.5000",ensemble,ensemble,ensemble,ensemble,multi,11.286917295444947,0.8391753484885561,9895,0,,Mode3_film_train_vi_7s_wavlm_pitch_only | Mode3_film_train_vi_7s_hubert_pitch_only
full_length,ENS_representation_hc_train_vi_5s_hc_wavlm__mfcc_mfbe__a70,ensemble,representation_hc,train_vi_5s__wavlm__mfcc_only | train_vi_5s__wavlm__mfbe_only,"0.7000,0.3000",ensemble,ensemble,ensemble,ensemble,multi,11.327495763780242,0.9038608901939573,9895,0,,Mode3_film_train_vi_5s_wavlm_mfcc_only | Mode3_film_train_vi_5s_wavlm_mfbe_only
full_length,ENS_representation_hc_train_vi_3s_hc_hubert__mfcc_pitch_mfcc__a70,ensemble,representation_hc,train_vi_3s__hubert__mfcc_pitch | train_vi_3s__hubert__mfcc_only,"0.7000,0.3000",ensemble,ensemble,ensemble,ensemble,multi,11.327495763780242,0.9649901148469172,9895,0,,Mode3_film_train_vi_3s_hubert_mfcc_pitch | Mode3_film_train_vi_3s_hubert_mfcc_only
full_length,ENS_representation_ptm_train_vi_7s_ptm_pitch_only__wav2vec2_wavlm_hubert__a50,ensemble,representation_ptm,train_vi_7s__wav2vec2__pitch_only | train_vi_7s__wavlm__pitch_only | train_vi_7s__hubert__pitch_only,"0.5000,0.3000,0.2000",ensemble,ensemble,ensemble,ensemble,multi,11.368074232115532,0.8155247451544867,9895,0,,Mode3_film_train_vi_7s_wav2vec2_pitch_only | Mode3_film_train_vi_7s_wavlm_pitch_only | Mode3_film_train_vi_7s_hubert_pitch_only
full_length,ENS_representation_hc_train_vi_5s_hc_wavlm__mfcc_pitch_mfbe_pitch_mfbe__eq,ensemble,representation_hc,train_vi_5s__wavlm__mfcc_pitch | train_vi_5s__wavlm__mfbe_pitch | train_vi_5s__wavlm__mfbe_only,"0.3333,0.3333,0.3333",ensemble,ensemble,ensemble,ensemble,multi,11.401940390073595,0.8614943567746087,9895,0,,Mode3_film_train_vi_5s_wavlm_mfcc_pitch | Mode3_film_train_vi_5s_wavlm_mfbe_pitch | Mode3_film_train_vi_5s_wavlm_mfbe_only
full_length,ENS_representation_hc_train_vi_5s_hc_wavlm__mfbe_pitch_mfcc__a70,ensemble,representation_hc,train_vi_5s__wavlm__mfbe_pitch | train_vi_5s__wavlm__mfcc_only,"0.7000,0.3000",ensemble,ensemble,ensemble,ensemble,multi,11.449231168786122,0.8659627906394718,9895,0,,Mode3_film_train_vi_5s_wavlm_mfbe_pitch | Mode3_film_train_vi_5s_wavlm_mfcc_only
full_length,ENS_representation_ptm_train_raw_ptm_mfbe_only__wavlm_hubert__a70,ensemble,representation_ptm,train_raw__wavlm__mfbe_only | train_raw__hubert__mfbe_only,"0.7000,0.3000",ensemble,ensemble,ensemble,ensemble,multi,11.449231168786122,0.9566796928297489,9895,0,,Mode3_film_train_raw_wavlm_mfbe_only | Mode3_film_train_raw_hubert_mfbe_only
full_length,ENS_representation_hc_train_vi_5s_hc_hubert__mfbe_pitch_mfbe_pitch__a60,ensemble,representation_hc,train_vi_5s__hubert__mfbe_pitch | train_vi_5s__hubert__mfbe_only | train_vi_5s__hubert__pitch_only,"0.6000,0.2500,0.1500",ensemble,ensemble,ensemble,ensemble,multi,11.483097326744181,0.8864733170020574,9895,0,,Mode3_film_train_vi_5s_hubert_mfbe_pitch | Mode3_film_train_vi_5s_hubert_mfbe_only | Mode3_film_train_vi_5s_hubert_pitch_only
full_length,ENS_representation_ptm_train_vi_7s_ptm_pitch_only__wav2vec2_wavlm_hubert__eq,ensemble,representation_ptm,train_vi_7s__wav2vec2__pitch_only | train_vi_7s__wavlm__pitch_only | train_vi_7s__hubert__pitch_only,"0.3333,0.3333,0.3333",ensemble,ensemble,ensemble,ensemble,multi,11.489809637121413,0.8278438379618632,9895,0,,Mode3_film_train_vi_7s_wav2vec2_pitch_only | Mode3_film_train_vi_7s_wavlm_pitch_only | Mode3_film_train_vi_7s_hubert_pitch_only
full_length,ENS_representation_hc_train_vi_7s_hc_wavlm__mfcc_pitch__a70,ensemble,representation_hc,train_vi_7s__wavlm__mfcc_only | train_vi_7s__wavlm__pitch_only,"0.7000,0.3000",ensemble,ensemble,ensemble,ensemble,multi,11.496521947498646,0.901719042994681,9895,0,,Mode3_film_train_vi_7s_wavlm_mfcc_only | Mode3_film_train_vi_7s_wavlm_pitch_only
full_length,ENS_representation_ptm_train_vi_7s_ptm_pitch_only__wav2vec2_wavlm__a70,ensemble,representation_ptm,train_vi_7s__wav2vec2__pitch_only | train_vi_7s__wavlm__pitch_only,"0.7000,0.3000",ensemble,ensemble,ensemble,ensemble,multi,11.564254263414767,0.8098011147374793,9895,0,,Mode3_film_train_vi_7s_wav2vec2_pitch_only | Mode3_film_train_vi_7s_wavlm_pitch_only
full_length,ENS_representation_ptm_train_vi_7s_ptm_pitch_only__wav2vec2_wavlm_hubert__a60,ensemble,representation_ptm,train_vi_7s__wav2vec2__pitch_only | train_vi_7s__wavlm__pitch_only | train_vi_7s__hubert__pitch_only,"0.6000,0.2500,0.1500",ensemble,ensemble,ensemble,ensemble,multi,11.570966573791999,0.8120587122440778,9895,0,,Mode3_film_train_vi_7s_wav2vec2_pitch_only | Mode3_film_train_vi_7s_wavlm_pitch_only | Mode3_film_train_vi_7s_hubert_pitch_only
full_length,ENS_representation_hc_train_vi_5s_hc_wav2vec2__mfcc_pitch_mfbe__eq,ensemble,representation_hc,train_vi_5s__wav2vec2__mfcc_pitch | train_vi_5s__wav2vec2__mfbe_only,"0.5000,0.5000",ensemble,ensemble,ensemble,ensemble,multi,11.570966573791999,0.8782457697900375,9895,0,,Mode3_film_train_vi_5s_wav2vec2_mfcc_pitch | Mode3_film_train_vi_5s_wav2vec2_mfbe_only
full_length,ENS_representation_hc_train_vi_5s_hc_wav2vec2__mfcc_mfbe__a60,ensemble,representation_hc,train_vi_5s__wav2vec2__mfcc_only | train_vi_5s__wav2vec2__mfbe_only,"0.6000,0.4000",ensemble,ensemble,ensemble,ensemble,multi,11.733280447133176,0.8831156250620886,9895,0,,Mode3_film_train_vi_5s_wav2vec2_mfcc_only | Mode3_film_train_vi_5s_wav2vec2_mfbe_only
full_length,ENS_representation_hc_train_vi_5s_hc_wav2vec2__mfbe_pitch_mfbe_pitch__a60,ensemble,representation_hc,train_vi_5s__wav2vec2__mfbe_pitch | train_vi_5s__wav2vec2__mfbe_only | train_vi_5s__wav2vec2__pitch_only,"0.6000,0.2500,0.1500",ensemble,ensemble,ensemble,ensemble,multi,11.739992757510404,0.8745769405849113,9895,0,,Mode3_film_train_vi_5s_wav2vec2_mfbe_pitch | Mode3_film_train_vi_5s_wav2vec2_mfbe_only | Mode3_film_train_vi_5s_wav2vec2_pitch_only
full_length,Mode3_film_train_raw_hubert_mfbe_only,single,single,Mode3_film_train_raw_hubert_mfbe_only,1.0,3,film,mfbe_only,hubert,train_raw,11.773858915468466,0.9862099617272069,9895,0,train_raw__hubert__mfbe_only,
full_length,ENS_representation_hc_train_vi_5s_hc_wav2vec2__mfbe_pitch_mfcc__eq,ensemble,representation_hc,train_vi_5s__wav2vec2__mfbe_pitch | train_vi_5s__wav2vec2__mfcc_only,"0.5000,0.5000",ensemble,ensemble,ensemble,ensemble,multi,11.807725073426528,0.893144244860691,9895,0,,Mode3_film_train_vi_5s_wav2vec2_mfbe_pitch | Mode3_film_train_vi_5s_wav2vec2_mfcc_only
full_length,ENS_representation_hc_train_vi_5s_hc_hubert__mfbe_pitch_mfcc__a60,ensemble,representation_hc,train_vi_5s__hubert__mfbe_pitch | train_vi_5s__hubert__mfcc_only,"0.6000,0.4000",ensemble,ensemble,ensemble,ensemble,multi,11.888882010097115,0.8897546104461542,9895,0,,Mode3_film_train_vi_5s_hubert_mfbe_pitch | Mode3_film_train_vi_5s_hubert_mfcc_only
full_length,ENS_representation_hc_train_vi_5s_hc_wavlm__mfcc_mfbe__a60,ensemble,representation_hc,train_vi_5s__wavlm__mfcc_only | train_vi_5s__wavlm__mfbe_only,"0.6000,0.4000",ensemble,ensemble,ensemble,ensemble,multi,11.895594320474348,0.9122944718553317,9895,0,,Mode3_film_train_vi_5s_wavlm_mfcc_only | Mode3_film_train_vi_5s_wavlm_mfbe_only
full_length,ENS_representation_hc_train_vi_5s_hc_hubert__mfcc_pitch_mfbe_pitch_mfbe__eq,ensemble,representation_hc,train_vi_5s__hubert__mfcc_pitch | train_vi_5s__hubert__mfbe_pitch | train_vi_5s__hubert__mfbe_only,"0.3333,0.3333,0.3333",ensemble,ensemble,ensemble,ensemble,multi,11.983463567522165,0.8807529247396872,9895,0,,Mode3_film_train_vi_5s_hubert_mfcc_pitch | Mode3_film_train_vi_5s_hubert_mfbe_pitch | Mode3_film_train_vi_5s_hubert_mfbe_only
full_length,ENS_representation_hc_train_vi_5s_hc_wavlm__mfbe_pitch_mfcc_mfbe__a60,ensemble,representation_hc,train_vi_5s__wavlm__mfbe_pitch | train_vi_5s__wavlm__mfcc_only | train_vi_5s__wavlm__mfbe_only,"0.6000,0.2500,0.1500",ensemble,ensemble,ensemble,ensemble,multi,12.139065130486104,0.8770118682209377,9895,0,,Mode3_film_train_vi_5s_wavlm_mfbe_pitch | Mode3_film_train_vi_5s_wavlm_mfcc_only | Mode3_film_train_vi_5s_wavlm_mfbe_only
full_length,ENS_representation_hc_train_vi_5s_hc_hubert__mfbe_pitch_mfcc_mfbe__eq,ensemble,representation_hc,train_vi_5s__hubert__mfbe_pitch | train_vi_5s__hubert__mfcc_only | train_vi_5s__hubert__mfbe_only,"0.3333,0.3333,0.3333",ensemble,ensemble,ensemble,ensemble,multi,12.1796435988214,0.9069255016971763,9895,0,,Mode3_film_train_vi_5s_hubert_mfbe_pitch | Mode3_film_train_vi_5s_hubert_mfcc_only | Mode3_film_train_vi_5s_hubert_mfbe_only
full_length,ENS_representation_hc_train_vi_5s_hc_wavlm__mfbe_pitch_mfcc_mfbe__a50,ensemble,representation_hc,train_vi_5s__wavlm__mfbe_pitch | train_vi_5s__wavlm__mfcc_only | train_vi_5s__wavlm__mfbe_only,"0.5000,0.3000,0.2000",ensemble,ensemble,ensemble,ensemble,multi,12.186355909198632,0.8825220548517043,9895,0,,Mode3_film_train_vi_5s_wavlm_mfbe_pitch | Mode3_film_train_vi_5s_wavlm_mfcc_only | Mode3_film_train_vi_5s_wavlm_mfbe_only
full_length,ENS_representation_hc_train_vi_5s_hc_wav2vec2__mfbe_pitch_mfcc__a60,ensemble,representation_hc,train_vi_5s__wav2vec2__mfbe_pitch | train_vi_5s__wav2vec2__mfcc_only,"0.6000,0.4000",ensemble,ensemble,ensemble,ensemble,multi,12.220222067156696,0.9025292951459408,9895,0,,Mode3_film_train_vi_5s_wav2vec2_mfbe_pitch | Mode3_film_train_vi_5s_wav2vec2_mfcc_only
full_length,ENS_representation_hc_train_vi_5s_hc_wav2vec2__mfcc_pitch_mfbe_pitch_mfbe__eq,ensemble,representation_hc,train_vi_5s__wav2vec2__mfcc_pitch | train_vi_5s__wav2vec2__mfbe_pitch | train_vi_5s__wav2vec2__mfbe_only,"0.3333,0.3333,0.3333",ensemble,ensemble,ensemble,ensemble,multi,12.267512845869218,0.8898990650734069,9895,0,,Mode3_film_train_vi_5s_wav2vec2_mfcc_pitch | Mode3_film_train_vi_5s_wav2vec2_mfbe_pitch | Mode3_film_train_vi_5s_wav2vec2_mfbe_only
full_length,ENS_representation_ptm_train_vi_7s_ptm_pitch_only__wav2vec2_hubert__eq,ensemble,representation_ptm,train_vi_7s__wav2vec2__pitch_only | train_vi_7s__hubert__pitch_only,"0.5000,0.5000",ensemble,ensemble,ensemble,ensemble,multi,12.308091314204514,0.8403073853964923,9895,0,,Mode3_film_train_vi_7s_wav2vec2_pitch_only | Mode3_film_train_vi_7s_hubert_pitch_only
full_length,ENS_representation_hc_train_vi_5s_hc_wav2vec2__mfcc_mfbe__eq,ensemble,representation_hc,train_vi_5s__wav2vec2__mfcc_only | train_vi_5s__wav2vec2__mfbe_only,"0.5000,0.5000",ensemble,ensemble,ensemble,ensemble,multi,12.308091314204514,0.8875618309162971,9895,0,,Mode3_film_train_vi_5s_wav2vec2_mfcc_only | Mode3_film_train_vi_5s_wav2vec2_mfbe_only
full_length,ENS_representation_hc_train_vi_5s_hc_hubert__mfbe_pitch_mfcc_mfbe__a50,ensemble,representation_hc,train_vi_5s__hubert__mfbe_pitch | train_vi_5s__hubert__mfcc_only | train_vi_5s__hubert__mfbe_only,"0.5000,0.3000,0.2000",ensemble,ensemble,ensemble,ensemble,multi,12.348669782539803,0.9005976535782658,9895,0,,Mode3_film_train_vi_5s_hubert_mfbe_pitch | Mode3_film_train_vi_5s_hubert_mfcc_only | Mode3_film_train_vi_5s_hubert_mfbe_only
full_length,ENS_representation_ptm_train_vi_7s_ptm_pitch_only__wav2vec2_hubert__a70,ensemble,representation_ptm,train_vi_7s__wav2vec2__pitch_only | train_vi_7s__hubert__pitch_only,"0.7000,0.3000",ensemble,ensemble,ensemble,ensemble,multi,12.3892482508751,0.8239976786273129,9895,0,,Mode3_film_train_vi_7s_wav2vec2_pitch_only | Mode3_film_train_vi_7s_hubert_pitch_only
full_length,ENS_representation_ptm_train_vi_7s_ptm_pitch_only__wav2vec2_hubert__a60,ensemble,representation_ptm,train_vi_7s__wav2vec2__pitch_only | train_vi_7s__hubert__pitch_only,"0.6000,0.4000",ensemble,ensemble,ensemble,ensemble,multi,12.42982671921039,0.8280859860680325,9895,0,,Mode3_film_train_vi_7s_wav2vec2_pitch_only | Mode3_film_train_vi_7s_hubert_pitch_only
full_length,ENS_representation_hc_train_vi_5s_hc_wavlm__mfbe_pitch_mfcc_mfbe__eq,ensemble,representation_hc,train_vi_5s__wavlm__mfbe_pitch | train_vi_5s__wavlm__mfcc_only | train_vi_5s__wavlm__mfbe_only,"0.3333,0.3333,0.3333",ensemble,ensemble,ensemble,ensemble,multi,12.436539029587621,0.895666218484111,9895,0,,Mode3_film_train_vi_5s_wavlm_mfbe_pitch | Mode3_film_train_vi_5s_wavlm_mfcc_only | Mode3_film_train_vi_5s_wavlm_mfbe_only
full_length,Mode3_film_train_vi_7s_wav2vec2_pitch_only,single,single,Mode3_film_train_vi_7s_wav2vec2_pitch_only,1.0,3,film,pitch_only,wav2vec2,train_vi_7s,12.504271345503748,0.8134370684404282,9895,0,train_vi_7s__wav2vec2__pitch_only,
full_length,ENS_representation_hc_train_vi_5s_hc_wavlm__mfcc_mfbe__eq,ensemble,representation_hc,train_vi_5s__wavlm__mfcc_only | train_vi_5s__wavlm__mfbe_only,"0.5000,0.5000",ensemble,ensemble,ensemble,ensemble,multi,12.55156212421627,0.9186584336310571,9895,0,,Mode3_film_train_vi_5s_wavlm_mfcc_only | Mode3_film_train_vi_5s_wavlm_mfbe_only
full_length,ENS_representation_hc_train_vi_5s_hc_hubert__mfbe_pitch_mfcc__a70,ensemble,representation_hc,train_vi_5s__hubert__mfbe_pitch | train_vi_5s__hubert__mfcc_only,"0.7000,0.3000",ensemble,ensemble,ensemble,ensemble,multi,12.632719060886854,0.8987488868157373,9895,0,,Mode3_film_train_vi_5s_hubert_mfbe_pitch | Mode3_film_train_vi_5s_hubert_mfcc_only
full_length,ENS_representation_hc_train_vi_5s_hc_wav2vec2__mfbe_pitch_mfcc_mfbe__eq,ensemble,representation_hc,train_vi_5s__wav2vec2__mfbe_pitch | train_vi_5s__wav2vec2__mfcc_only | train_vi_5s__wav2vec2__mfbe_only,"0.3333,0.3333,0.3333",ensemble,ensemble,ensemble,ensemble,multi,12.754454465892739,0.895134228095833,9895,0,,Mode3_film_train_vi_5s_wav2vec2_mfbe_pitch | Mode3_film_train_vi_5s_wav2vec2_mfcc_only | Mode3_film_train_vi_5s_wav2vec2_mfbe_only
full_length,ENS_representation_hc_train_vi_5s_hc_wav2vec2__mfbe_pitch_mfcc_mfbe__a50,ensemble,representation_hc,train_vi_5s__wav2vec2__mfbe_pitch | train_vi_5s__wav2vec2__mfcc_only | train_vi_5s__wav2vec2__mfbe_only,"0.5000,0.3000,0.2000",ensemble,ensemble,ensemble,ensemble,multi,12.754454465892739,0.9022977945312949,9895,0,,Mode3_film_train_vi_5s_wav2vec2_mfbe_pitch | Mode3_film_train_vi_5s_wav2vec2_mfcc_only | Mode3_film_train_vi_5s_wav2vec2_mfbe_only
full_length,ENS_representation_hc_train_vi_5s_hc_wav2vec2__mfbe_pitch_mfcc__a70,ensemble,representation_hc,train_vi_5s__wav2vec2__mfbe_pitch | train_vi_5s__wav2vec2__mfcc_only,"0.7000,0.3000",ensemble,ensemble,ensemble,ensemble,multi,12.754454465892739,0.9042007317790413,9895,0,,Mode3_film_train_vi_5s_wav2vec2_mfbe_pitch | Mode3_film_train_vi_5s_wav2vec2_mfcc_only
full_length,ENS_representation_hc_train_vi_5s_hc_hubert__mfbe_pitch_mfcc_mfbe__a60,ensemble,representation_hc,train_vi_5s__hubert__mfbe_pitch | train_vi_5s__hubert__mfcc_only | train_vi_5s__hubert__mfbe_only,"0.6000,0.2500,0.1500",ensemble,ensemble,ensemble,ensemble,multi,12.835611402563323,0.9032821386573436,9895,0,,Mode3_film_train_vi_5s_hubert_mfbe_pitch | Mode3_film_train_vi_5s_hubert_mfcc_only | Mode3_film_train_vi_5s_hubert_mfbe_only
full_length,ENS_representation_hc_train_vi_7s_hc_wavlm__mfcc_pitch_mfcc_pitch__eq,ensemble,representation_hc,train_vi_7s__wavlm__mfcc_pitch | train_vi_7s__wavlm__mfcc_only | train_vi_7s__wavlm__pitch_only,"0.3333,0.3333,0.3333",ensemble,ensemble,ensemble,ensemble,multi,12.835611402563323,0.9413214546844406,9895,0,,Mode3_film_train_vi_7s_wavlm_mfcc_pitch | Mode3_film_train_vi_7s_wavlm_mfcc_only | Mode3_film_train_vi_7s_wavlm_pitch_only
full_length,ENS_representation_ptm_train_vi_5s_ptm_mfbe_pitch__wavlm_hubert__a60,ensemble,representation_ptm,train_vi_5s__wavlm__mfbe_pitch | train_vi_5s__hubert__mfbe_pitch,"0.6000,0.4000",ensemble,ensemble,ensemble,ensemble,multi,12.997925275904493,0.8878294451877555,9895,0,,Mode3_film_train_vi_5s_wavlm_mfbe_pitch | Mode3_film_train_vi_5s_hubert_mfbe_pitch
full_length,Mode3_film_train_vi_7s_hubert_pitch_only,single,single,Mode3_film_train_vi_7s_hubert_pitch_only,1.0,3,film,pitch_only,hubert,train_vi_7s,12.997925275904493,0.9166397460759886,9895,0,train_vi_7s__hubert__pitch_only,
full_length,ENS_representation_hc_train_vi_7s_hc_wav2vec2__mfcc_pitch__eq,ensemble,representation_hc,train_vi_7s__wav2vec2__mfcc_only | train_vi_7s__wav2vec2__pitch_only,"0.5000,0.5000",ensemble,ensemble,ensemble,ensemble,multi,13.03850374423979,0.8382525841846113,9895,0,,Mode3_film_train_vi_7s_wav2vec2_mfcc_only | Mode3_film_train_vi_7s_wav2vec2_pitch_only
full_length,ENS_representation_ptm_train_vi_5s_ptm_mfbe_pitch__wavlm_hubert__a70,ensemble,representation_ptm,train_vi_5s__wavlm__mfbe_pitch | train_vi_5s__hubert__mfbe_pitch,"0.7000,0.3000",ensemble,ensemble,ensemble,ensemble,multi,13.03850374423979,0.8789763852907859,9895,0,,Mode3_film_train_vi_5s_wavlm_mfbe_pitch | Mode3_film_train_vi_5s_hubert_mfbe_pitch
full_length,ENS_representation_hc_train_vi_5s_hc_wav2vec2__mfbe_pitch_mfcc_mfbe__a60,ensemble,representation_hc,train_vi_5s__wav2vec2__mfbe_pitch | train_vi_5s__wav2vec2__mfcc_only | train_vi_5s__wav2vec2__mfbe_only,"0.6000,0.2500,0.1500",ensemble,ensemble,ensemble,ensemble,multi,13.045216054617024,0.9074352640748042,9895,0,,Mode3_film_train_vi_5s_wav2vec2_mfbe_pitch | Mode3_film_train_vi_5s_wav2vec2_mfcc_only | Mode3_film_train_vi_5s_wav2vec2_mfbe_only
full_length,Mode3_film_train_vi_3s_hubert_mfcc_pitch,single,single,Mode3_film_train_vi_3s_hubert_mfcc_pitch,1.0,3,film,mfcc_pitch,hubert,train_vi_3s,13.07908221257508,1.0,9895,0,train_vi_3s__hubert__mfcc_pitch,
full_length,Mode3_film_train_vi_5s_wavlm_mfbe_pitch,single,single,Mode3_film_train_vi_5s_wavlm_mfbe_pitch,1.0,3,film,mfbe_pitch,wavlm,train_vi_5s,13.085794522952312,0.8755538753740758,9895,0,train_vi_5s__wavlm__mfbe_pitch,
full_length,ENS_representation_hc_train_vi_7s_hc_wavlm__mfcc_pitch_pitch__eq,ensemble,representation_hc,train_vi_7s__wavlm__mfcc_pitch | train_vi_7s__wavlm__pitch_only,"0.5000,0.5000",ensemble,ensemble,ensemble,ensemble,multi,13.207529927958195,0.9554351437691255,9895,0,,Mode3_film_train_vi_7s_wavlm_mfcc_pitch | Mode3_film_train_vi_7s_wavlm_pitch_only
full_length,Mode3_film_train_raw_wavlm_mfbe_only,single,single,Mode3_film_train_raw_wavlm_mfbe_only,1.0,3,film,mfbe_only,wavlm,train_raw,13.248108396293489,0.9735320374787315,9895,0,train_raw__wavlm__mfbe_only,
full_length,ENS_representation_hc_train_vi_7s_hc_wavlm__mfbe_pitch_mfcc_pitch__eq,ensemble,representation_hc,train_vi_7s__wavlm__mfbe_pitch | train_vi_7s__wavlm__mfcc_only | train_vi_7s__wavlm__pitch_only,"0.3333,0.3333,0.3333",ensemble,ensemble,ensemble,ensemble,multi,13.254820706670717,0.9380508087318647,9895,0,,Mode3_film_train_vi_7s_wavlm_mfbe_pitch | Mode3_film_train_vi_7s_wavlm_mfcc_only | Mode3_film_train_vi_7s_wavlm_pitch_only
full_length,ENS_representation_ptm_train_vi_5s_ptm_mfbe_pitch__wavlm_hubert__eq,ensemble,representation_ptm,train_vi_5s__wavlm__mfbe_pitch | train_vi_5s__hubert__mfbe_pitch,"0.5000,0.5000",ensemble,ensemble,ensemble,ensemble,multi,13.329265332964074,0.8986076703431239,9895,0,,Mode3_film_train_vi_5s_wavlm_mfbe_pitch | Mode3_film_train_vi_5s_hubert_mfbe_pitch
full_length,ENS_representation_hc_train_vi_7s_hc_wavlm__mfcc_mfbe_pitch__eq,ensemble,representation_hc,train_vi_7s__wavlm__mfcc_only | train_vi_7s__wavlm__mfbe_only | train_vi_7s__wavlm__pitch_only,"0.3333,0.3333,0.3333",ensemble,ensemble,ensemble,ensemble,multi,13.369843801299364,0.9386115034400735,9895,0,,Mode3_film_train_vi_7s_wavlm_mfcc_only | Mode3_film_train_vi_7s_wavlm_mfbe_only | Mode3_film_train_vi_7s_wavlm_pitch_only
full_length,ENS_representation_ptm_train_vi_5s_ptm_mfbe_pitch__wav2vec2_wavlm__eq,ensemble,representation_ptm,train_vi_5s__wav2vec2__mfbe_pitch | train_vi_5s__wavlm__mfbe_pitch,"0.5000,0.5000",ensemble,ensemble,ensemble,ensemble,multi,13.410422269634662,0.8967769604090048,9895,0,,Mode3_film_train_vi_5s_wav2vec2_mfbe_pitch | Mode3_film_train_vi_5s_wavlm_mfbe_pitch
full_length,ENS_representation_hc_train_vi_7s_hc_wav2vec2__mfcc_pitch_pitch__eq,ensemble,representation_hc,train_vi_7s__wav2vec2__mfcc_pitch | train_vi_7s__wav2vec2__pitch_only,"0.5000,0.5000",ensemble,ensemble,ensemble,ensemble,multi,13.45100073796995,0.8727716968160815,9895,0,,Mode3_film_train_vi_7s_wav2vec2_mfcc_pitch | Mode3_film_train_vi_7s_wav2vec2_pitch_only
full_length,ENS_representation_ptm_train_vi_5s_ptm_mfbe_pitch__wav2vec2_wavlm__a60,ensemble,representation_ptm,train_vi_5s__wav2vec2__mfbe_pitch | train_vi_5s__wavlm__mfbe_pitch,"0.6000,0.4000",ensemble,ensemble,ensemble,ensemble,multi,13.572736142975833,0.9102248519696827,9895,0,,Mode3_film_train_vi_5s_wav2vec2_mfbe_pitch | Mode3_film_train_vi_5s_wavlm_mfbe_pitch
full_length,ENS_representation_hc_train_vi_7s_hc_wav2vec2__mfcc_pitch__a60,ensemble,representation_hc,train_vi_7s__wav2vec2__mfcc_only | train_vi_7s__wav2vec2__pitch_only,"0.6000,0.4000",ensemble,ensemble,ensemble,ensemble,multi,13.606602300933895,0.8494789918955034,9895,0,,Mode3_film_train_vi_7s_wav2vec2_mfcc_only | Mode3_film_train_vi_7s_wav2vec2_pitch_only
full_length,ENS_representation_hc_train_vi_5s_hc_wavlm__mfbe_pitch_mfbe__a70,ensemble,representation_hc,train_vi_5s__wavlm__mfbe_pitch | train_vi_5s__wavlm__mfbe_only,"0.7000,0.3000",ensemble,ensemble,ensemble,ensemble,multi,13.735050016317002,0.8964945274637781,9895,0,,Mode3_film_train_vi_5s_wavlm_mfbe_pitch | Mode3_film_train_vi_5s_wavlm_mfbe_only
full_length,ENS_representation_ptm_train_vi_5s_ptm_mfbe_pitch__wav2vec2_wavlm_hubert__eq,ensemble,representation_ptm,train_vi_5s__wav2vec2__mfbe_pitch | train_vi_5s__wavlm__mfbe_pitch | train_vi_5s__hubert__mfbe_pitch,"0.3333,0.3333,0.3333",ensemble,ensemble,ensemble,ensemble,multi,13.816206952987594,0.8979418728191169,9895,0,,Mode3_film_train_vi_5s_wav2vec2_mfbe_pitch | Mode3_film_train_vi_5s_wavlm_mfbe_pitch | Mode3_film_train_vi_5s_hubert_mfbe_pitch
full_length,ENS_representation_ptm_train_vi_5s_ptm_mfbe_pitch__wav2vec2_wavlm_hubert__a50,ensemble,representation_ptm,train_vi_5s__wav2vec2__mfbe_pitch | train_vi_5s__wavlm__mfbe_pitch | train_vi_5s__hubert__mfbe_pitch,"0.5000,0.3000,0.2000",ensemble,ensemble,ensemble,ensemble,multi,13.816206952987594,0.8987414774788532,9895,0,,Mode3_film_train_vi_5s_wav2vec2_mfbe_pitch | Mode3_film_train_vi_5s_wavlm_mfbe_pitch | Mode3_film_train_vi_5s_hubert_mfbe_pitch
full_length,ENS_representation_hc_train_vi_7s_hc_hubert__mfcc_pitch__eq,ensemble,representation_hc,train_vi_7s__hubert__mfcc_only | train_vi_7s__hubert__pitch_only,"0.5000,0.5000",ensemble,ensemble,ensemble,ensemble,multi,13.816206952987594,0.968973319471836,9895,0,,Mode3_film_train_vi_7s_hubert_mfcc_only | Mode3_film_train_vi_7s_hubert_pitch_only
full_length,ENS_representation_ptm_train_vi_5s_ptm_mfbe_pitch__wav2vec2_wavlm__a70,ensemble,representation_ptm,train_vi_5s__wav2vec2__mfbe_pitch | train_vi_5s__wavlm__mfbe_pitch,"0.7000,0.3000",ensemble,ensemble,ensemble,ensemble,multi,13.897363889658182,0.9181338525796631,9895,0,,Mode3_film_train_vi_5s_wav2vec2_mfbe_pitch | Mode3_film_train_vi_5s_wavlm_mfbe_pitch
full_length,ENS_representation_hc_train_vi_7s_hc_wav2vec2__mfcc_pitch__a70,ensemble,representation_hc,train_vi_7s__wav2vec2__mfcc_only | train_vi_7s__wav2vec2__pitch_only,"0.7000,0.3000",ensemble,ensemble,ensemble,ensemble,multi,13.985233136705999,0.8624893483921786,9895,0,,Mode3_film_train_vi_7s_wav2vec2_mfcc_only | Mode3_film_train_vi_7s_wav2vec2_pitch_only
full_length,ENS_representation_ptm_train_vi_5s_ptm_mfbe_pitch__wav2vec2_wavlm_hubert__a60,ensemble,representation_ptm,train_vi_5s__wav2vec2__mfbe_pitch | train_vi_5s__wavlm__mfbe_pitch | train_vi_5s__hubert__mfbe_pitch,"0.6000,0.2500,0.1500",ensemble,ensemble,ensemble,ensemble,multi,14.019099294664056,0.9119833345901764,9895,0,,Mode3_film_train_vi_5s_wav2vec2_mfbe_pitch | Mode3_film_train_vi_5s_wavlm_mfbe_pitch | Mode3_film_train_vi_5s_hubert_mfbe_pitch
full_length,ENS_representation_hc_train_vi_7s_hc_wavlm__mfcc_pitch_pitch__a60,ensemble,representation_hc,train_vi_7s__wavlm__mfcc_pitch | train_vi_7s__wavlm__pitch_only,"0.6000,0.4000",ensemble,ensemble,ensemble,ensemble,multi,14.025811605041289,0.9822661089137399,9895,0,,Mode3_film_train_vi_7s_wavlm_mfcc_pitch | Mode3_film_train_vi_7s_wavlm_pitch_only
full_length,ENS_representation_hc_train_vi_5s_hc_wavlm__mfbe_pitch_mfbe__a60,ensemble,representation_hc,train_vi_5s__wavlm__mfbe_pitch | train_vi_5s__wavlm__mfbe_only,"0.6000,0.4000",ensemble,ensemble,ensemble,ensemble,multi,14.03252391541852,0.9032492631551681,9895,0,,Mode3_film_train_vi_5s_wavlm_mfbe_pitch | Mode3_film_train_vi_5s_wavlm_mfbe_only
full_length,ENS_representation_hc_train_vi_7s_hc_wavlm__mfcc_mfbe_pitch__a60,ensemble,representation_hc,train_vi_7s__wavlm__mfcc_only | train_vi_7s__wavlm__mfbe_only | train_vi_7s__wavlm__pitch_only,"0.6000,0.2500,0.1500",ensemble,ensemble,ensemble,ensemble,multi,14.059677762999351,0.9802580688501928,9895,0,,Mode3_film_train_vi_7s_wavlm_mfcc_only | Mode3_film_train_vi_7s_wavlm_mfbe_only | Mode3_film_train_vi_7s_wavlm_pitch_only
full_length,ENS_representation_hc_train_vi_7s_hc_wavlm__mfcc_mfbe_pitch__a50,ensemble,representation_hc,train_vi_7s__wavlm__mfcc_only | train_vi_7s__wavlm__mfbe_only | train_vi_7s__wavlm__pitch_only,"0.5000,0.3000,0.2000",ensemble,ensemble,ensemble,ensemble,multi,14.066390073376583,0.9709452458785706,9895,0,,Mode3_film_train_vi_7s_wavlm_mfcc_only | Mode3_film_train_vi_7s_wavlm_mfbe_only | Mode3_film_train_vi_7s_wavlm_pitch_only
full_length,ENS_representation_hc_train_vi_7s_hc_wav2vec2__mfcc_pitch_pitch__a60,ensemble,representation_hc,train_vi_7s__wav2vec2__mfcc_pitch | train_vi_7s__wav2vec2__pitch_only,"0.6000,0.4000",ensemble,ensemble,ensemble,ensemble,multi,14.113680852089105,0.9102142044781594,9895,0,,Mode3_film_train_vi_7s_wav2vec2_mfcc_pitch | Mode3_film_train_vi_7s_wav2vec2_pitch_only
full_length,ENS_representation_hc_train_vi_7s_hc_wav2vec2__mfcc_pitch_mfcc_pitch__eq,ensemble,representation_hc,train_vi_7s__wav2vec2__mfcc_pitch | train_vi_7s__wav2vec2__mfcc_only | train_vi_7s__wav2vec2__pitch_only,"0.3333,0.3333,0.3333",ensemble,ensemble,ensemble,ensemble,multi,14.188125478382466,0.8814983589142058,9895,0,,Mode3_film_train_vi_7s_wav2vec2_mfcc_pitch | Mode3_film_train_vi_7s_wav2vec2_mfcc_only | Mode3_film_train_vi_7s_wav2vec2_pitch_only
full_length,ENS_representation_hc_train_vi_5s_hc_wavlm__mfbe_pitch_mfbe__eq,ensemble,representation_hc,train_vi_5s__wavlm__mfbe_pitch | train_vi_5s__wavlm__mfbe_only,"0.5000,0.5000",ensemble,ensemble,ensemble,ensemble,multi,14.221991636340526,0.9163318469654704,9895,0,,Mode3_film_train_vi_5s_wavlm_mfbe_pitch | Mode3_film_train_vi_5s_wavlm_mfbe_only
full_length,ENS_representation_hc_train_vi_7s_hc_wavlm__mfbe_pitch_pitch__eq,ensemble,representation_hc,train_vi_7s__wavlm__mfbe_pitch | train_vi_7s__wavlm__pitch_only,"0.5000,0.5000",ensemble,ensemble,ensemble,ensemble,multi,14.228703946717758,0.9564556015519871,9895,0,,Mode3_film_train_vi_7s_wavlm_mfbe_pitch | Mode3_film_train_vi_7s_wavlm_pitch_only
full_length,Mode3_film_train_vi_7s_wavlm_mfcc_only,single,single,Mode3_film_train_vi_7s_wavlm_mfcc_only,1.0,3,film,mfcc_only,wavlm,train_vi_7s,14.303148573011109,0.9859775280849532,9895,0,train_vi_7s__wavlm__mfcc_only,
full_length,ENS_representation_hc_train_vi_7s_hc_wavlm__mfcc_pitch_mfbe_pitch_mfcc_pitch__eq,ensemble,representation_hc,train_vi_7s__wavlm__mfcc_pitch | train_vi_7s__wavlm__mfbe_pitch | train_vi_7s__wavlm__mfcc_only | train_vi_7s__wavlm__pitch_only,"0.2500,0.2500,0.2500,0.2500",ensemble,ensemble,ensemble,ensemble,multi,14.309860883388343,0.9747298253910188,9895,0,,Mode3_film_train_vi_7s_wavlm_mfcc_pitch | Mode3_film_train_vi_7s_wavlm_mfbe_pitch | Mode3_film_train_vi_7s_wavlm_mfcc_only | Mode3_film_train_vi_7s_wavlm_pitch_only
full_length,ENS_representation_hc_train_vi_7s_hc_wavlm__mfcc_pitch_mfcc_mfbe_pitch__eq,ensemble,representation_hc,train_vi_7s__wavlm__mfcc_pitch | train_vi_7s__wavlm__mfcc_only | train_vi_7s__wavlm__mfbe_only | train_vi_7s__wavlm__pitch_only,"0.2500,0.2500,0.2500,0.2500",ensemble,ensemble,ensemble,ensemble,multi,14.350439351723637,0.9824540865346892,9895,0,,Mode3_film_train_vi_7s_wavlm_mfcc_pitch | Mode3_film_train_vi_7s_wavlm_mfcc_only | Mode3_film_train_vi_7s_wavlm_mfbe_only | Mode3_film_train_vi_7s_wavlm_pitch_only
full_length,ENS_representation_hc_train_vi_7s_hc_wavlm__mfbe_pitch__eq,ensemble,representation_hc,train_vi_7s__wavlm__mfbe_only | train_vi_7s__wavlm__pitch_only,"0.5000,0.5000",ensemble,ensemble,ensemble,ensemble,multi,14.431596288394221,0.962048662987904,9895,0,,Mode3_film_train_vi_7s_wavlm_mfbe_only | Mode3_film_train_vi_7s_wavlm_pitch_only
full_length,ENS_representation_hc_train_vi_7s_hc_hubert__mfcc_pitch__a60,ensemble,representation_hc,train_vi_7s__hubert__mfcc_only | train_vi_7s__hubert__pitch_only,"0.6000,0.4000",ensemble,ensemble,ensemble,ensemble,multi,14.431596288394221,0.9922947287123447,9895,0,,Mode3_film_train_vi_7s_hubert_mfcc_only | Mode3_film_train_vi_7s_hubert_pitch_only
full_length,ENS_representation_ptm_train_vi_7s_ptm_mfcc_only__wav2vec2_wavlm__eq,ensemble,representation_ptm,train_vi_7s__wav2vec2__mfcc_only | train_vi_7s__wavlm__mfcc_only,"0.5000,0.5000",ensemble,ensemble,ensemble,ensemble,multi,14.51275322506481,0.9269401513282969,9895,0,,Mode3_film_train_vi_7s_wav2vec2_mfcc_only | Mode3_film_train_vi_7s_wavlm_mfcc_only
full_length,ENS_representation_hc_train_vi_7s_hc_wavlm__mfcc_pitch_mfcc_pitch__a50,ensemble,representation_hc,train_vi_7s__wavlm__mfcc_pitch | train_vi_7s__wavlm__mfcc_only | train_vi_7s__wavlm__pitch_only,"0.5000,0.3000,0.2000",ensemble,ensemble,ensemble,ensemble,multi,14.560044003777337,0.9987892594691601,9895,0,,Mode3_film_train_vi_7s_wavlm_mfcc_pitch | Mode3_film_train_vi_7s_wavlm_mfcc_only | Mode3_film_train_vi_7s_wavlm_pitch_only
full_length,ENS_representation_hc_train_vi_5s_hc_hubert__mfbe_pitch_mfbe__a60,ensemble,representation_hc,train_vi_5s__hubert__mfbe_pitch | train_vi_5s__hubert__mfbe_only,"0.6000,0.4000",ensemble,ensemble,ensemble,ensemble,multi,14.67506709840598,0.9572403875379573,9895,0,,Mode3_film_train_vi_5s_hubert_mfbe_pitch | Mode3_film_train_vi_5s_hubert_mfbe_only
full_length,ENS_representation_ptm_train_vi_5s_ptm_mfbe_pitch__wav2vec2_hubert__eq,ensemble,representation_ptm,train_vi_5s__wav2vec2__mfbe_pitch | train_vi_5s__hubert__mfbe_pitch,"0.5000,0.5000",ensemble,ensemble,ensemble,ensemble,multi,14.75622403507657,0.9254025218309256,9895,0,,Mode3_film_train_vi_5s_wav2vec2_mfbe_pitch | Mode3_film_train_vi_5s_hubert_mfbe_pitch
full_length,ENS_representation_ptm_train_vi_5s_ptm_mfbe_pitch__wav2vec2_hubert__a70,ensemble,representation_ptm,train_vi_5s__wav2vec2__mfbe_pitch | train_vi_5s__hubert__mfbe_pitch,"0.7000,0.3000",ensemble,ensemble,ensemble,ensemble,multi,14.75622403507657,0.931111333574165,9895,0,,Mode3_film_train_vi_5s_wav2vec2_mfbe_pitch | Mode3_film_train_vi_5s_hubert_mfbe_pitch
full_length,Mode3_film_train_vi_5s_hubert_mfbe_pitch,single,single,Mode3_film_train_vi_5s_hubert_mfbe_pitch,1.0,3,film,mfbe_pitch,hubert,train_vi_5s,14.79680250341186,0.9476057798096565,9895,0,train_vi_5s__hubert__mfbe_pitch,
full_length,ENS_representation_hc_train_vi_5s_hc_hubert__mfbe_pitch_mfbe__a70,ensemble,representation_hc,train_vi_5s__hubert__mfbe_pitch | train_vi_5s__hubert__mfbe_only,"0.7000,0.3000",ensemble,ensemble,ensemble,ensemble,multi,14.79680250341186,0.9539049236086385,9895,0,,Mode3_film_train_vi_5s_hubert_mfbe_pitch | Mode3_film_train_vi_5s_hubert_mfbe_only
full_length,ENS_representation_hc_train_vi_5s_hc_hubert__mfbe_pitch_mfbe__eq,ensemble,representation_hc,train_vi_5s__hubert__mfbe_pitch | train_vi_5s__hubert__mfbe_only,"0.5000,0.5000",ensemble,ensemble,ensemble,ensemble,multi,14.79680250341186,0.961035614541927,9895,0,,Mode3_film_train_vi_5s_hubert_mfbe_pitch | Mode3_film_train_vi_5s_hubert_mfbe_only
full_length,Mode3_film_train_vi_5s_hubert_mfbe_only,single,single,Mode3_film_train_vi_5s_hubert_mfbe_only,1.0,3,film,mfbe_only,hubert,train_vi_5s,14.830668661369922,0.9653480132604083,9895,0,train_vi_5s__hubert__mfbe_only,
full_length,ENS_representation_hc_train_vi_7s_hc_wav2vec2__mfcc_mfbe_pitch__eq,ensemble,representation_hc,train_vi_7s__wav2vec2__mfcc_only | train_vi_7s__wav2vec2__mfbe_only | train_vi_7s__wav2vec2__pitch_only,"0.3333,0.3333,0.3333",ensemble,ensemble,ensemble,ensemble,multi,14.837380971747155,0.8676448747640954,9895,0,,Mode3_film_train_vi_7s_wav2vec2_mfcc_only | Mode3_film_train_vi_7s_wav2vec2_mfbe_only | Mode3_film_train_vi_7s_wav2vec2_pitch_only
full_length,ENS_representation_hc_train_vi_7s_hc_wav2vec2__mfcc_pitch_pitch__a70,ensemble,representation_hc,train_vi_7s__wav2vec2__mfcc_pitch | train_vi_7s__wav2vec2__pitch_only,"0.7000,0.3000",ensemble,ensemble,ensemble,ensemble,multi,14.877959440082448,0.9488322720418724,9895,0,,Mode3_film_train_vi_7s_wav2vec2_mfcc_pitch | Mode3_film_train_vi_7s_wav2vec2_pitch_only
full_length,ENS_representation_hc_train_vi_7s_hc_hubert__mfcc_pitch_pitch__eq,ensemble,representation_hc,train_vi_7s__hubert__mfcc_pitch | train_vi_7s__hubert__pitch_only,"0.5000,0.5000",ensemble,ensemble,ensemble,ensemble,multi,14.877959440082448,1.0,9895,0,,Mode3_film_train_vi_7s_hubert_mfcc_pitch | Mode3_film_train_vi_7s_hubert_pitch_only
full_length,ENS_representation_ptm_train_vi_5s_ptm_mfbe_pitch__wav2vec2_hubert__a60,ensemble,representation_ptm,train_vi_5s__wav2vec2__mfbe_pitch | train_vi_5s__hubert__mfbe_pitch,"0.6000,0.4000",ensemble,ensemble,ensemble,ensemble,multi,14.88467175045968,0.9261150805032689,9895,0,,Mode3_film_train_vi_5s_wav2vec2_mfbe_pitch | Mode3_film_train_vi_5s_hubert_mfbe_pitch
full_length,ENS_representation_hc_train_vi_7s_hc_wavlm__mfcc_pitch_pitch__a70,ensemble,representation_hc,train_vi_7s__wavlm__mfcc_pitch | train_vi_7s__wavlm__pitch_only,"0.7000,0.3000",ensemble,ensemble,ensemble,ensemble,multi,14.88467175045968,1.0,9895,0,,Mode3_film_train_vi_7s_wavlm_mfcc_pitch | Mode3_film_train_vi_7s_wavlm_pitch_only
full_length,ENS_representation_hc_train_vi_7s_hc_wav2vec2__mfbe_pitch__eq,ensemble,representation_hc,train_vi_7s__wav2vec2__mfbe_only | train_vi_7s__wav2vec2__pitch_only,"0.5000,0.5000",ensemble,ensemble,ensemble,ensemble,multi,14.925250218794975,0.8725582530298428,9895,0,,Mode3_film_train_vi_7s_wav2vec2_mfbe_only | Mode3_film_train_vi_7s_wav2vec2_pitch_only
full_length,ENS_representation_ptm_train_vi_7s_ptm_mfcc_only__wav2vec2_wavlm__a60,ensemble,representation_ptm,train_vi_7s__wav2vec2__mfcc_only | train_vi_7s__wavlm__mfcc_only,"0.6000,0.4000",ensemble,ensemble,ensemble,ensemble,multi,14.931962529172207,0.9250043385783748,9895,0,,Mode3_film_train_vi_7s_wav2vec2_mfcc_only | Mode3_film_train_vi_7s_wavlm_mfcc_only
full_length,ENS_representation_hc_train_vi_7s_hc_wav2vec2__mfcc_pitch_mfcc_pitch__a50,ensemble,representation_hc,train_vi_7s__wav2vec2__mfcc_pitch | train_vi_7s__wav2vec2__mfcc_only | train_vi_7s__wav2vec2__pitch_only,"0.5000,0.3000,0.2000",ensemble,ensemble,ensemble,ensemble,multi,15.087564092136146,0.9113971737166785,9895,0,,Mode3_film_train_vi_7s_wav2vec2_mfcc_pitch | Mode3_film_train_vi_7s_wav2vec2_mfcc_only | Mode3_film_train_vi_7s_wav2vec2_pitch_only
full_length,ENS_representation_hc_train_vi_5s_hc_wav2vec2__mfbe_pitch_mfbe__a60,ensemble,representation_hc,train_vi_5s__wav2vec2__mfbe_pitch | train_vi_5s__wav2vec2__mfbe_only,"0.6000,0.4000",ensemble,ensemble,ensemble,ensemble,multi,15.121430250094209,0.9325151559358067,9895,0,,Mode3_film_train_vi_5s_wav2vec2_mfbe_pitch | Mode3_film_train_vi_5s_wav2vec2_mfbe_only
full_length,ENS_representation_hc_train_vi_5s_hc_wav2vec2__mfbe_pitch_mfbe__a70,ensemble,representation_hc,train_vi_5s__wav2vec2__mfbe_pitch | train_vi_5s__wav2vec2__mfbe_only,"0.7000,0.3000",ensemble,ensemble,ensemble,ensemble,multi,15.128142560471442,0.9363645534249965,9895,0,,Mode3_film_train_vi_5s_wav2vec2_mfbe_pitch | Mode3_film_train_vi_5s_wav2vec2_mfbe_only
full_length,ENS_representation_hc_train_vi_7s_hc_hubert__mfcc_pitch__a70,ensemble,representation_hc,train_vi_7s__hubert__mfcc_only | train_vi_7s__hubert__pitch_only,"0.7000,0.3000",ensemble,ensemble,ensemble,ensemble,multi,15.128142560471442,1.0,9895,0,,Mode3_film_train_vi_7s_hubert_mfcc_only | Mode3_film_train_vi_7s_hubert_pitch_only
full_length,ENS_representation_ptm_train_vi_7s_ptm_mfcc_only__wavlm_hubert__a70,ensemble,representation_ptm,train_vi_7s__wavlm__mfcc_only | train_vi_7s__hubert__mfcc_only,"0.7000,0.3000",ensemble,ensemble,ensemble,ensemble,multi,15.209299497142027,0.9925081724985835,9895,0,,Mode3_film_train_vi_7s_wavlm_mfcc_only | Mode3_film_train_vi_7s_hubert_mfcc_only
full_length,ENS_representation_ptm_train_vi_7s_ptm_mfcc_only__wav2vec2_wavlm__a70,ensemble,representation_ptm,train_vi_7s__wav2vec2__mfcc_only | train_vi_7s__wavlm__mfcc_only,"0.7000,0.3000",ensemble,ensemble,ensemble,ensemble,multi,15.243165655100086,0.9245880984974189,9895,0,,Mode3_film_train_vi_7s_wav2vec2_mfcc_only | Mode3_film_train_vi_7s_wavlm_mfcc_only
full_length,ENS_representation_hc_train_vi_7s_hc_wav2vec2__mfcc_pitch_mfbe_pitch__eq,ensemble,representation_hc,train_vi_7s__wav2vec2__mfcc_pitch | train_vi_7s__wav2vec2__mfbe_only | train_vi_7s__wav2vec2__pitch_only,"0.3333,0.3333,0.3333",ensemble,ensemble,ensemble,ensemble,multi,15.249877965477317,0.9014514287232224,9895,0,,Mode3_film_train_vi_7s_wav2vec2_mfcc_pitch | Mode3_film_train_vi_7s_wav2vec2_mfbe_only | Mode3_film_train_vi_7s_wav2vec2_pitch_only
full_length,ENS_representation_hc_train_vi_7s_hc_wavlm__mfcc_pitch_mfbe_pitch_pitch__eq,ensemble,representation_hc,train_vi_7s__wavlm__mfcc_pitch | train_vi_7s__wavlm__mfbe_pitch | train_vi_7s__wavlm__pitch_only,"0.3333,0.3333,0.3333",ensemble,ensemble,ensemble,ensemble,multi,15.249877965477317,0.9921141604282796,9895,0,,Mode3_film_train_vi_7s_wavlm_mfcc_pitch | Mode3_film_train_vi_7s_wavlm_mfbe_pitch | Mode3_film_train_vi_7s_wavlm_pitch_only
full_length,Mode3_film_train_vi_5s_wav2vec2_mfbe_pitch,single,single,Mode3_film_train_vi_5s_wav2vec2_mfbe_pitch,1.0,3,film,mfbe_pitch,wav2vec2,train_vi_5s,15.290456433812613,0.9503444353739521,9895,0,train_vi_5s__wav2vec2__mfbe_pitch,
full_length,ENS_representation_ptm_train_vi_5s_ptm_mfbe_only__wavlm_hubert__eq,ensemble,representation_ptm,train_vi_5s__wavlm__mfbe_only | train_vi_5s__hubert__mfbe_only,"0.5000,0.5000",ensemble,ensemble,ensemble,ensemble,multi,15.290456433812613,0.9507713229464313,9895,0,,Mode3_film_train_vi_5s_wavlm_mfbe_only | Mode3_film_train_vi_5s_hubert_mfbe_only
full_length,ENS_representation_hc_train_vi_7s_hc_wavlm__mfbe_pitch_mfcc_mfbe_pitch__eq,ensemble,representation_hc,train_vi_7s__wavlm__mfbe_pitch | train_vi_7s__wavlm__mfcc_only | train_vi_7s__wavlm__mfbe_only | train_vi_7s__wavlm__pitch_only,"0.2500,0.2500,0.2500,0.2500",ensemble,ensemble,ensemble,ensemble,multi,15.290456433812613,0.9799395222481535,9895,0,,Mode3_film_train_vi_7s_wavlm_mfbe_pitch | Mode3_film_train_vi_7s_wavlm_mfcc_only | Mode3_film_train_vi_7s_wavlm_mfbe_only | Mode3_film_train_vi_7s_wavlm_pitch_only
full_length,ENS_representation_hc_train_vi_7s_hc_wav2vec2__mfcc_pitch_mfcc_mfbe_pitch__eq,ensemble,representation_hc,train_vi_7s__wav2vec2__mfcc_pitch | train_vi_7s__wav2vec2__mfcc_only | train_vi_7s__wav2vec2__mfbe_only | train_vi_7s__wav2vec2__pitch_only,"0.2500,0.2500,0.2500,0.2500",ensemble,ensemble,ensemble,ensemble,multi,15.324322591770677,0.9018528501304103,9895,0,,Mode3_film_train_vi_7s_wav2vec2_mfcc_pitch | Mode3_film_train_vi_7s_wav2vec2_mfcc_only | Mode3_film_train_vi_7s_wav2vec2_mfbe_only | Mode3_film_train_vi_7s_wav2vec2_pitch_only
full_length,ENS_representation_hc_train_vi_5s_hc_wav2vec2__mfbe_pitch_mfbe__eq,ensemble,representation_hc,train_vi_5s__wav2vec2__mfbe_pitch | train_vi_5s__wav2vec2__mfbe_only,"0.5000,0.5000",ensemble,ensemble,ensemble,ensemble,multi,15.324322591770677,0.9254312261508543,9895,0,,Mode3_film_train_vi_5s_wav2vec2_mfbe_pitch | Mode3_film_train_vi_5s_wav2vec2_mfbe_only
full_length,ENS_representation_hc_train_vi_7s_hc_wavlm__mfcc_pitch_mfbe_pitch__eq,ensemble,representation_hc,train_vi_7s__wavlm__mfcc_pitch | train_vi_7s__wavlm__mfbe_only | train_vi_7s__wavlm__pitch_only,"0.3333,0.3333,0.3333",ensemble,ensemble,ensemble,ensemble,multi,15.331034902147906,0.9899903700574103,9895,0,,Mode3_film_train_vi_7s_wavlm_mfcc_pitch | Mode3_film_train_vi_7s_wavlm_mfbe_only | Mode3_film_train_vi_7s_wavlm_pitch_only
full_length,ENS_representation_hc_train_vi_7s_hc_wav2vec2__mfcc_pitch_mfcc_pitch__a60,ensemble,representation_hc,train_vi_7s__wav2vec2__mfcc_pitch | train_vi_7s__wav2vec2__mfcc_only | train_vi_7s__wav2vec2__pitch_only,"0.6000,0.2500,0.1500",ensemble,ensemble,ensemble,ensemble,multi,15.337747212525137,0.9354385509664145,9895,0,,Mode3_film_train_vi_7s_wav2vec2_mfcc_pitch | Mode3_film_train_vi_7s_wav2vec2_mfcc_only | Mode3_film_train_vi_7s_wav2vec2_pitch_only
full_length,ENS_representation_hc_train_vi_7s_hc_wavlm__mfbe_pitch_pitch__a60,ensemble,representation_hc,train_vi_7s__wavlm__mfbe_pitch | train_vi_7s__wavlm__pitch_only,"0.6000,0.4000",ensemble,ensemble,ensemble,ensemble,multi,15.405479528441262,0.9813072309529827,9895,0,,Mode3_film_train_vi_7s_wavlm_mfbe_pitch | Mode3_film_train_vi_7s_wavlm_pitch_only
full_length,ENS_representation_ptm_train_vi_7s_ptm_mfcc_only__wav2vec2_wavlm_hubert__a50,ensemble,representation_ptm,train_vi_7s__wav2vec2__mfcc_only | train_vi_7s__wavlm__mfcc_only | train_vi_7s__hubert__mfcc_only,"0.5000,0.3000,0.2000",ensemble,ensemble,ensemble,ensemble,multi,15.452770307153784,0.9443638381770094,9895,0,,Mode3_film_train_vi_7s_wav2vec2_mfcc_only | Mode3_film_train_vi_7s_wavlm_mfcc_only | Mode3_film_train_vi_7s_hubert_mfcc_only
full_length,ENS_representation_ptm_train_vi_5s_ptm_mfbe_only__wavlm_hubert__a60,ensemble,representation_ptm,train_vi_5s__wavlm__mfbe_only | train_vi_5s__hubert__mfbe_only,"0.6000,0.4000",ensemble,ensemble,ensemble,ensemble,multi,15.452770307153784,0.9482461111683744,9895,0,,Mode3_film_train_vi_5s_wavlm_mfbe_only | Mode3_film_train_vi_5s_hubert_mfbe_only
full_length,ENS_representation_hc_train_vi_7s_hc_wav2vec2__mfcc_mfbe_pitch__a50,ensemble,representation_hc,train_vi_7s__wav2vec2__mfcc_only | train_vi_7s__wav2vec2__mfbe_only | train_vi_7s__wav2vec2__pitch_only,"0.5000,0.3000,0.2000",ensemble,ensemble,ensemble,ensemble,multi,15.486636465111847,0.8818020868424772,9895,0,,Mode3_film_train_vi_7s_wav2vec2_mfcc_only | Mode3_film_train_vi_7s_wav2vec2_mfbe_only | Mode3_film_train_vi_7s_wav2vec2_pitch_only
full_length,ENS_representation_hc_train_vi_7s_hc_wavlm__mfcc_pitch_mfcc_pitch__a60,ensemble,representation_hc,train_vi_7s__wavlm__mfcc_pitch | train_vi_7s__wavlm__mfcc_only | train_vi_7s__wavlm__pitch_only,"0.6000,0.2500,0.1500",ensemble,ensemble,ensemble,ensemble,multi,15.49334877548908,1.0,9895,0,,Mode3_film_train_vi_7s_wavlm_mfcc_pitch | Mode3_film_train_vi_7s_wavlm_mfcc_only | Mode3_film_train_vi_7s_wavlm_pitch_only
full_length,ENS_representation_hc_train_vi_7s_hc_hubert__mfcc_pitch_mfcc_pitch__eq,ensemble,representation_hc,train_vi_7s__hubert__mfcc_pitch | train_vi_7s__hubert__mfcc_only | train_vi_7s__hubert__pitch_only,"0.3333,0.3333,0.3333",ensemble,ensemble,ensemble,ensemble,multi,15.49334877548908,1.0,9895,0,,Mode3_film_train_vi_7s_hubert_mfcc_pitch | Mode3_film_train_vi_7s_hubert_mfcc_only | Mode3_film_train_vi_7s_hubert_pitch_only
full_length,ENS_representation_hc_train_vi_7s_hc_wav2vec2__mfcc_mfbe_pitch__a60,ensemble,representation_hc,train_vi_7s__wav2vec2__mfcc_only | train_vi_7s__wav2vec2__mfbe_only | train_vi_7s__wav2vec2__pitch_only,"0.6000,0.2500,0.1500",ensemble,ensemble,ensemble,ensemble,multi,15.533927243824369,0.884975039316136,9895,0,,Mode3_film_train_vi_7s_wav2vec2_mfcc_only | Mode3_film_train_vi_7s_wav2vec2_mfbe_only | Mode3_film_train_vi_7s_wav2vec2_pitch_only
full_length,ENS_representation_ptm_train_vi_7s_ptm_mfcc_only__wav2vec2_wavlm_hubert__a60,ensemble,representation_ptm,train_vi_7s__wav2vec2__mfcc_only | train_vi_7s__wavlm__mfcc_only | train_vi_7s__hubert__mfcc_only,"0.6000,0.2500,0.1500",ensemble,ensemble,ensemble,ensemble,multi,15.533927243824369,0.9410177267561693,9895,0,,Mode3_film_train_vi_7s_wav2vec2_mfcc_only | Mode3_film_train_vi_7s_wavlm_mfcc_only | Mode3_film_train_vi_7s_hubert_mfcc_only
full_length,ENS_representation_ptm_train_vi_5s_ptm_mfbe_only__wavlm_hubert__a70,ensemble,representation_ptm,train_vi_5s__wavlm__mfbe_only | train_vi_5s__hubert__mfbe_only,"0.7000,0.3000",ensemble,ensemble,ensemble,ensemble,multi,15.533927243824369,0.945402352788276,9895,0,,Mode3_film_train_vi_5s_wavlm_mfbe_only | Mode3_film_train_vi_5s_hubert_mfbe_only
full_length,ENS_representation_hc_train_vi_7s_hc_wavlm__mfbe_pitch_mfcc_pitch__a50,ensemble,representation_hc,train_vi_7s__wavlm__mfbe_pitch | train_vi_7s__wavlm__mfcc_only | train_vi_7s__wavlm__pitch_only,"0.5000,0.3000,0.2000",ensemble,ensemble,ensemble,ensemble,multi,15.533927243824369,0.9882934672590185,9895,0,,Mode3_film_train_vi_7s_wavlm_mfbe_pitch | Mode3_film_train_vi_7s_wavlm_mfcc_only | Mode3_film_train_vi_7s_wavlm_pitch_only
full_length,ENS_representation_ptm_train_vi_5s_ptm_mfbe_only__wav2vec2_wavlm_hubert__eq,ensemble,representation_ptm,train_vi_5s__wav2vec2__mfbe_only | train_vi_5s__wavlm__mfbe_only | train_vi_5s__hubert__mfbe_only,"0.3333,0.3333,0.3333",ensemble,ensemble,ensemble,ensemble,multi,15.540639554201602,0.9317261987675914,9895,0,,Mode3_film_train_vi_5s_wav2vec2_mfbe_only | Mode3_film_train_vi_5s_wavlm_mfbe_only | Mode3_film_train_vi_5s_hubert_mfbe_only
full_length,ENS_representation_hc_train_vi_7s_hc_wavlm__mfcc_pitch_mfbe_pitch_mfcc_mfbe_pitch__eq,ensemble,representation_hc,train_vi_7s__wavlm__mfcc_pitch | train_vi_7s__wavlm__mfbe_pitch | train_vi_7s__wavlm__mfcc_only | train_vi_7s__wavlm__mfbe_only | train_vi_7s__wavlm__pitch_only,"0.2000,0.2000,0.2000,0.2000,0.2000",ensemble,ensemble,ensemble,ensemble,multi,15.615084180494962,1.0,9895,0,,Mode3_film_train_vi_7s_wavlm_mfcc_pitch | Mode3_film_train_vi_7s_wavlm_mfbe_pitch | Mode3_film_train_vi_7s_wavlm_mfcc_only | Mode3_film_train_vi_7s_wavlm_mfbe_only | Mode3_film_train_vi_7s_wavlm_pitch_only
full_length,ENS_representation_hc_train_vi_7s_hc_hubert__mfcc_pitch_pitch__a60,ensemble,representation_hc,train_vi_7s__hubert__mfcc_pitch | train_vi_7s__hubert__pitch_only,"0.6000,0.4000",ensemble,ensemble,ensemble,ensemble,multi,15.615084180494962,1.0,9895,0,,Mode3_film_train_vi_7s_hubert_mfcc_pitch | Mode3_film_train_vi_7s_hubert_pitch_only
full_length,ENS_representation_ptm_train_vi_7s_ptm_mfcc_only__wav2vec2_wavlm_hubert__eq,ensemble,representation_ptm,train_vi_7s__wav2vec2__mfcc_only | train_vi_7s__wavlm__mfcc_only | train_vi_7s__hubert__mfcc_only,"0.3333,0.3333,0.3333",ensemble,ensemble,ensemble,ensemble,multi,15.655662648830251,0.9698345039536765,9895,0,,Mode3_film_train_vi_7s_wav2vec2_mfcc_only | Mode3_film_train_vi_7s_wavlm_mfcc_only | Mode3_film_train_vi_7s_hubert_mfcc_only
full_length,ENS_representation_ptm_train_vi_7s_ptm_mfcc_only__wavlm_hubert__a60,ensemble,representation_ptm,train_vi_7s__wavlm__mfcc_only | train_vi_7s__hubert__mfcc_only,"0.6000,0.4000",ensemble,ensemble,ensemble,ensemble,multi,15.696241117165549,1.0,9895,0,,Mode3_film_train_vi_7s_wavlm_mfcc_only | Mode3_film_train_vi_7s_hubert_mfcc_only
full_length,ENS_representation_hc_train_vi_7s_hc_wavlm__mfcc_pitch_mfcc_mfbe_pitch__a45,ensemble,representation_hc,train_vi_7s__wavlm__mfcc_pitch | train_vi_7s__wavlm__mfcc_only | train_vi_7s__wavlm__mfbe_only | train_vi_7s__wavlm__pitch_only,"0.4500,0.2500,0.1500,0.1500",ensemble,ensemble,ensemble,ensemble,multi,15.696241117165549,1.0,9895,0,,Mode3_film_train_vi_7s_wavlm_mfcc_pitch | Mode3_film_train_vi_7s_wavlm_mfcc_only | Mode3_film_train_vi_7s_wavlm_mfbe_only | Mode3_film_train_vi_7s_wavlm_pitch_only
full_length,ENS_representation_hc_train_vi_7s_hc_wav2vec2__mfcc_pitch_mfcc_mfbe_pitch__a45,ensemble,representation_hc,train_vi_7s__wav2vec2__mfcc_pitch | train_vi_7s__wav2vec2__mfcc_only | train_vi_7s__wav2vec2__mfbe_only | train_vi_7s__wav2vec2__pitch_only,"0.4500,0.2500,0.1500,0.1500",ensemble,ensemble,ensemble,ensemble,multi,15.86526730088395,0.9303371950797177,9895,0,,Mode3_film_train_vi_7s_wav2vec2_mfcc_pitch | Mode3_film_train_vi_7s_wav2vec2_mfcc_only | Mode3_film_train_vi_7s_wav2vec2_mfbe_only | Mode3_film_train_vi_7s_wav2vec2_pitch_only
full_length,ENS_representation_hc_train_vi_7s_hc_wavlm__mfbe_pitch__a60,ensemble,representation_hc,train_vi_7s__wavlm__mfbe_only | train_vi_7s__wavlm__pitch_only,"0.6000,0.4000",ensemble,ensemble,ensemble,ensemble,multi,15.86526730088395,0.9874758057708746,9895,0,,Mode3_film_train_vi_7s_wavlm_mfbe_only | Mode3_film_train_vi_7s_wavlm_pitch_only
full_length,ENS_representation_hc_train_vi_7s_hc_wav2vec2__mfcc_pitch_mfcc_mfbe_pitch__a50,ensemble,representation_hc,train_vi_7s__wav2vec2__mfcc_pitch | train_vi_7s__wav2vec2__mfcc_only | train_vi_7s__wav2vec2__mfbe_only | train_vi_7s__wav2vec2__pitch_only,"0.5000,0.2000,0.1500,0.1500",ensemble,ensemble,ensemble,ensemble,multi,15.939711927177303,0.9413575683412531,9895,0,,Mode3_film_train_vi_7s_wav2vec2_mfcc_pitch | Mode3_film_train_vi_7s_wav2vec2_mfcc_only | Mode3_film_train_vi_7s_wav2vec2_mfbe_only | Mode3_film_train_vi_7s_wav2vec2_pitch_only
full_length,ENS_representation_hc_train_vi_7s_hc_wav2vec2__mfbe_pitch__a60,ensemble,representation_hc,train_vi_7s__wav2vec2__mfbe_only | train_vi_7s__wav2vec2__pitch_only,"0.6000,0.4000",ensemble,ensemble,ensemble,ensemble,multi,15.946424237554535,0.9043780619084674,9895,0,,Mode3_film_train_vi_7s_wav2vec2_mfbe_only | Mode3_film_train_vi_7s_wav2vec2_pitch_only
full_length,ENS_representation_ptm_train_vi_5s_ptm_mfbe_only__wav2vec2_wavlm_hubert__a60,ensemble,representation_ptm,train_vi_5s__wav2vec2__mfbe_only | train_vi_5s__wavlm__mfbe_only | train_vi_5s__hubert__mfbe_only,"0.6000,0.2500,0.1500",ensemble,ensemble,ensemble,ensemble,multi,15.946424237554535,0.9161003463508246,9895,0,,Mode3_film_train_vi_5s_wav2vec2_mfbe_only | Mode3_film_train_vi_5s_wavlm_mfbe_only | Mode3_film_train_vi_5s_hubert_mfbe_only
full_length,ENS_representation_ptm_train_vi_5s_ptm_mfbe_only__wav2vec2_hubert__eq,ensemble,representation_ptm,train_vi_5s__wav2vec2__mfbe_only | train_vi_5s__hubert__mfbe_only,"0.5000,0.5000",ensemble,ensemble,ensemble,ensemble,multi,15.946424237554535,0.9325077465989227,9895,0,,Mode3_film_train_vi_5s_wav2vec2_mfbe_only | Mode3_film_train_vi_5s_hubert_mfbe_only
full_length,ENS_representation_ptm_train_vi_5s_ptm_mfbe_only__wav2vec2_wavlm_hubert__a50,ensemble,representation_ptm,train_vi_5s__wav2vec2__mfbe_only | train_vi_5s__wavlm__mfbe_only | train_vi_5s__hubert__mfbe_only,"0.5000,0.3000,0.2000",ensemble,ensemble,ensemble,ensemble,multi,15.987002705889832,0.9261257279947901,9895,0,,Mode3_film_train_vi_5s_wav2vec2_mfbe_only | Mode3_film_train_vi_5s_wavlm_mfbe_only | Mode3_film_train_vi_5s_hubert_mfbe_only
full_length,ENS_representation_hc_train_vi_7s_hc_wavlm__mfcc_pitch_mfcc_mfbe_pitch__a50,ensemble,representation_hc,train_vi_7s__wavlm__mfcc_pitch | train_vi_7s__wavlm__mfcc_only | train_vi_7s__wavlm__mfbe_only | train_vi_7s__wavlm__pitch_only,"0.5000,0.2000,0.1500,0.1500",ensemble,ensemble,ensemble,ensemble,multi,16.027581174225123,1.0,9895,0,,Mode3_film_train_vi_7s_wavlm_mfcc_pitch | Mode3_film_train_vi_7s_wavlm_mfcc_only | Mode3_film_train_vi_7s_wavlm_mfbe_only | Mode3_film_train_vi_7s_wavlm_pitch_only
full_length,ENS_representation_ptm_train_vi_5s_ptm_mfbe_only__wav2vec2_hubert__a70,ensemble,representation_ptm,train_vi_5s__wav2vec2__mfbe_only | train_vi_5s__hubert__mfbe_only,"0.7000,0.3000",ensemble,ensemble,ensemble,ensemble,multi,16.034293484602355,0.9203405177556808,9895,0,,Mode3_film_train_vi_5s_wav2vec2_mfbe_only | Mode3_film_train_vi_5s_hubert_mfbe_only
full_length,ENS_representation_hc_train_vi_7s_hc_wavlm__mfcc_pitch_mfbe_pitch_mfcc_pitch__a50,ensemble,representation_hc,train_vi_7s__wavlm__mfcc_pitch | train_vi_7s__wavlm__mfbe_pitch | train_vi_7s__wavlm__mfcc_only | train_vi_7s__wavlm__pitch_only,"0.5000,0.2000,0.1500,0.1500",ensemble,ensemble,ensemble,ensemble,multi,16.034293484602355,1.0,9895,0,,Mode3_film_train_vi_7s_wavlm_mfcc_pitch | Mode3_film_train_vi_7s_wavlm_mfbe_pitch | Mode3_film_train_vi_7s_wavlm_mfcc_only | Mode3_film_train_vi_7s_wavlm_pitch_only
full_length,ENS_representation_ptm_train_vi_5s_ptm_mfbe_only__wav2vec2_wavlm__a70,ensemble,representation_ptm,train_vi_5s__wav2vec2__mfbe_only | train_vi_5s__wavlm__mfbe_only,"0.7000,0.3000",ensemble,ensemble,ensemble,ensemble,multi,16.06815964256042,0.911078627114639,9895,0,,Mode3_film_train_vi_5s_wav2vec2_mfbe_only | Mode3_film_train_vi_5s_wavlm_mfbe_only
full_length,ENS_representation_ptm_train_vi_5s_ptm_mfbe_only__wav2vec2_wavlm__eq,ensemble,representation_ptm,train_vi_5s__wav2vec2__mfbe_only | train_vi_5s__wavlm__mfbe_only,"0.5000,0.5000",ensemble,ensemble,ensemble,ensemble,multi,16.06815964256042,0.919530265604421,9895,0,,Mode3_film_train_vi_5s_wav2vec2_mfbe_only | Mode3_film_train_vi_5s_wavlm_mfbe_only
full_length,ENS_representation_ptm_train_vi_5s_ptm_mfbe_only__wav2vec2_hubert__a60,ensemble,representation_ptm,train_vi_5s__wav2vec2__mfbe_only | train_vi_5s__hubert__mfbe_only,"0.6000,0.4000",ensemble,ensemble,ensemble,ensemble,multi,16.06815964256042,0.9292551574747524,9895,0,,Mode3_film_train_vi_5s_wav2vec2_mfbe_only | Mode3_film_train_vi_5s_hubert_mfbe_only
full_length,ENS_representation_hc_train_vi_7s_hc_wav2vec2__mfcc_pitch_mfbe_pitch__a50,ensemble,representation_hc,train_vi_7s__wav2vec2__mfcc_pitch | train_vi_7s__wav2vec2__mfbe_only | train_vi_7s__wav2vec2__pitch_only,"0.5000,0.3000,0.2000",ensemble,ensemble,ensemble,ensemble,multi,16.06815964256042,0.9496499335300163,9895,0,,Mode3_film_train_vi_7s_wav2vec2_mfcc_pitch | Mode3_film_train_vi_7s_wav2vec2_mfbe_only | Mode3_film_train_vi_7s_wav2vec2_pitch_only
full_length,ENS_representation_ptm_train_vi_7s_ptm_mfcc_only__wavlm_hubert__eq,ensemble,representation_ptm,train_vi_7s__wavlm__mfcc_only | train_vi_7s__hubert__mfcc_only,"0.5000,0.5000",ensemble,ensemble,ensemble,ensemble,multi,16.102025800518476,1.0,9895,0,,Mode3_film_train_vi_7s_wavlm_mfcc_only | Mode3_film_train_vi_7s_hubert_mfcc_only
full_length,ENS_representation_hc_train_vi_7s_hc_wavlm__mfcc_pitch_mfbe_pitch_mfcc_pitch__a45,ensemble,representation_hc,train_vi_7s__wavlm__mfcc_pitch | train_vi_7s__wavlm__mfbe_pitch | train_vi_7s__wavlm__mfcc_only | train_vi_7s__wavlm__pitch_only,"0.4500,0.2500,0.1500,0.1500",ensemble,ensemble,ensemble,ensemble,multi,16.102025800518476,1.0,9895,0,,Mode3_film_train_vi_7s_wavlm_mfcc_pitch | Mode3_film_train_vi_7s_wavlm_mfbe_pitch | Mode3_film_train_vi_7s_wavlm_mfcc_only | Mode3_film_train_vi_7s_wavlm_pitch_only
full_length,ENS_representation_ptm_train_vi_5s_ptm_mfbe_only__wav2vec2_wavlm__a60,ensemble,representation_ptm,train_vi_5s__wav2vec2__mfbe_only | train_vi_5s__wavlm__mfbe_only,"0.6000,0.4000",ensemble,ensemble,ensemble,ensemble,multi,16.142604268853773,0.9123231761752604,9895,0,,Mode3_film_train_vi_5s_wav2vec2_mfbe_only | Mode3_film_train_vi_5s_wavlm_mfbe_only
full_length,ENS_representation_hc_train_vi_7s_hc_wavlm__mfbe_pitch_mfbe_pitch__eq,ensemble,representation_hc,train_vi_7s__wavlm__mfbe_pitch | train_vi_7s__wavlm__mfbe_only | train_vi_7s__wavlm__pitch_only,"0.3333,0.3333,0.3333",ensemble,ensemble,ensemble,ensemble,multi,16.149316579231005,0.9997152619277418,9895,0,,Mode3_film_train_vi_7s_wavlm_mfbe_pitch | Mode3_film_train_vi_7s_wavlm_mfbe_only | Mode3_film_train_vi_7s_wavlm_pitch_only
full_length,Mode3_film_train_vi_7s_wav2vec2_mfcc_only,single,single,Mode3_film_train_vi_7s_wav2vec2_mfcc_only,1.0,3,film,mfcc_only,wav2vec2,train_vi_7s,16.189895047566296,0.909309497002622,9895,0,train_vi_7s__wav2vec2__mfcc_only,
full_length,ENS_representation_hc_train_vi_7s_hc_wavlm__mfcc_mfbe__a70,ensemble,representation_hc,train_vi_7s__wavlm__mfcc_only | train_vi_7s__wavlm__mfbe_only,"0.7000,0.3000",ensemble,ensemble,ensemble,ensemble,multi,16.271051984236884,1.0,9895,0,,Mode3_film_train_vi_7s_wavlm_mfcc_only | Mode3_film_train_vi_7s_wavlm_mfbe_only
full_length,ENS_representation_ptm_train_vi_7s_ptm_mfcc_only__wav2vec2_hubert__a70,ensemble,representation_ptm,train_vi_7s__wav2vec2__mfcc_only | train_vi_7s__hubert__mfcc_only,"0.7000,0.3000",ensemble,ensemble,ensemble,ensemble,multi,16.277764294614112,0.9360534161598411,9895,0,,Mode3_film_train_vi_7s_wav2vec2_mfcc_only | Mode3_film_train_vi_7s_hubert_mfcc_only
full_length,Mode3_film_train_vi_5s_wav2vec2_mfbe_only,single,single,Mode3_film_train_vi_5s_wav2vec2_mfbe_only,1.0,3,film,mfbe_only,wav2vec2,train_vi_5s,16.345496610530237,0.912366699168957,9895,0,train_vi_5s__wav2vec2__mfbe_only,
full_length,ENS_representation_hc_train_vi_7s_hc_wav2vec2__mfcc_pitch_mfbe_pitch__a60,ensemble,representation_hc,train_vi_7s__wav2vec2__mfcc_pitch | train_vi_7s__wav2vec2__mfbe_only | train_vi_7s__wav2vec2__pitch_only,"0.6000,0.2500,0.1500",ensemble,ensemble,ensemble,ensemble,multi,16.39278738924276,0.9673815194892449,9895,0,,Mode3_film_train_vi_7s_wav2vec2_mfcc_pitch | Mode3_film_train_vi_7s_wav2vec2_mfbe_only | Mode3_film_train_vi_7s_wav2vec2_pitch_only
full_length,ENS_representation_hc_train_vi_7s_hc_wavlm__mfcc_pitch_mfbe_pitch_pitch__a50,ensemble,representation_hc,train_vi_7s__wavlm__mfcc_pitch | train_vi_7s__wavlm__mfbe_pitch | train_vi_7s__wavlm__pitch_only,"0.5000,0.3000,0.2000",ensemble,ensemble,ensemble,ensemble,multi,16.399499699619994,1.0,9895,0,,Mode3_film_train_vi_7s_wavlm_mfcc_pitch | Mode3_film_train_vi_7s_wavlm_mfbe_pitch | Mode3_film_train_vi_7s_wavlm_pitch_only
full_length,Mode3_film_train_vi_5s_wavlm_mfbe_only,single,single,Mode3_film_train_vi_5s_wavlm_mfbe_only,1.0,3,film,mfbe_only,wavlm,train_vi_5s,16.426653547200825,0.9464769810563574,9895,0,train_vi_5s__wavlm__mfbe_only,
full_length,ENS_representation_hc_train_vi_7s_hc_wav2vec2__mfbe_pitch_mfcc_pitch__eq,ensemble,representation_hc,train_vi_7s__wav2vec2__mfbe_pitch | train_vi_7s__wav2vec2__mfcc_only | train_vi_7s__wav2vec2__pitch_only,"0.3333,0.3333,0.3333",ensemble,ensemble,ensemble,ensemble,multi,16.46723201553612,0.9206951780145328,9895,0,,Mode3_film_train_vi_7s_wav2vec2_mfbe_pitch | Mode3_film_train_vi_7s_wav2vec2_mfcc_only | Mode3_film_train_vi_7s_wav2vec2_pitch_only
full_length,ENS_representation_hc_train_vi_7s_hc_wavlm__mfcc_pitch_mfbe_pitch_mfbe_pitch__eq,ensemble,representation_hc,train_vi_7s__wavlm__mfcc_pitch | train_vi_7s__wavlm__mfbe_pitch | train_vi_7s__wavlm__mfbe_only | train_vi_7s__wavlm__pitch_only,"0.2500,0.2500,0.2500,0.2500",ensemble,ensemble,ensemble,ensemble,multi,16.473944325913347,1.0,9895,0,,Mode3_film_train_vi_7s_wavlm_mfcc_pitch | Mode3_film_train_vi_7s_wavlm_mfbe_pitch | Mode3_film_train_vi_7s_wavlm_mfbe_only | Mode3_film_train_vi_7s_wavlm_pitch_only
full_length,ENS_representation_hc_train_vi_7s_hc_hubert__mfcc_mfbe_pitch__eq,ensemble,representation_hc,train_vi_7s__hubert__mfcc_only | train_vi_7s__hubert__mfbe_only | train_vi_7s__hubert__pitch_only,"0.3333,0.3333,0.3333",ensemble,ensemble,ensemble,ensemble,multi,16.473944325913347,1.0,9895,0,,Mode3_film_train_vi_7s_hubert_mfcc_only | Mode3_film_train_vi_7s_hubert_mfbe_only | Mode3_film_train_vi_7s_hubert_pitch_only
full_length,ENS_representation_hc_train_vi_7s_hc_wavlm__mfbe_pitch_mfcc_pitch__a60,ensemble,representation_hc,train_vi_7s__wavlm__mfbe_pitch | train_vi_7s__wavlm__mfcc_only | train_vi_7s__wavlm__pitch_only,"0.6000,0.2500,0.1500",ensemble,ensemble,ensemble,ensemble,multi,16.50781048387141,1.0,9895,0,,Mode3_film_train_vi_7s_wavlm_mfbe_pitch | Mode3_film_train_vi_7s_wavlm_mfcc_only | Mode3_film_train_vi_7s_wavlm_pitch_only
full_length,ENS_representation_ptm_train_vi_7s_ptm_mfcc_only__wav2vec2_hubert__a60,ensemble,representation_ptm,train_vi_7s__wav2vec2__mfcc_only | train_vi_7s__hubert__mfcc_only,"0.6000,0.4000",ensemble,ensemble,ensemble,ensemble,multi,16.51452279424864,0.9552504043028155,9895,0,,Mode3_film_train_vi_7s_wav2vec2_mfcc_only | Mode3_film_train_vi_7s_hubert_mfcc_only
full_length,ENS_representation_hc_train_vi_7s_hc_hubert__mfbe_pitch__eq,ensemble,representation_hc,train_vi_7s__hubert__mfbe_only | train_vi_7s__hubert__pitch_only,"0.5000,0.5000",ensemble,ensemble,ensemble,ensemble,multi,16.55510126258394,1.0,9895,0,,Mode3_film_train_vi_7s_hubert_mfbe_only | Mode3_film_train_vi_7s_hubert_pitch_only
full_length,ENS_representation_hc_train_vi_7s_hc_hubert__mfcc_pitch_pitch__a70,ensemble,representation_hc,train_vi_7s__hubert__mfcc_pitch | train_vi_7s__hubert__pitch_only,"0.7000,0.3000",ensemble,ensemble,ensemble,ensemble,multi,16.595679730919226,1.0,9895,0,,Mode3_film_train_vi_7s_hubert_mfcc_pitch | Mode3_film_train_vi_7s_hubert_pitch_only
full_length,ENS_representation_hc_train_vi_7s_hc_wavlm__mfbe_pitch_pitch__a70,ensemble,representation_hc,train_vi_7s__wavlm__mfbe_pitch | train_vi_7s__wavlm__pitch_only,"0.7000,0.3000",ensemble,ensemble,ensemble,ensemble,multi,16.60239204129646,1.0,9895,0,,Mode3_film_train_vi_7s_wavlm_mfbe_pitch | Mode3_film_train_vi_7s_wavlm_pitch_only
full_length,ENS_representation_hc_train_vi_7s_hc_hubert__mfbe_pitch_mfcc_pitch__eq,ensemble,representation_hc,train_vi_7s__hubert__mfbe_pitch | train_vi_7s__hubert__mfcc_only | train_vi_7s__hubert__pitch_only,"0.3333,0.3333,0.3333",ensemble,ensemble,ensemble,ensemble,multi,16.60239204129646,1.0,9895,0,,Mode3_film_train_vi_7s_hubert_mfbe_pitch | Mode3_film_train_vi_7s_hubert_mfcc_only | Mode3_film_train_vi_7s_hubert_pitch_only
full_length,ENS_representation_hc_train_vi_7s_hc_wav2vec2__mfcc_pitch_mfbe_pitch_mfcc_pitch__eq,ensemble,representation_hc,train_vi_7s__wav2vec2__mfcc_pitch | train_vi_7s__wav2vec2__mfbe_pitch | train_vi_7s__wav2vec2__mfcc_only | train_vi_7s__wav2vec2__pitch_only,"0.2500,0.2500,0.2500,0.2500",ensemble,ensemble,ensemble,ensemble,multi,16.62954588887729,0.9473923360234157,9895,0,,Mode3_film_train_vi_7s_wav2vec2_mfcc_pitch | Mode3_film_train_vi_7s_wav2vec2_mfbe_pitch | Mode3_film_train_vi_7s_wav2vec2_mfcc_only | Mode3_film_train_vi_7s_wav2vec2_pitch_only
full_length,ENS_representation_hc_train_vi_7s_hc_wavlm__mfbe_pitch_mfcc_mfbe_pitch__a45,ensemble,representation_hc,train_vi_7s__wavlm__mfbe_pitch | train_vi_7s__wavlm__mfcc_only | train_vi_7s__wavlm__mfbe_only | train_vi_7s__wavlm__pitch_only,"0.4500,0.2500,0.1500,0.1500",ensemble,ensemble,ensemble,ensemble,multi,16.636258199254524,1.0,9895,0,,Mode3_film_train_vi_7s_wavlm_mfbe_pitch | Mode3_film_train_vi_7s_wavlm_mfcc_only | Mode3_film_train_vi_7s_wavlm_mfbe_only | Mode3_film_train_vi_7s_wavlm_pitch_only
full_length,ENS_representation_hc_train_vi_7s_hc_wavlm__mfcc_pitch_mfcc__eq,ensemble,representation_hc,train_vi_7s__wavlm__mfcc_pitch | train_vi_7s__wavlm__mfcc_only,"0.5000,0.5000",ensemble,ensemble,ensemble,ensemble,multi,16.642970509631756,1.0,9895,0,,Mode3_film_train_vi_7s_wavlm_mfcc_pitch | Mode3_film_train_vi_7s_wavlm_mfcc_only
full_length,ENS_representation_hc_train_vi_7s_hc_wav2vec2__mfcc_pitch_mfcc__eq,ensemble,representation_hc,train_vi_7s__wav2vec2__mfcc_pitch | train_vi_7s__wav2vec2__mfcc_only,"0.5000,0.5000",ensemble,ensemble,ensemble,ensemble,multi,16.683548977967043,0.953275239741444,9895,0,,Mode3_film_train_vi_7s_wav2vec2_mfcc_pitch | Mode3_film_train_vi_7s_wav2vec2_mfcc_only
full_length,ENS_representation_ptm_train_vi_7s_ptm_mfcc_only__wav2vec2_hubert__eq,ensemble,representation_ptm,train_vi_7s__wav2vec2__mfcc_only | train_vi_7s__hubert__mfcc_only,"0.5000,0.5000",ensemble,ensemble,ensemble,ensemble,multi,16.683548977967043,0.9829893150776043,9895,0,,Mode3_film_train_vi_7s_wav2vec2_mfcc_only | Mode3_film_train_vi_7s_hubert_mfcc_only
full_length,ENS_representation_hc_train_vi_7s_hc_hubert__mfbe_pitch_pitch__eq,ensemble,representation_hc,train_vi_7s__hubert__mfbe_pitch | train_vi_7s__hubert__pitch_only,"0.5000,0.5000",ensemble,ensemble,ensemble,ensemble,multi,16.771418225014862,1.0,9895,0,,Mode3_film_train_vi_7s_hubert_mfbe_pitch | Mode3_film_train_vi_7s_hubert_pitch_only
full_length,ENS_representation_hc_train_vi_7s_hc_wav2vec2__mfbe_pitch__a70,ensemble,representation_hc,train_vi_7s__wav2vec2__mfbe_only | train_vi_7s__wav2vec2__pitch_only,"0.7000,0.3000",ensemble,ensemble,ensemble,ensemble,multi,16.80528438297293,0.9323558826347861,9895,0,,Mode3_film_train_vi_7s_wav2vec2_mfbe_only | Mode3_film_train_vi_7s_wav2vec2_pitch_only
full_length,ENS_representation_hc_train_vi_7s_hc_wav2vec2__mfcc_pitch_mfcc__a60,ensemble,representation_hc,train_vi_7s__wav2vec2__mfcc_pitch | train_vi_7s__wav2vec2__mfcc_only,"0.6000,0.4000",ensemble,ensemble,ensemble,ensemble,multi,16.84586285130822,0.973850584080771,9895,0,,Mode3_film_train_vi_7s_wav2vec2_mfcc_pitch | Mode3_film_train_vi_7s_wav2vec2_mfcc_only
full_length,ENS_representation_hc_train_vi_7s_hc_wavlm__mfcc_pitch_mfbe_pitch_mfcc_mfbe_pitch__a45,ensemble,representation_hc,train_vi_7s__wavlm__mfcc_pitch | train_vi_7s__wavlm__mfbe_pitch | train_vi_7s__wavlm__mfcc_only | train_vi_7s__wavlm__mfbe_only | train_vi_7s__wavlm__pitch_only,"0.4500,0.2000,0.1500,0.1000,0.1000",ensemble,ensemble,ensemble,ensemble,multi,16.84586285130822,1.0,9895,0,,Mode3_film_train_vi_7s_wavlm_mfcc_pitch | Mode3_film_train_vi_7s_wavlm_mfbe_pitch | Mode3_film_train_vi_7s_wavlm_mfcc_only | Mode3_film_train_vi_7s_wavlm_mfbe_only | Mode3_film_train_vi_7s_wavlm_pitch_only
full_length,ENS_representation_hc_train_vi_7s_hc_hubert__mfcc_pitch_mfcc_pitch__a50,ensemble,representation_hc,train_vi_7s__hubert__mfcc_pitch | train_vi_7s__hubert__mfcc_only | train_vi_7s__hubert__pitch_only,"0.5000,0.3000,0.2000",ensemble,ensemble,ensemble,ensemble,multi,16.84586285130822,1.0,9895,0,,Mode3_film_train_vi_7s_hubert_mfcc_pitch | Mode3_film_train_vi_7s_hubert_mfcc_only | Mode3_film_train_vi_7s_hubert_pitch_only
full_length,ENS_representation_hc_train_vi_7s_hc_wavlm__mfbe_pitch_mfcc__eq,ensemble,representation_hc,train_vi_7s__wavlm__mfbe_pitch | train_vi_7s__wavlm__mfcc_only,"0.5000,0.5000",ensemble,ensemble,ensemble,ensemble,multi,16.886441319643513,1.0,9895,0,,Mode3_film_train_vi_7s_wavlm_mfbe_pitch | Mode3_film_train_vi_7s_wavlm_mfcc_only
full_length,ENS_representation_hc_train_vi_7s_hc_wavlm__mfcc_pitch_mfbe_pitch_pitch__a60,ensemble,representation_hc,train_vi_7s__wavlm__mfcc_pitch | train_vi_7s__wavlm__mfbe_pitch | train_vi_7s__wavlm__pitch_only,"0.6000,0.2500,0.1500",ensemble,ensemble,ensemble,ensemble,multi,16.886441319643513,1.0,9895,0,,Mode3_film_train_vi_7s_wavlm_mfcc_pitch | Mode3_film_train_vi_7s_wavlm_mfbe_pitch | Mode3_film_train_vi_7s_wavlm_pitch_only
full_length,ENS_representation_hc_train_vi_7s_hc_wavlm__mfcc_pitch_mfbe_pitch_mfcc_mfbe_pitch__a40,ensemble,representation_hc,train_vi_7s__wavlm__mfcc_pitch | train_vi_7s__wavlm__mfbe_pitch | train_vi_7s__wavlm__mfcc_only | train_vi_7s__wavlm__mfbe_only | train_vi_7s__wavlm__pitch_only,"0.4000,0.2500,0.1500,0.1000,0.1000",ensemble,ensemble,ensemble,ensemble,multi,16.967598256314098,1.0,9895,0,,Mode3_film_train_vi_7s_wavlm_mfcc_pitch | Mode3_film_train_vi_7s_wavlm_mfbe_pitch | Mode3_film_train_vi_7s_wavlm_mfcc_only | Mode3_film_train_vi_7s_wavlm_mfbe_only | Mode3_film_train_vi_7s_wavlm_pitch_only
full_length,ENS_representation_hc_train_vi_7s_hc_wav2vec2__mfcc_pitch_mfcc__a70,ensemble,representation_hc,train_vi_7s__wav2vec2__mfcc_pitch | train_vi_7s__wav2vec2__mfcc_only,"0.7000,0.3000",ensemble,ensemble,ensemble,ensemble,multi,17.04204288260745,0.9855474023578367,9895,0,,Mode3_film_train_vi_7s_wav2vec2_mfcc_pitch | Mode3_film_train_vi_7s_wav2vec2_mfcc_only
full_length,ENS_representation_hc_train_vi_7s_hc_wav2vec2__mfcc_pitch_mfbe_pitch_pitch__eq,ensemble,representation_hc,train_vi_7s__wav2vec2__mfcc_pitch | train_vi_7s__wav2vec2__mfbe_pitch | train_vi_7s__wav2vec2__pitch_only,"0.3333,0.3333,0.3333",ensemble,ensemble,ensemble,ensemble,multi,17.048755192984682,0.9765424784967327,9895,0,,Mode3_film_train_vi_7s_wav2vec2_mfcc_pitch | Mode3_film_train_vi_7s_wav2vec2_mfbe_pitch | Mode3_film_train_vi_7s_wav2vec2_pitch_only
full_length,ENS_representation_hc_train_vi_7s_hc_wavlm__mfbe_pitch_mfcc_mfbe_pitch__a50,ensemble,representation_hc,train_vi_7s__wavlm__mfbe_pitch | train_vi_7s__wavlm__mfcc_only | train_vi_7s__wavlm__mfbe_only | train_vi_7s__wavlm__pitch_only,"0.5000,0.2000,0.1500,0.1500",ensemble,ensemble,ensemble,ensemble,multi,17.055467503361914,1.0,9895,0,,Mode3_film_train_vi_7s_wavlm_mfbe_pitch | Mode3_film_train_vi_7s_wavlm_mfcc_only | Mode3_film_train_vi_7s_wavlm_mfbe_only | Mode3_film_train_vi_7s_wavlm_pitch_only
full_length,ENS_representation_hc_train_vi_7s_hc_wavlm__mfcc_pitch_mfbe_pitch__a50,ensemble,representation_hc,train_vi_7s__wavlm__mfcc_pitch | train_vi_7s__wavlm__mfbe_only | train_vi_7s__wavlm__pitch_only,"0.5000,0.3000,0.2000",ensemble,ensemble,ensemble,ensemble,multi,17.123199819278042,1.0,9895,0,,Mode3_film_train_vi_7s_wavlm_mfcc_pitch | Mode3_film_train_vi_7s_wavlm_mfbe_only | Mode3_film_train_vi_7s_wavlm_pitch_only
full_length,ENS_representation_hc_train_vi_7s_hc_wavlm__mfcc_pitch_mfcc__a60,ensemble,representation_hc,train_vi_7s__wavlm__mfcc_pitch | train_vi_7s__wavlm__mfcc_only,"0.6000,0.4000",ensemble,ensemble,ensemble,ensemble,multi,17.170490597990568,1.0,9895,0,,Mode3_film_train_vi_7s_wavlm_mfcc_pitch | Mode3_film_train_vi_7s_wavlm_mfcc_only
full_length,ENS_representation_hc_train_vi_7s_hc_wav2vec2__mfcc_mfbe__a70,ensemble,representation_hc,train_vi_7s__wav2vec2__mfcc_only | train_vi_7s__wav2vec2__mfbe_only,"0.7000,0.3000",ensemble,ensemble,ensemble,ensemble,multi,17.211069066325862,0.9255289196297709,9895,0,,Mode3_film_train_vi_7s_wav2vec2_mfcc_only | Mode3_film_train_vi_7s_wav2vec2_mfbe_only
full_length,ENS_representation_hc_train_vi_7s_hc_wav2vec2__mfcc_pitch_mfbe_pitch_mfcc_mfbe_pitch__eq,ensemble,representation_hc,train_vi_7s__wav2vec2__mfcc_pitch | train_vi_7s__wav2vec2__mfbe_pitch | train_vi_7s__wav2vec2__mfcc_only | train_vi_7s__wav2vec2__mfbe_only | train_vi_7s__wav2vec2__pitch_only,"0.2000,0.2000,0.2000,0.2000,0.2000",ensemble,ensemble,ensemble,ensemble,multi,17.211069066325862,0.9588937673426506,9895,0,,Mode3_film_train_vi_7s_wav2vec2_mfcc_pitch | Mode3_film_train_vi_7s_wav2vec2_mfbe_pitch | Mode3_film_train_vi_7s_wav2vec2_mfcc_only | Mode3_film_train_vi_7s_wav2vec2_mfbe_only | Mode3_film_train_vi_7s_wav2vec2_pitch_only
full_length,ENS_representation_hc_train_vi_7s_hc_wavlm__mfcc_pitch_mfbe_pitch_mfbe_pitch__a50,ensemble,representation_hc,train_vi_7s__wavlm__mfcc_pitch | train_vi_7s__wavlm__mfbe_pitch | train_vi_7s__wavlm__mfbe_only | train_vi_7s__wavlm__pitch_only,"0.5000,0.2000,0.1500,0.1500",ensemble,ensemble,ensemble,ensemble,multi,17.211069066325862,1.0,9895,0,,Mode3_film_train_vi_7s_wavlm_mfcc_pitch | Mode3_film_train_vi_7s_wavlm_mfbe_pitch | Mode3_film_train_vi_7s_wavlm_mfbe_only | Mode3_film_train_vi_7s_wavlm_pitch_only
full_length,ENS_representation_hc_train_vi_7s_hc_hubert__mfcc_pitch_mfcc_mfbe_pitch__eq,ensemble,representation_hc,train_vi_7s__hubert__mfcc_pitch | train_vi_7s__hubert__mfcc_only | train_vi_7s__hubert__mfbe_only | train_vi_7s__hubert__pitch_only,"0.2500,0.2500,0.2500,0.2500",ensemble,ensemble,ensemble,ensemble,multi,17.211069066325862,1.0,9895,0,,Mode3_film_train_vi_7s_hubert_mfcc_pitch | Mode3_film_train_vi_7s_hubert_mfcc_only | Mode3_film_train_vi_7s_hubert_mfbe_only | Mode3_film_train_vi_7s_hubert_pitch_only
full_length,ENS_representation_hc_train_vi_7s_hc_wav2vec2__mfcc_pitch_mfcc_mfbe__a50,ensemble,representation_hc,train_vi_7s__wav2vec2__mfcc_pitch | train_vi_7s__wav2vec2__mfcc_only | train_vi_7s__wav2vec2__mfbe_only,"0.5000,0.3000,0.2000",ensemble,ensemble,ensemble,ensemble,multi,17.258359845038385,0.9753446905844454,9895,0,,Mode3_film_train_vi_7s_wav2vec2_mfcc_pitch | Mode3_film_train_vi_7s_wav2vec2_mfcc_only | Mode3_film_train_vi_7s_wav2vec2_mfbe_only
full_length,ENS_representation_hc_train_vi_7s_hc_wav2vec2__mfcc_pitch_mfbe_pitch_mfcc_pitch__a50,ensemble,representation_hc,train_vi_7s__wav2vec2__mfcc_pitch | train_vi_7s__wav2vec2__mfbe_pitch | train_vi_7s__wav2vec2__mfcc_only | train_vi_7s__wav2vec2__pitch_only,"0.5000,0.2000,0.1500,0.1500",ensemble,ensemble,ensemble,ensemble,multi,17.292226002996447,0.9778773116993863,9895,0,,Mode3_film_train_vi_7s_wav2vec2_mfcc_pitch | Mode3_film_train_vi_7s_wav2vec2_mfbe_pitch | Mode3_film_train_vi_7s_wav2vec2_mfcc_only | Mode3_film_train_vi_7s_wav2vec2_pitch_only
full_length,ENS_representation_hc_train_vi_7s_hc_wavlm__mfbe_pitch__a70,ensemble,representation_hc,train_vi_7s__wavlm__mfbe_only | train_vi_7s__wavlm__pitch_only,"0.7000,0.3000",ensemble,ensemble,ensemble,ensemble,multi,17.292226002996447,1.0,9895,0,,Mode3_film_train_vi_7s_wavlm_mfbe_only | Mode3_film_train_vi_7s_wavlm_pitch_only
full_length,ENS_representation_hc_train_vi_7s_hc_wavlm__mfcc_pitch_mfbe_pitch_mfbe_pitch__a45,ensemble,representation_hc,train_vi_7s__wavlm__mfcc_pitch | train_vi_7s__wavlm__mfbe_pitch | train_vi_7s__wavlm__mfbe_only | train_vi_7s__wavlm__pitch_only,"0.4500,0.2500,0.1500,0.1500",ensemble,ensemble,ensemble,ensemble,multi,17.292226002996447,1.0,9895,0,,Mode3_film_train_vi_7s_wavlm_mfcc_pitch | Mode3_film_train_vi_7s_wavlm_mfbe_pitch | Mode3_film_train_vi_7s_wavlm_mfbe_only | Mode3_film_train_vi_7s_wavlm_pitch_only
full_length,ENS_representation_hc_train_vi_7s_hc_wavlm__mfcc_pitch_mfbe_pitch_mfcc__eq,ensemble,representation_hc,train_vi_7s__wavlm__mfcc_pitch | train_vi_7s__wavlm__mfbe_pitch | train_vi_7s__wavlm__mfcc_only,"0.3333,0.3333,0.3333",ensemble,ensemble,ensemble,ensemble,multi,17.29893831337368,1.0,9895,0,,Mode3_film_train_vi_7s_wavlm_mfcc_pitch | Mode3_film_train_vi_7s_wavlm_mfbe_pitch | Mode3_film_train_vi_7s_wavlm_mfcc_only
full_length,ENS_representation_hc_train_vi_7s_hc_wav2vec2__mfbe_pitch_mfcc_mfbe_pitch__eq,ensemble,representation_hc,train_vi_7s__wav2vec2__mfbe_pitch | train_vi_7s__wav2vec2__mfcc_only | train_vi_7s__wav2vec2__mfbe_only | train_vi_7s__wav2vec2__pitch_only,"0.2500,0.2500,0.2500,0.2500",ensemble,ensemble,ensemble,ensemble,multi,17.332804471331738,0.9405505543446325,9895,0,,Mode3_film_train_vi_7s_wav2vec2_mfbe_pitch | Mode3_film_train_vi_7s_wav2vec2_mfcc_only | Mode3_film_train_vi_7s_wav2vec2_mfbe_only | Mode3_film_train_vi_7s_wav2vec2_pitch_only
full_length,ENS_representation_hc_train_vi_7s_hc_hubert__mfcc_pitch_mfbe_pitch_mfcc_pitch__eq,ensemble,representation_hc,train_vi_7s__hubert__mfcc_pitch | train_vi_7s__hubert__mfbe_pitch | train_vi_7s__hubert__mfcc_only | train_vi_7s__hubert__pitch_only,"0.2500,0.2500,0.2500,0.2500",ensemble,ensemble,ensemble,ensemble,multi,17.332804471331738,1.0,9895,0,,Mode3_film_train_vi_7s_hubert_mfcc_pitch | Mode3_film_train_vi_7s_hubert_mfbe_pitch | Mode3_film_train_vi_7s_hubert_mfcc_only | Mode3_film_train_vi_7s_hubert_pitch_only
full_length,ENS_representation_hc_train_vi_7s_hc_wav2vec2__mfcc_pitch_mfcc_mfbe__a60,ensemble,representation_hc,train_vi_7s__wav2vec2__mfcc_pitch | train_vi_7s__wav2vec2__mfcc_only | train_vi_7s__wav2vec2__mfbe_only,"0.6000,0.2500,0.1500",ensemble,ensemble,ensemble,ensemble,multi,17.37338293966703,0.9794149411967575,9895,0,,Mode3_film_train_vi_7s_wav2vec2_mfcc_pitch | Mode3_film_train_vi_7s_wav2vec2_mfcc_only | Mode3_film_train_vi_7s_wav2vec2_mfbe_only
full_length,ENS_representation_hc_train_vi_7s_hc_hubert__mfcc_pitch_mfbe_pitch__eq,ensemble,representation_hc,train_vi_7s__hubert__mfcc_pitch | train_vi_7s__hubert__mfbe_only | train_vi_7s__hubert__pitch_only,"0.3333,0.3333,0.3333",ensemble,ensemble,ensemble,ensemble,multi,17.37338293966703,1.0,9895,0,,Mode3_film_train_vi_7s_hubert_mfcc_pitch | Mode3_film_train_vi_7s_hubert_mfbe_only | Mode3_film_train_vi_7s_hubert_pitch_only
full_length,ENS_representation_hc_train_vi_7s_hc_wav2vec2__mfcc_mfbe__a60,ensemble,representation_hc,train_vi_7s__wav2vec2__mfcc_only | train_vi_7s__wav2vec2__mfbe_only,"0.6000,0.4000",ensemble,ensemble,ensemble,ensemble,multi,17.447827565960385,0.9302214447723937,9895,0,,Mode3_film_train_vi_7s_wav2vec2_mfcc_only | Mode3_film_train_vi_7s_wav2vec2_mfbe_only
full_length,ENS_representation_hc_train_vi_7s_hc_wavlm__mfcc_mfbe__a60,ensemble,representation_hc,train_vi_7s__wavlm__mfcc_only | train_vi_7s__wavlm__mfbe_only,"0.6000,0.4000",ensemble,ensemble,ensemble,ensemble,multi,17.447827565960385,1.0,9895,0,,Mode3_film_train_vi_7s_wavlm_mfcc_only | Mode3_film_train_vi_7s_wavlm_mfbe_only
full_length,ENS_representation_hc_train_vi_7s_hc_wav2vec2__mfbe_pitch_pitch__eq,ensemble,representation_hc,train_vi_7s__wav2vec2__mfbe_pitch | train_vi_7s__wav2vec2__pitch_only,"0.5000,0.5000",ensemble,ensemble,ensemble,ensemble,multi,17.488406034295682,0.9506301064738178,9895,0,,Mode3_film_train_vi_7s_wav2vec2_mfbe_pitch | Mode3_film_train_vi_7s_wav2vec2_pitch_only
full_length,ENS_representation_hc_train_vi_7s_hc_wavlm__mfcc_pitch_mfbe_pitch__a60,ensemble,representation_hc,train_vi_7s__wavlm__mfcc_pitch | train_vi_7s__wavlm__mfbe_only | train_vi_7s__wavlm__pitch_only,"0.6000,0.2500,0.1500",ensemble,ensemble,ensemble,ensemble,multi,17.495118344672914,1.0,9895,0,,Mode3_film_train_vi_7s_wavlm_mfcc_pitch | Mode3_film_train_vi_7s_wavlm_mfbe_only | Mode3_film_train_vi_7s_wavlm_pitch_only
full_length,ENS_representation_hc_train_vi_7s_hc_hubert__mfcc_mfbe_pitch__a50,ensemble,representation_hc,train_vi_7s__hubert__mfcc_only | train_vi_7s__hubert__mfbe_only | train_vi_7s__hubert__pitch_only,"0.5000,0.3000,0.2000",ensemble,ensemble,ensemble,ensemble,multi,17.495118344672914,1.0,9895,0,,Mode3_film_train_vi_7s_hubert_mfcc_only | Mode3_film_train_vi_7s_hubert_mfbe_only | Mode3_film_train_vi_7s_hubert_pitch_only
full_length,ENS_representation_hc_train_vi_7s_hc_hubert__mfcc_pitch_mfcc_pitch__a60,ensemble,representation_hc,train_vi_7s__hubert__mfcc_pitch | train_vi_7s__hubert__mfcc_only | train_vi_7s__hubert__pitch_only,"0.6000,0.2500,0.1500",ensemble,ensemble,ensemble,ensemble,multi,17.576275281343502,1.0,9895,0,,Mode3_film_train_vi_7s_hubert_mfcc_pitch | Mode3_film_train_vi_7s_hubert_mfcc_only | Mode3_film_train_vi_7s_hubert_pitch_only
full_length,ENS_representation_hc_train_vi_7s_hc_wav2vec2__mfcc_pitch_mfcc_mfbe__eq,ensemble,representation_hc,train_vi_7s__wav2vec2__mfcc_pitch | train_vi_7s__wav2vec2__mfcc_only | train_vi_7s__wav2vec2__mfbe_only,"0.3333,0.3333,0.3333",ensemble,ensemble,ensemble,ensemble,multi,17.61685374967879,0.9716832707162051,9895,0,,Mode3_film_train_vi_7s_wav2vec2_mfcc_pitch | Mode3_film_train_vi_7s_wav2vec2_mfcc_only | Mode3_film_train_vi_7s_wav2vec2_mfbe_only
full_length,ENS_representation_hc_train_vi_7s_hc_wavlm__mfcc_pitch_mfcc__a70,ensemble,representation_hc,train_vi_7s__wavlm__mfcc_pitch | train_vi_7s__wavlm__mfcc_only,"0.7000,0.3000",ensemble,ensemble,ensemble,ensemble,multi,17.630278370433256,1.0,9895,0,,Mode3_film_train_vi_7s_wavlm_mfcc_pitch | Mode3_film_train_vi_7s_wavlm_mfcc_only
full_length,ENS_representation_hc_train_vi_7s_hc_wav2vec2__mfcc_pitch_mfbe_pitch_mfcc_pitch__a45,ensemble,representation_hc,train_vi_7s__wav2vec2__mfcc_pitch | train_vi_7s__wav2vec2__mfbe_pitch | train_vi_7s__wav2vec2__mfcc_only | train_vi_7s__wav2vec2__pitch_only,"0.4500,0.2500,0.1500,0.1500",ensemble,ensemble,ensemble,ensemble,multi,17.71143530710384,0.9890750150903499,9895,0,,Mode3_film_train_vi_7s_wav2vec2_mfcc_pitch | Mode3_film_train_vi_7s_wav2vec2_mfbe_pitch | Mode3_film_train_vi_7s_wav2vec2_mfcc_only | Mode3_film_train_vi_7s_wav2vec2_pitch_only
full_length,ENS_representation_hc_train_vi_7s_hc_hubert__mfcc_pitch_mfbe_pitch_pitch__eq,ensemble,representation_hc,train_vi_7s__hubert__mfcc_pitch | train_vi_7s__hubert__mfbe_pitch | train_vi_7s__hubert__pitch_only,"0.3333,0.3333,0.3333",ensemble,ensemble,ensemble,ensemble,multi,17.745301465061903,1.0,9895,0,,Mode3_film_train_vi_7s_hubert_mfcc_pitch | Mode3_film_train_vi_7s_hubert_mfbe_pitch | Mode3_film_train_vi_7s_hubert_pitch_only
full_length,ENS_representation_hc_train_vi_7s_hc_hubert__mfcc_mfbe_pitch__a60,ensemble,representation_hc,train_vi_7s__hubert__mfcc_only | train_vi_7s__hubert__mfbe_only | train_vi_7s__hubert__pitch_only,"0.6000,0.2500,0.1500",ensemble,ensemble,ensemble,ensemble,multi,17.745301465061903,1.0,9895,0,,Mode3_film_train_vi_7s_hubert_mfcc_only | Mode3_film_train_vi_7s_hubert_mfbe_only | Mode3_film_train_vi_7s_hubert_pitch_only
full_length,ENS_representation_hc_train_vi_7s_hc_wav2vec2__mfcc_pitch_mfbe_pitch_mfbe_pitch__eq,ensemble,representation_hc,train_vi_7s__wav2vec2__mfcc_pitch | train_vi_7s__wav2vec2__mfbe_pitch | train_vi_7s__wav2vec2__mfbe_only | train_vi_7s__wav2vec2__pitch_only,"0.2500,0.2500,0.2500,0.2500",ensemble,ensemble,ensemble,ensemble,multi,17.78587993339719,0.97702353655443,9895,0,,Mode3_film_train_vi_7s_wav2vec2_mfcc_pitch | Mode3_film_train_vi_7s_wav2vec2_mfbe_pitch | Mode3_film_train_vi_7s_wav2vec2_mfbe_only | Mode3_film_train_vi_7s_wav2vec2_pitch_only
full_length,ENS_representation_hc_train_vi_7s_hc_wavlm__mfbe_pitch_mfcc__a60,ensemble,representation_hc,train_vi_7s__wavlm__mfbe_pitch | train_vi_7s__wavlm__mfcc_only,"0.6000,0.4000",ensemble,ensemble,ensemble,ensemble,multi,17.826458401732488,1.0,9895,0,,Mode3_film_train_vi_7s_wavlm_mfbe_pitch | Mode3_film_train_vi_7s_wavlm_mfcc_only
full_length,Mode3_film_train_vi_7s_wav2vec2_mfcc_pitch,single,single,Mode3_film_train_vi_7s_wav2vec2_mfcc_pitch,1.0,3,film,mfcc_pitch,wav2vec2,train_vi_7s,17.867036870067786,1.0,9895,0,train_vi_7s__wav2vec2__mfcc_pitch,
full_length,ENS_representation_hc_train_vi_7s_hc_hubert__mfbe_pitch__a60,ensemble,representation_hc,train_vi_7s__hubert__mfbe_only | train_vi_7s__hubert__pitch_only,"0.6000,0.4000",ensemble,ensemble,ensemble,ensemble,multi,17.907615338403076,1.0,9895,0,,Mode3_film_train_vi_7s_hubert_mfbe_only | Mode3_film_train_vi_7s_hubert_pitch_only
full_length,ENS_representation_hc_train_vi_7s_hc_wav2vec2__mfcc_pitch_mfbe_pitch_pitch__a50,ensemble,representation_hc,train_vi_7s__wav2vec2__mfcc_pitch | train_vi_7s__wav2vec2__mfbe_pitch | train_vi_7s__wav2vec2__pitch_only,"0.5000,0.3000,0.2000",ensemble,ensemble,ensemble,ensemble,multi,17.94819380673837,1.0,9895,0,,Mode3_film_train_vi_7s_wav2vec2_mfcc_pitch | Mode3_film_train_vi_7s_wav2vec2_mfbe_pitch | Mode3_film_train_vi_7s_wav2vec2_pitch_only
full_length,ENS_representation_hc_train_vi_7s_hc_wav2vec2__mfcc_pitch_mfbe_pitch_mfbe_pitch__a50,ensemble,representation_hc,train_vi_7s__wav2vec2__mfcc_pitch | train_vi_7s__wav2vec2__mfbe_pitch | train_vi_7s__wav2vec2__mfbe_only | train_vi_7s__wav2vec2__pitch_only,"0.5000,0.2000,0.1500,0.1500",ensemble,ensemble,ensemble,ensemble,multi,17.94819380673837,1.0,9895,0,,Mode3_film_train_vi_7s_wav2vec2_mfcc_pitch | Mode3_film_train_vi_7s_wav2vec2_mfbe_pitch | Mode3_film_train_vi_7s_wav2vec2_mfbe_only | Mode3_film_train_vi_7s_wav2vec2_pitch_only
full_length,ENS_representation_hc_train_vi_7s_hc_hubert__mfcc_pitch_mfcc_mfbe_pitch__a45,ensemble,representation_hc,train_vi_7s__hubert__mfcc_pitch | train_vi_7s__hubert__mfcc_only | train_vi_7s__hubert__mfbe_only | train_vi_7s__hubert__pitch_only,"0.4500,0.2500,0.1500,0.1500",ensemble,ensemble,ensemble,ensemble,multi,17.94819380673837,1.0,9895,0,,Mode3_film_train_vi_7s_hubert_mfcc_pitch | Mode3_film_train_vi_7s_hubert_mfcc_only | Mode3_film_train_vi_7s_hubert_mfbe_only | Mode3_film_train_vi_7s_hubert_pitch_only
full_length,ENS_representation_hc_train_vi_7s_hc_wavlm__mfcc_pitch_mfbe_pitch_mfcc__a50,ensemble,representation_hc,train_vi_7s__wavlm__mfcc_pitch | train_vi_7s__wavlm__mfbe_pitch | train_vi_7s__wavlm__mfcc_only,"0.5000,0.3000,0.2000",ensemble,ensemble,ensemble,ensemble,multi,18.029350743408955,1.0,9895,0,,Mode3_film_train_vi_7s_wavlm_mfcc_pitch | Mode3_film_train_vi_7s_wavlm_mfbe_pitch | Mode3_film_train_vi_7s_wavlm_mfcc_only
full_length,ENS_representation_hc_train_vi_7s_hc_hubert__mfcc_pitch_mfcc_mfbe_pitch__a50,ensemble,representation_hc,train_vi_7s__hubert__mfcc_pitch | train_vi_7s__hubert__mfcc_only | train_vi_7s__hubert__mfbe_only | train_vi_7s__hubert__pitch_only,"0.5000,0.2000,0.1500,0.1500",ensemble,ensemble,ensemble,ensemble,multi,18.029350743408955,1.0,9895,0,,Mode3_film_train_vi_7s_hubert_mfcc_pitch | Mode3_film_train_vi_7s_hubert_mfcc_only | Mode3_film_train_vi_7s_hubert_mfbe_only | Mode3_film_train_vi_7s_hubert_pitch_only
full_length,ENS_representation_hc_train_vi_7s_hc_wav2vec2__mfcc_mfbe__eq,ensemble,representation_hc,train_vi_7s__wav2vec2__mfcc_only | train_vi_7s__wav2vec2__mfbe_only,"0.5000,0.5000",ensemble,ensemble,ensemble,ensemble,multi,18.069929211744245,0.9416687056064085,9895,0,,Mode3_film_train_vi_7s_wav2vec2_mfcc_only | Mode3_film_train_vi_7s_wav2vec2_mfbe_only
full_length,ENS_representation_hc_train_vi_7s_hc_wav2vec2__mfcc_pitch_mfbe_pitch_mfcc_mfbe_pitch__a45,ensemble,representation_hc,train_vi_7s__wav2vec2__mfcc_pitch | train_vi_7s__wav2vec2__mfbe_pitch | train_vi_7s__wav2vec2__mfcc_only | train_vi_7s__wav2vec2__mfbe_only | train_vi_7s__wav2vec2__pitch_only,"0.4500,0.2000,0.1500,0.1000,0.1000",ensemble,ensemble,ensemble,ensemble,multi,18.103795369702308,0.9967196395835087,9895,0,,Mode3_film_train_vi_7s_wav2vec2_mfcc_pitch | Mode3_film_train_vi_7s_wav2vec2_mfbe_pitch | Mode3_film_train_vi_7s_wav2vec2_mfcc_only | Mode3_film_train_vi_7s_wav2vec2_mfbe_only | Mode3_film_train_vi_7s_wav2vec2_pitch_only
full_length,ENS_representation_hc_train_vi_7s_hc_wav2vec2__mfcc_pitch_mfbe_pitch_pitch__a60,ensemble,representation_hc,train_vi_7s__wav2vec2__mfcc_pitch | train_vi_7s__wav2vec2__mfbe_pitch | train_vi_7s__wav2vec2__pitch_only,"0.6000,0.2500,0.1500",ensemble,ensemble,ensemble,ensemble,multi,18.11050768007954,1.0,9895,0,,Mode3_film_train_vi_7s_wav2vec2_mfcc_pitch | Mode3_film_train_vi_7s_wav2vec2_mfbe_pitch | Mode3_film_train_vi_7s_wav2vec2_pitch_only
full_length,ENS_representation_hc_train_vi_7s_hc_wav2vec2__mfcc_pitch_mfbe__a70,ensemble,representation_hc,train_vi_7s__wav2vec2__mfcc_pitch | train_vi_7s__wav2vec2__mfbe_only,"0.7000,0.3000",ensemble,ensemble,ensemble,ensemble,multi,18.151086148414837,1.0,9895,0,,Mode3_film_train_vi_7s_wav2vec2_mfcc_pitch | Mode3_film_train_vi_7s_wav2vec2_mfbe_only
full_length,ENS_representation_hc_train_vi_7s_hc_wavlm__mfbe_pitch_mfbe_pitch__a50,ensemble,representation_hc,train_vi_7s__wavlm__mfbe_pitch | train_vi_7s__wavlm__mfbe_only | train_vi_7s__wavlm__pitch_only,"0.5000,0.3000,0.2000",ensemble,ensemble,ensemble,ensemble,multi,18.157798458792062,1.0,9895,0,,Mode3_film_train_vi_7s_wavlm_mfbe_pitch | Mode3_film_train_vi_7s_wavlm_mfbe_only | Mode3_film_train_vi_7s_wavlm_pitch_only
full_length,ENS_representation_hc_train_vi_7s_hc_wavlm__mfcc_pitch_mfcc_mfbe__a50,ensemble,representation_hc,train_vi_7s__wavlm__mfcc_pitch | train_vi_7s__wavlm__mfcc_only | train_vi_7s__wavlm__mfbe_only,"0.5000,0.3000,0.2000",ensemble,ensemble,ensemble,ensemble,multi,18.191664616750128,1.0,9895,0,,Mode3_film_train_vi_7s_wavlm_mfcc_pitch | Mode3_film_train_vi_7s_wavlm_mfcc_only | Mode3_film_train_vi_7s_wavlm_mfbe_only
full_length,ENS_representation_hc_train_vi_7s_hc_wavlm__mfcc_pitch_mfcc_mfbe__a60,ensemble,representation_hc,train_vi_7s__wavlm__mfcc_pitch | train_vi_7s__wavlm__mfcc_only | train_vi_7s__wavlm__mfbe_only,"0.6000,0.2500,0.1500",ensemble,ensemble,ensemble,ensemble,multi,18.191664616750128,1.0,9895,0,,Mode3_film_train_vi_7s_wavlm_mfcc_pitch | Mode3_film_train_vi_7s_wavlm_mfcc_only | Mode3_film_train_vi_7s_wavlm_mfbe_only
full_length,ENS_representation_hc_train_vi_7s_hc_wav2vec2__mfcc_pitch_mfbe__a60,ensemble,representation_hc,train_vi_7s__wav2vec2__mfcc_pitch | train_vi_7s__wav2vec2__mfbe_only,"0.6000,0.4000",ensemble,ensemble,ensemble,ensemble,multi,18.232243085085422,1.0,9895,0,,Mode3_film_train_vi_7s_wav2vec2_mfcc_pitch | Mode3_film_train_vi_7s_wav2vec2_mfbe_only
full_length,ENS_representation_hc_train_vi_7s_hc_wavlm__mfcc_pitch_mfbe_pitch_mfcc__a60,ensemble,representation_hc,train_vi_7s__wavlm__mfcc_pitch | train_vi_7s__wavlm__mfbe_pitch | train_vi_7s__wavlm__mfcc_only,"0.6000,0.2500,0.1500",ensemble,ensemble,ensemble,ensemble,multi,18.232243085085422,1.0,9895,0,,Mode3_film_train_vi_7s_wavlm_mfcc_pitch | Mode3_film_train_vi_7s_wavlm_mfbe_pitch | Mode3_film_train_vi_7s_wavlm_mfcc_only
full_length,ENS_representation_hc_train_vi_7s_hc_wav2vec2__mfbe_pitch_mfbe_pitch__eq,ensemble,representation_hc,train_vi_7s__wav2vec2__mfbe_pitch | train_vi_7s__wav2vec2__mfbe_only | train_vi_7s__wav2vec2__pitch_only,"0.3333,0.3333,0.3333",ensemble,ensemble,ensemble,ensemble,multi,18.272821553420716,0.9585210502553911,9895,0,,Mode3_film_train_vi_7s_wav2vec2_mfbe_pitch | Mode3_film_train_vi_7s_wav2vec2_mfbe_only | Mode3_film_train_vi_7s_wav2vec2_pitch_only
full_length,ENS_representation_hc_train_vi_7s_hc_wav2vec2__mfcc_pitch_mfbe_pitch_mfbe_pitch__a45,ensemble,representation_hc,train_vi_7s__wav2vec2__mfcc_pitch | train_vi_7s__wav2vec2__mfbe_pitch | train_vi_7s__wav2vec2__mfbe_only | train_vi_7s__wav2vec2__pitch_only,"0.4500,0.2500,0.1500,0.1500",ensemble,ensemble,ensemble,ensemble,multi,18.428423116384657,1.0,9895,0,,Mode3_film_train_vi_7s_wav2vec2_mfcc_pitch | Mode3_film_train_vi_7s_wav2vec2_mfbe_pitch | Mode3_film_train_vi_7s_wav2vec2_mfbe_only | Mode3_film_train_vi_7s_wav2vec2_pitch_only
full_length,ENS_representation_ptm_train_vi_7s_ptm_mfcc_pitch__wav2vec2_wavlm__a70,ensemble,representation_ptm,train_vi_7s__wav2vec2__mfcc_pitch | train_vi_7s__wavlm__mfcc_pitch,"0.7000,0.3000",ensemble,ensemble,ensemble,ensemble,multi,18.469001584719948,1.0,9895,0,,Mode3_film_train_vi_7s_wav2vec2_mfcc_pitch | Mode3_film_train_vi_7s_wavlm_mfcc_pitch
full_length,ENS_representation_hc_train_vi_7s_hc_hubert__mfbe_pitch_pitch__a60,ensemble,representation_hc,train_vi_7s__hubert__mfbe_pitch | train_vi_7s__hubert__pitch_only,"0.6000,0.4000",ensemble,ensemble,ensemble,ensemble,multi,18.48242620547441,1.0,9895,0,,Mode3_film_train_vi_7s_hubert_mfbe_pitch | Mode3_film_train_vi_7s_hubert_pitch_only
full_length,ENS_representation_ptm_train_vi_7s_ptm_mfcc_pitch__wav2vec2_wavlm_hubert__a60,ensemble,representation_ptm,train_vi_7s__wav2vec2__mfcc_pitch | train_vi_7s__wavlm__mfcc_pitch | train_vi_7s__hubert__mfcc_pitch,"0.6000,0.2500,0.1500",ensemble,ensemble,ensemble,ensemble,multi,18.489138515851643,1.0,9895,0,,Mode3_film_train_vi_7s_wav2vec2_mfcc_pitch | Mode3_film_train_vi_7s_wavlm_mfcc_pitch | Mode3_film_train_vi_7s_hubert_mfcc_pitch
full_length,Mode3_film_train_vi_7s_hubert_mfcc_only,single,single,Mode3_film_train_vi_7s_hubert_mfcc_only,1.0,3,film,mfcc_only,hubert,train_vi_7s,18.523004673809705,1.0,9895,0,train_vi_7s__hubert__mfcc_only,
full_length,ENS_representation_hc_train_vi_7s_hc_wav2vec2__mfcc_pitch_mfbe__eq,ensemble,representation_hc,train_vi_7s__wav2vec2__mfcc_pitch | train_vi_7s__wav2vec2__mfbe_only,"0.5000,0.5000",ensemble,ensemble,ensemble,ensemble,multi,18.523004673809705,1.0,9895,0,,Mode3_film_train_vi_7s_wav2vec2_mfcc_pitch | Mode3_film_train_vi_7s_wav2vec2_mfbe_only
full_length,ENS_representation_ptm_train_vi_7s_ptm_mfcc_pitch__wav2vec2_hubert__a70,ensemble,representation_ptm,train_vi_7s__wav2vec2__mfcc_pitch | train_vi_7s__hubert__mfcc_pitch,"0.7000,0.3000",ensemble,ensemble,ensemble,ensemble,multi,18.529716984186933,1.0,9895,0,,Mode3_film_train_vi_7s_wav2vec2_mfcc_pitch | Mode3_film_train_vi_7s_hubert_mfcc_pitch
full_length,ENS_representation_ptm_train_vi_7s_ptm_mfcc_pitch__wav2vec2_wavlm__a60,ensemble,representation_ptm,train_vi_7s__wav2vec2__mfcc_pitch | train_vi_7s__wavlm__mfcc_pitch,"0.6000,0.4000",ensemble,ensemble,ensemble,ensemble,multi,18.563583142145,1.0,9895,0,,Mode3_film_train_vi_7s_wav2vec2_mfcc_pitch | Mode3_film_train_vi_7s_wavlm_mfcc_pitch
full_length,ENS_representation_hc_train_vi_7s_hc_hubert__mfbe_pitch_mfcc_mfbe_pitch__eq,ensemble,representation_hc,train_vi_7s__hubert__mfbe_pitch | train_vi_7s__hubert__mfcc_only | train_vi_7s__hubert__mfbe_only | train_vi_7s__hubert__pitch_only,"0.2500,0.2500,0.2500,0.2500",ensemble,ensemble,ensemble,ensemble,multi,18.563583142145,1.0,9895,0,,Mode3_film_train_vi_7s_hubert_mfbe_pitch | Mode3_film_train_vi_7s_hubert_mfcc_only | Mode3_film_train_vi_7s_hubert_mfbe_only | Mode3_film_train_vi_7s_hubert_pitch_only
full_length,ENS_representation_hc_train_vi_7s_hc_wavlm__mfcc_mfbe__eq,ensemble,representation_hc,train_vi_7s__wavlm__mfcc_only | train_vi_7s__wavlm__mfbe_only,"0.5000,0.5000",ensemble,ensemble,ensemble,ensemble,multi,18.57029545252223,1.0,9895,0,,Mode3_film_train_vi_7s_wavlm_mfcc_only | Mode3_film_train_vi_7s_wavlm_mfbe_only
full_length,ENS_representation_hc_train_vi_7s_hc_hubert__mfcc_pitch_mfbe_pitch_mfcc_pitch__a50,ensemble,representation_hc,train_vi_7s__hubert__mfcc_pitch | train_vi_7s__hubert__mfbe_pitch | train_vi_7s__hubert__mfcc_only | train_vi_7s__hubert__pitch_only,"0.5000,0.2000,0.1500,0.1500",ensemble,ensemble,ensemble,ensemble,multi,18.57029545252223,1.0,9895,0,,Mode3_film_train_vi_7s_hubert_mfcc_pitch | Mode3_film_train_vi_7s_hubert_mfbe_pitch | Mode3_film_train_vi_7s_hubert_mfcc_only | Mode3_film_train_vi_7s_hubert_pitch_only
full_length,ENS_representation_hc_train_vi_7s_hc_hubert__mfcc_pitch_mfbe_pitch__a50,ensemble,representation_hc,train_vi_7s__hubert__mfcc_pitch | train_vi_7s__hubert__mfbe_only | train_vi_7s__hubert__pitch_only,"0.5000,0.3000,0.2000",ensemble,ensemble,ensemble,ensemble,multi,18.638027768438352,1.0,9895,0,,Mode3_film_train_vi_7s_hubert_mfcc_pitch | Mode3_film_train_vi_7s_hubert_mfbe_only | Mode3_film_train_vi_7s_hubert_pitch_only
full_length,ENS_representation_hc_train_vi_7s_hc_wav2vec2__mfcc_pitch_mfbe_pitch_mfcc_mfbe_pitch__a40,ensemble,representation_hc,train_vi_7s__wav2vec2__mfcc_pitch | train_vi_7s__wav2vec2__mfbe_pitch | train_vi_7s__wav2vec2__mfcc_only | train_vi_7s__wav2vec2__mfbe_only | train_vi_7s__wav2vec2__pitch_only,"0.4000,0.2500,0.1500,0.1000,0.1000",ensemble,ensemble,ensemble,ensemble,multi,18.644740078815587,0.9999180582224593,9895,0,,Mode3_film_train_vi_7s_wav2vec2_mfcc_pitch | Mode3_film_train_vi_7s_wav2vec2_mfbe_pitch | Mode3_film_train_vi_7s_wav2vec2_mfcc_only | Mode3_film_train_vi_7s_wav2vec2_mfbe_only | Mode3_film_train_vi_7s_wav2vec2_pitch_only
full_length,ENS_representation_ptm_train_vi_7s_ptm_mfcc_pitch__wav2vec2_hubert__a60,ensemble,representation_ptm,train_vi_7s__wav2vec2__mfcc_pitch | train_vi_7s__hubert__mfcc_pitch,"0.6000,0.4000",ensemble,ensemble,ensemble,ensemble,multi,18.644740078815587,1.0,9895,0,,Mode3_film_train_vi_7s_wav2vec2_mfcc_pitch | Mode3_film_train_vi_7s_hubert_mfcc_pitch
full_length,ENS_representation_hc_train_vi_7s_hc_wavlm__mfcc_pitch_mfcc_mfbe__eq,ensemble,representation_hc,train_vi_7s__wavlm__mfcc_pitch | train_vi_7s__wavlm__mfcc_only | train_vi_7s__wavlm__mfbe_only,"0.3333,0.3333,0.3333",ensemble,ensemble,ensemble,ensemble,multi,18.644740078815587,1.0,9895,0,,Mode3_film_train_vi_7s_wavlm_mfcc_pitch | Mode3_film_train_vi_7s_wavlm_mfcc_only | Mode3_film_train_vi_7s_wavlm_mfbe_only
full_length,ENS_representation_ptm_train_vi_7s_ptm_mfcc_pitch__wav2vec2_wavlm_hubert__a50,ensemble,representation_ptm,train_vi_7s__wav2vec2__mfcc_pitch | train_vi_7s__wavlm__mfcc_pitch | train_vi_7s__hubert__mfcc_pitch,"0.5000,0.3000,0.2000",ensemble,ensemble,ensemble,ensemble,multi,18.67860623677365,1.0,9895,0,,Mode3_film_train_vi_7s_wav2vec2_mfcc_pitch | Mode3_film_train_vi_7s_wavlm_mfcc_pitch | Mode3_film_train_vi_7s_hubert_mfcc_pitch
full_length,ENS_representation_ptm_train_vi_7s_ptm_mfcc_pitch__wav2vec2_wavlm__eq,ensemble,representation_ptm,train_vi_7s__wav2vec2__mfcc_pitch | train_vi_7s__wavlm__mfcc_pitch,"0.5000,0.5000",ensemble,ensemble,ensemble,ensemble,multi,18.719184705108944,1.0,9895,0,,Mode3_film_train_vi_7s_wav2vec2_mfcc_pitch | Mode3_film_train_vi_7s_wavlm_mfcc_pitch
full_length,ENS_representation_hc_train_vi_7s_hc_wavlm__mfbe_pitch_mfcc__a70,ensemble,representation_hc,train_vi_7s__wavlm__mfbe_pitch | train_vi_7s__wavlm__mfcc_only,"0.7000,0.3000",ensemble,ensemble,ensemble,ensemble,multi,18.72589701548617,1.0,9895,0,,Mode3_film_train_vi_7s_wavlm_mfbe_pitch | Mode3_film_train_vi_7s_wavlm_mfcc_only
full_length,ENS_representation_hc_train_vi_7s_hc_hubert__mfcc_pitch_mfbe_pitch_mfcc_mfbe_pitch__eq,ensemble,representation_hc,train_vi_7s__hubert__mfcc_pitch | train_vi_7s__hubert__mfbe_pitch | train_vi_7s__hubert__mfcc_only | train_vi_7s__hubert__mfbe_only | train_vi_7s__hubert__pitch_only,"0.2000,0.2000,0.2000,0.2000,0.2000",ensemble,ensemble,ensemble,ensemble,multi,18.766475483821466,1.0,9895,0,,Mode3_film_train_vi_7s_hubert_mfcc_pitch | Mode3_film_train_vi_7s_hubert_mfbe_pitch | Mode3_film_train_vi_7s_hubert_mfcc_only | Mode3_film_train_vi_7s_hubert_mfbe_only | Mode3_film_train_vi_7s_hubert_pitch_only
full_length,ENS_representation_hc_train_vi_7s_hc_wavlm__mfbe_pitch_mfbe_pitch__a60,ensemble,representation_hc,train_vi_7s__wavlm__mfbe_pitch | train_vi_7s__wavlm__mfbe_only | train_vi_7s__wavlm__pitch_only,"0.6000,0.2500,0.1500",ensemble,ensemble,ensemble,ensemble,multi,18.84763242049205,1.0,9895,0,,Mode3_film_train_vi_7s_wavlm_mfbe_pitch | Mode3_film_train_vi_7s_wavlm_mfbe_only | Mode3_film_train_vi_7s_wavlm_pitch_only
full_length,ENS_representation_ptm_train_vi_7s_ptm_mfcc_pitch__wav2vec2_wavlm_hubert__eq,ensemble,representation_ptm,train_vi_7s__wav2vec2__mfcc_pitch | train_vi_7s__wavlm__mfcc_pitch | train_vi_7s__hubert__mfcc_pitch,"0.3333,0.3333,0.3333",ensemble,ensemble,ensemble,ensemble,multi,18.928789357162636,1.0,9895,0,,Mode3_film_train_vi_7s_wav2vec2_mfcc_pitch | Mode3_film_train_vi_7s_wavlm_mfcc_pitch | Mode3_film_train_vi_7s_hubert_mfcc_pitch
full_length,ENS_representation_ptm_train_vi_7s_ptm_mfcc_pitch__wav2vec2_hubert__eq,ensemble,representation_ptm,train_vi_7s__wav2vec2__mfcc_pitch | train_vi_7s__hubert__mfcc_pitch,"0.5000,0.5000",ensemble,ensemble,ensemble,ensemble,multi,18.93550166753987,1.0,9895,0,,Mode3_film_train_vi_7s_wav2vec2_mfcc_pitch | Mode3_film_train_vi_7s_hubert_mfcc_pitch
full_length,ENS_representation_hc_train_vi_7s_hc_hubert__mfcc_pitch_mfbe_pitch__a60,ensemble,representation_hc,train_vi_7s__hubert__mfcc_pitch | train_vi_7s__hubert__mfbe_only | train_vi_7s__hubert__pitch_only,"0.6000,0.2500,0.1500",ensemble,ensemble,ensemble,ensemble,multi,18.969367825497933,1.0,9895,0,,Mode3_film_train_vi_7s_hubert_mfcc_pitch | Mode3_film_train_vi_7s_hubert_mfbe_only | Mode3_film_train_vi_7s_hubert_pitch_only
full_length,ENS_representation_hc_train_vi_7s_hc_hubert__mfcc_pitch_mfbe_pitch_mfcc_pitch__a45,ensemble,representation_hc,train_vi_7s__hubert__mfcc_pitch | train_vi_7s__hubert__mfbe_pitch | train_vi_7s__hubert__mfcc_only | train_vi_7s__hubert__pitch_only,"0.4500,0.2500,0.1500,0.1500",ensemble,ensemble,ensemble,ensemble,multi,18.969367825497933,1.0,9895,0,,Mode3_film_train_vi_7s_hubert_mfcc_pitch | Mode3_film_train_vi_7s_hubert_mfbe_pitch | Mode3_film_train_vi_7s_hubert_mfcc_only | Mode3_film_train_vi_7s_hubert_pitch_only
full_length,ENS_representation_hc_train_vi_7s_hc_wavlm__mfbe_pitch_mfcc_mfbe__a50,ensemble,representation_hc,train_vi_7s__wavlm__mfbe_pitch | train_vi_7s__wavlm__mfcc_only | train_vi_7s__wavlm__mfbe_only,"0.5000,0.3000,0.2000",ensemble,ensemble,ensemble,ensemble,multi,19.00994629383323,1.0,9895,0,,Mode3_film_train_vi_7s_wavlm_mfbe_pitch | Mode3_film_train_vi_7s_wavlm_mfcc_only | Mode3_film_train_vi_7s_wavlm_mfbe_only
full_length,ENS_representation_hc_train_vi_7s_hc_hubert__mfcc_pitch_mfbe_pitch_pitch__a50,ensemble,representation_hc,train_vi_7s__hubert__mfcc_pitch | train_vi_7s__hubert__mfbe_pitch | train_vi_7s__hubert__pitch_only,"0.5000,0.3000,0.2000",ensemble,ensemble,ensemble,ensemble,multi,19.043812451791286,1.0,9895,0,,Mode3_film_train_vi_7s_hubert_mfcc_pitch | Mode3_film_train_vi_7s_hubert_mfbe_pitch | Mode3_film_train_vi_7s_hubert_pitch_only
full_length,ENS_representation_hc_train_vi_7s_hc_wavlm__mfcc_pitch_mfbe_pitch_mfcc_mfbe__eq,ensemble,representation_hc,train_vi_7s__wavlm__mfcc_pitch | train_vi_7s__wavlm__mfbe_pitch | train_vi_7s__wavlm__mfcc_only | train_vi_7s__wavlm__mfbe_only,"0.2500,0.2500,0.2500,0.2500",ensemble,ensemble,ensemble,ensemble,multi,19.091103230503816,1.0,9895,0,,Mode3_film_train_vi_7s_wavlm_mfcc_pitch | Mode3_film_train_vi_7s_wavlm_mfbe_pitch | Mode3_film_train_vi_7s_wavlm_mfcc_only | Mode3_film_train_vi_7s_wavlm_mfbe_only
full_length,ENS_representation_hc_train_vi_7s_hc_wavlm__mfcc_pitch_mfbe_pitch_mfcc_mfbe__a45,ensemble,representation_hc,train_vi_7s__wavlm__mfcc_pitch | train_vi_7s__wavlm__mfbe_pitch | train_vi_7s__wavlm__mfcc_only | train_vi_7s__wavlm__mfbe_only,"0.4500,0.2500,0.1500,0.1500",ensemble,ensemble,ensemble,ensemble,multi,19.138394009216338,1.0,9895,0,,Mode3_film_train_vi_7s_wavlm_mfcc_pitch | Mode3_film_train_vi_7s_wavlm_mfbe_pitch | Mode3_film_train_vi_7s_wavlm_mfcc_only | Mode3_film_train_vi_7s_wavlm_mfbe_only
full_length,ENS_representation_hc_train_vi_7s_hc_wavlm__mfcc_pitch_mfbe_pitch_mfcc_mfbe__a50,ensemble,representation_hc,train_vi_7s__wavlm__mfcc_pitch | train_vi_7s__wavlm__mfbe_pitch | train_vi_7s__wavlm__mfcc_only | train_vi_7s__wavlm__mfbe_only,"0.5000,0.2000,0.1500,0.1500",ensemble,ensemble,ensemble,ensemble,multi,19.138394009216338,1.0,9895,0,,Mode3_film_train_vi_7s_wavlm_mfcc_pitch | Mode3_film_train_vi_7s_wavlm_mfbe_pitch | Mode3_film_train_vi_7s_wavlm_mfcc_only | Mode3_film_train_vi_7s_wavlm_mfbe_only
full_length,ENS_representation_hc_train_vi_7s_hc_hubert__mfbe_pitch_mfbe_pitch__eq,ensemble,representation_hc,train_vi_7s__hubert__mfbe_pitch | train_vi_7s__hubert__mfbe_only | train_vi_7s__hubert__pitch_only,"0.3333,0.3333,0.3333",ensemble,ensemble,ensemble,ensemble,multi,19.138394009216338,1.0,9895,0,,Mode3_film_train_vi_7s_hubert_mfbe_pitch | Mode3_film_train_vi_7s_hubert_mfbe_only | Mode3_film_train_vi_7s_hubert_pitch_only
full_length,ENS_representation_hc_train_vi_7s_hc_hubert__mfbe_pitch__a70,ensemble,representation_hc,train_vi_7s__hubert__mfbe_only | train_vi_7s__hubert__pitch_only,"0.7000,0.3000",ensemble,ensemble,ensemble,ensemble,multi,19.165547856797165,1.0,9895,0,,Mode3_film_train_vi_7s_hubert_mfbe_only | Mode3_film_train_vi_7s_hubert_pitch_only
full_length,ENS_representation_hc_train_vi_7s_hc_wavlm__mfbe_pitch_mfcc_mfbe__eq,ensemble,representation_hc,train_vi_7s__wavlm__mfbe_pitch | train_vi_7s__wavlm__mfcc_only | train_vi_7s__wavlm__mfbe_only,"0.3333,0.3333,0.3333",ensemble,ensemble,ensemble,ensemble,multi,19.212838635509687,1.0,9895,0,,Mode3_film_train_vi_7s_wavlm_mfbe_pitch | Mode3_film_train_vi_7s_wavlm_mfcc_only | Mode3_film_train_vi_7s_wavlm_mfbe_only
full_length,ENS_representation_hc_train_vi_7s_hc_hubert__mfcc_pitch_mfbe_pitch_mfbe_pitch__eq,ensemble,representation_hc,train_vi_7s__hubert__mfcc_pitch | train_vi_7s__hubert__mfbe_pitch | train_vi_7s__hubert__mfbe_only | train_vi_7s__hubert__pitch_only,"0.2500,0.2500,0.2500,0.2500",ensemble,ensemble,ensemble,ensemble,multi,19.212838635509687,1.0,9895,0,,Mode3_film_train_vi_7s_hubert_mfcc_pitch | Mode3_film_train_vi_7s_hubert_mfbe_pitch | Mode3_film_train_vi_7s_hubert_mfbe_only | Mode3_film_train_vi_7s_hubert_pitch_only
full_length,Mode3_film_train_vi_7s_wavlm_mfcc_pitch,single,single,Mode3_film_train_vi_7s_wavlm_mfcc_pitch,1.0,3,film,mfcc_pitch,wavlm,train_vi_7s,19.219550945886922,1.0,9895,0,train_vi_7s__wavlm__mfcc_pitch,
full_length,ENS_representation_hc_train_vi_7s_hc_wavlm__mfcc_pitch_mfbe_pitch__a70,ensemble,representation_hc,train_vi_7s__wavlm__mfcc_pitch | train_vi_7s__wavlm__mfbe_pitch,"0.7000,0.3000",ensemble,ensemble,ensemble,ensemble,multi,19.253417103844985,1.0,9895,0,,Mode3_film_train_vi_7s_wavlm_mfcc_pitch | Mode3_film_train_vi_7s_wavlm_mfbe_pitch
full_length,ENS_representation_hc_train_vi_7s_hc_hubert__mfcc_pitch_mfcc__eq,ensemble,representation_hc,train_vi_7s__hubert__mfcc_pitch | train_vi_7s__hubert__mfcc_only,"0.5000,0.5000",ensemble,ensemble,ensemble,ensemble,multi,19.253417103844985,1.0,9895,0,,Mode3_film_train_vi_7s_hubert_mfcc_pitch | Mode3_film_train_vi_7s_hubert_mfcc_only
full_length,ENS_representation_hc_train_vi_7s_hc_wav2vec2__mfcc_pitch_mfbe_pitch_mfcc_mfbe__a50,ensemble,representation_hc,train_vi_7s__wav2vec2__mfcc_pitch | train_vi_7s__wav2vec2__mfbe_pitch | train_vi_7s__wav2vec2__mfcc_only | train_vi_7s__wav2vec2__mfbe_only,"0.5000,0.2000,0.1500,0.1500",ensemble,ensemble,ensemble,ensemble,multi,19.26012941422222,1.0,9895,0,,Mode3_film_train_vi_7s_wav2vec2_mfcc_pitch | Mode3_film_train_vi_7s_wav2vec2_mfbe_pitch | Mode3_film_train_vi_7s_wav2vec2_mfcc_only | Mode3_film_train_vi_7s_wav2vec2_mfbe_only
full_length,ENS_representation_hc_train_vi_7s_hc_hubert__mfbe_pitch_mfcc_pitch__a50,ensemble,representation_hc,train_vi_7s__hubert__mfbe_pitch | train_vi_7s__hubert__mfcc_only | train_vi_7s__hubert__pitch_only,"0.5000,0.3000,0.2000",ensemble,ensemble,ensemble,ensemble,multi,19.375152508850867,1.0,9895,0,,Mode3_film_train_vi_7s_hubert_mfbe_pitch | Mode3_film_train_vi_7s_hubert_mfcc_only | Mode3_film_train_vi_7s_hubert_pitch_only
full_length,ENS_representation_hc_train_vi_7s_hc_wav2vec2__mfbe_pitch_mfcc_pitch__a50,ensemble,representation_hc,train_vi_7s__wav2vec2__mfbe_pitch | train_vi_7s__wav2vec2__mfcc_only | train_vi_7s__wav2vec2__pitch_only,"0.5000,0.3000,0.2000",ensemble,ensemble,ensemble,ensemble,multi,19.3818648192281,0.9794075318598733,9895,0,,Mode3_film_train_vi_7s_wav2vec2_mfbe_pitch | Mode3_film_train_vi_7s_wav2vec2_mfcc_only | Mode3_film_train_vi_7s_wav2vec2_pitch_only
full_length,ENS_representation_hc_train_vi_7s_hc_wav2vec2__mfbe_pitch_pitch__a60,ensemble,representation_hc,train_vi_7s__wav2vec2__mfbe_pitch | train_vi_7s__wav2vec2__pitch_only,"0.6000,0.4000",ensemble,ensemble,ensemble,ensemble,multi,19.456309445521452,0.9861696768881495,9895,0,,Mode3_film_train_vi_7s_wav2vec2_mfbe_pitch | Mode3_film_train_vi_7s_wav2vec2_pitch_only
full_length,ENS_representation_hc_train_vi_7s_hc_hubert__mfcc_pitch_mfcc__a60,ensemble,representation_hc,train_vi_7s__hubert__mfcc_pitch | train_vi_7s__hubert__mfcc_only,"0.6000,0.4000",ensemble,ensemble,ensemble,ensemble,multi,19.496887913856742,1.0,9895,0,,Mode3_film_train_vi_7s_hubert_mfcc_pitch | Mode3_film_train_vi_7s_hubert_mfcc_only
full_length,ENS_representation_hc_train_vi_7s_hc_hubert__mfcc_pitch_mfbe_pitch_pitch__a60,ensemble,representation_hc,train_vi_7s__hubert__mfcc_pitch | train_vi_7s__hubert__mfbe_pitch | train_vi_7s__hubert__pitch_only,"0.6000,0.2500,0.1500",ensemble,ensemble,ensemble,ensemble,multi,19.496887913856742,1.0,9895,0,,Mode3_film_train_vi_7s_hubert_mfcc_pitch | Mode3_film_train_vi_7s_hubert_mfbe_pitch | Mode3_film_train_vi_7s_hubert_pitch_only
full_length,ENS_representation_hc_train_vi_7s_hc_wavlm__mfbe_pitch_mfcc_mfbe__a60,ensemble,representation_hc,train_vi_7s__wavlm__mfbe_pitch | train_vi_7s__wavlm__mfcc_only | train_vi_7s__wavlm__mfbe_only,"0.6000,0.2500,0.1500",ensemble,ensemble,ensemble,ensemble,multi,19.57804485052733,1.0,9895,0,,Mode3_film_train_vi_7s_wavlm_mfbe_pitch | Mode3_film_train_vi_7s_wavlm_mfcc_only | Mode3_film_train_vi_7s_wavlm_mfbe_only
full_length,ENS_representation_hc_train_vi_7s_hc_wavlm__mfcc_pitch_mfbe_pitch__a60,ensemble,representation_hc,train_vi_7s__wavlm__mfcc_pitch | train_vi_7s__wavlm__mfbe_pitch,"0.6000,0.4000",ensemble,ensemble,ensemble,ensemble,multi,19.58475716090456,1.0,9895,0,,Mode3_film_train_vi_7s_wavlm_mfcc_pitch | Mode3_film_train_vi_7s_wavlm_mfbe_pitch
full_length,ENS_representation_hc_train_vi_7s_hc_wav2vec2__mfcc_pitch_mfbe_pitch_mfcc__a60,ensemble,representation_hc,train_vi_7s__wav2vec2__mfcc_pitch | train_vi_7s__wav2vec2__mfbe_pitch | train_vi_7s__wav2vec2__mfcc_only,"0.6000,0.2500,0.1500",ensemble,ensemble,ensemble,ensemble,multi,19.625335629239856,1.0,9895,0,,Mode3_film_train_vi_7s_wav2vec2_mfcc_pitch | Mode3_film_train_vi_7s_wav2vec2_mfbe_pitch | Mode3_film_train_vi_7s_wav2vec2_mfcc_only
full_length,ENS_representation_hc_train_vi_7s_hc_wav2vec2__mfcc_pitch_mfbe_pitch_mfcc_mfbe__a45,ensemble,representation_hc,train_vi_7s__wav2vec2__mfcc_pitch | train_vi_7s__wav2vec2__mfbe_pitch | train_vi_7s__wav2vec2__mfcc_only | train_vi_7s__wav2vec2__mfbe_only,"0.4500,0.2500,0.1500,0.1500",ensemble,ensemble,ensemble,ensemble,multi,19.625335629239856,1.0,9895,0,,Mode3_film_train_vi_7s_wav2vec2_mfcc_pitch | Mode3_film_train_vi_7s_wav2vec2_mfbe_pitch | Mode3_film_train_vi_7s_wav2vec2_mfcc_only | Mode3_film_train_vi_7s_wav2vec2_mfbe_only
full_length,ENS_representation_hc_train_vi_7s_hc_wavlm__mfcc_pitch_mfbe_pitch__eq,ensemble,representation_hc,train_vi_7s__wavlm__mfcc_pitch | train_vi_7s__wavlm__mfbe_pitch,"0.5000,0.5000",ensemble,ensemble,ensemble,ensemble,multi,19.625335629239856,1.0,9895,0,,Mode3_film_train_vi_7s_wavlm_mfcc_pitch | Mode3_film_train_vi_7s_wavlm_mfbe_pitch
full_length,ENS_representation_hc_train_vi_7s_hc_wav2vec2__mfcc_pitch_mfbe_pitch_mfcc__eq,ensemble,representation_hc,train_vi_7s__wav2vec2__mfcc_pitch | train_vi_7s__wav2vec2__mfbe_pitch | train_vi_7s__wav2vec2__mfcc_only,"0.3333,0.3333,0.3333",ensemble,ensemble,ensemble,ensemble,multi,19.66591409757515,1.0,9895,0,,Mode3_film_train_vi_7s_wav2vec2_mfcc_pitch | Mode3_film_train_vi_7s_wav2vec2_mfbe_pitch | Mode3_film_train_vi_7s_wav2vec2_mfcc_only
full_length,ENS_representation_hc_train_vi_7s_hc_wav2vec2__mfcc_pitch_mfbe_pitch_mfcc_mfbe__eq,ensemble,representation_hc,train_vi_7s__wav2vec2__mfcc_pitch | train_vi_7s__wav2vec2__mfbe_pitch | train_vi_7s__wav2vec2__mfcc_only | train_vi_7s__wav2vec2__mfbe_only,"0.2500,0.2500,0.2500,0.2500",ensemble,ensemble,ensemble,ensemble,multi,19.66591409757515,1.0,9895,0,,Mode3_film_train_vi_7s_wav2vec2_mfcc_pitch | Mode3_film_train_vi_7s_wav2vec2_mfbe_pitch | Mode3_film_train_vi_7s_wav2vec2_mfcc_only | Mode3_film_train_vi_7s_wav2vec2_mfbe_only
full_length,ENS_representation_ptm_train_vi_7s_ptm_mfcc_pitch__wavlm_hubert__a70,ensemble,representation_ptm,train_vi_7s__wavlm__mfcc_pitch | train_vi_7s__hubert__mfcc_pitch,"0.7000,0.3000",ensemble,ensemble,ensemble,ensemble,multi,19.70649256591044,1.0,9895,0,,Mode3_film_train_vi_7s_wavlm_mfcc_pitch | Mode3_film_train_vi_7s_hubert_mfcc_pitch
full_length,ENS_representation_hc_train_vi_7s_hc_wav2vec2__mfcc_pitch_mfbe_pitch_mfcc__a50,ensemble,representation_hc,train_vi_7s__wav2vec2__mfcc_pitch | train_vi_7s__wav2vec2__mfbe_pitch | train_vi_7s__wav2vec2__mfcc_only,"0.5000,0.3000,0.2000",ensemble,ensemble,ensemble,ensemble,multi,19.74707103424574,1.0,9895,0,,Mode3_film_train_vi_7s_wav2vec2_mfcc_pitch | Mode3_film_train_vi_7s_wav2vec2_mfbe_pitch | Mode3_film_train_vi_7s_wav2vec2_mfcc_only
full_length,ENS_representation_hc_train_vi_7s_hc_hubert__mfcc_pitch_mfbe_pitch_mfbe_pitch__a50,ensemble,representation_hc,train_vi_7s__hubert__mfcc_pitch | train_vi_7s__hubert__mfbe_pitch | train_vi_7s__hubert__mfbe_only | train_vi_7s__hubert__pitch_only,"0.5000,0.2000,0.1500,0.1500",ensemble,ensemble,ensemble,ensemble,multi,19.82151566053909,1.0,9895,0,,Mode3_film_train_vi_7s_hubert_mfcc_pitch | Mode3_film_train_vi_7s_hubert_mfbe_pitch | Mode3_film_train_vi_7s_hubert_mfbe_only | Mode3_film_train_vi_7s_hubert_pitch_only
full_length,ENS_representation_hc_train_vi_7s_hc_hubert__mfcc_pitch_mfcc__a70,ensemble,representation_hc,train_vi_7s__hubert__mfcc_pitch | train_vi_7s__hubert__mfcc_only,"0.7000,0.3000",ensemble,ensemble,ensemble,ensemble,multi,19.828227970916323,1.0,9895,0,,Mode3_film_train_vi_7s_hubert_mfcc_pitch | Mode3_film_train_vi_7s_hubert_mfcc_only
full_length,ENS_representation_hc_train_vi_7s_hc_wav2vec2__mfbe_pitch_mfcc_mfbe_pitch__a45,ensemble,representation_hc,train_vi_7s__wav2vec2__mfbe_pitch | train_vi_7s__wav2vec2__mfcc_only | train_vi_7s__wav2vec2__mfbe_only | train_vi_7s__wav2vec2__pitch_only,"0.4500,0.2500,0.1500,0.1500",ensemble,ensemble,ensemble,ensemble,multi,19.875518749628846,0.9975914715568727,9895,0,,Mode3_film_train_vi_7s_wav2vec2_mfbe_pitch | Mode3_film_train_vi_7s_wav2vec2_mfcc_only | Mode3_film_train_vi_7s_wav2vec2_mfbe_only | Mode3_film_train_vi_7s_wav2vec2_pitch_only
full_length,ENS_representation_ptm_train_vi_7s_ptm_mfcc_pitch__wavlm_hubert__a60,ensemble,representation_ptm,train_vi_7s__wavlm__mfcc_pitch | train_vi_7s__hubert__mfcc_pitch,"0.6000,0.4000",ensemble,ensemble,ensemble,ensemble,multi,19.875518749628846,1.0,9895,0,,Mode3_film_train_vi_7s_wavlm_mfcc_pitch | Mode3_film_train_vi_7s_hubert_mfcc_pitch
full_length,ENS_representation_hc_train_vi_7s_hc_hubert__mfcc_pitch_mfbe_pitch_mfcc_mfbe_pitch__a45,ensemble,representation_hc,train_vi_7s__hubert__mfcc_pitch | train_vi_7s__hubert__mfbe_pitch | train_vi_7s__hubert__mfcc_only | train_vi_7s__hubert__mfbe_only | train_vi_7s__hubert__pitch_only,"0.4500,0.2000,0.1500,0.1000,0.1000",ensemble,ensemble,ensemble,ensemble,multi,19.91609721796414,1.0,9895,0,,Mode3_film_train_vi_7s_hubert_mfcc_pitch | Mode3_film_train_vi_7s_hubert_mfbe_pitch | Mode3_film_train_vi_7s_hubert_mfcc_only | Mode3_film_train_vi_7s_hubert_mfbe_only | Mode3_film_train_vi_7s_hubert_pitch_only
full_length,ENS_representation_hc_train_vi_7s_hc_wavlm__mfcc_pitch_mfbe_pitch_mfbe__a60,ensemble,representation_hc,train_vi_7s__wavlm__mfcc_pitch | train_vi_7s__wavlm__mfbe_pitch | train_vi_7s__wavlm__mfbe_only,"0.6000,0.2500,0.1500",ensemble,ensemble,ensemble,ensemble,multi,19.990541844257496,1.0,9895,0,,Mode3_film_train_vi_7s_wavlm_mfcc_pitch | Mode3_film_train_vi_7s_wavlm_mfbe_pitch | Mode3_film_train_vi_7s_wavlm_mfbe_only
full_length,ENS_representation_hc_train_vi_7s_hc_hubert__mfcc_mfbe__a70,ensemble,representation_hc,train_vi_7s__hubert__mfcc_only | train_vi_7s__hubert__mfbe_only,"0.7000,0.3000",ensemble,ensemble,ensemble,ensemble,multi,20.064986470550846,1.0,9895,0,,Mode3_film_train_vi_7s_hubert_mfcc_only | Mode3_film_train_vi_7s_hubert_mfbe_only
full_length,ENS_representation_ptm_train_vi_7s_ptm_mfcc_pitch__wavlm_hubert__eq,ensemble,representation_ptm,train_vi_7s__wavlm__mfcc_pitch | train_vi_7s__hubert__mfcc_pitch,"0.5000,0.5000",ensemble,ensemble,ensemble,ensemble,multi,20.11227724926338,1.0,9895,0,,Mode3_film_train_vi_7s_wavlm_mfcc_pitch | Mode3_film_train_vi_7s_hubert_mfcc_pitch
full_length,ENS_representation_hc_train_vi_7s_hc_wav2vec2__mfcc_pitch_mfbe_pitch_mfbe__a60,ensemble,representation_hc,train_vi_7s__wav2vec2__mfcc_pitch | train_vi_7s__wav2vec2__mfbe_pitch | train_vi_7s__wav2vec2__mfbe_only,"0.6000,0.2500,0.1500",ensemble,ensemble,ensemble,ensemble,multi,20.193434185933963,1.0,9895,0,,Mode3_film_train_vi_7s_wav2vec2_mfcc_pitch | Mode3_film_train_vi_7s_wav2vec2_mfbe_pitch | Mode3_film_train_vi_7s_wav2vec2_mfbe_only
full_length,ENS_representation_hc_train_vi_7s_hc_hubert__mfcc_pitch_mfbe_pitch_mfbe_pitch__a45,ensemble,representation_hc,train_vi_7s__hubert__mfcc_pitch | train_vi_7s__hubert__mfbe_pitch | train_vi_7s__hubert__mfbe_only | train_vi_7s__hubert__pitch_only,"0.4500,0.2500,0.1500,0.1500",ensemble,ensemble,ensemble,ensemble,multi,20.234012654269257,1.0,9895,0,,Mode3_film_train_vi_7s_hubert_mfcc_pitch | Mode3_film_train_vi_7s_hubert_mfbe_pitch | Mode3_film_train_vi_7s_hubert_mfbe_only | Mode3_film_train_vi_7s_hubert_pitch_only
full_length,ENS_representation_hc_train_vi_7s_hc_wavlm__mfcc_pitch_mfbe__a70,ensemble,representation_hc,train_vi_7s__wavlm__mfcc_pitch | train_vi_7s__wavlm__mfbe_only,"0.7000,0.3000",ensemble,ensemble,ensemble,ensemble,multi,20.28130343298178,1.0,9895,0,,Mode3_film_train_vi_7s_wavlm_mfcc_pitch | Mode3_film_train_vi_7s_wavlm_mfbe_only
full_length,ENS_representation_hc_train_vi_7s_hc_hubert__mfcc_pitch_mfbe_pitch_mfcc_mfbe_pitch__a40,ensemble,representation_hc,train_vi_7s__hubert__mfcc_pitch | train_vi_7s__hubert__mfbe_pitch | train_vi_7s__hubert__mfcc_only | train_vi_7s__hubert__mfbe_only | train_vi_7s__hubert__pitch_only,"0.4000,0.2500,0.1500,0.1000,0.1000",ensemble,ensemble,ensemble,ensemble,multi,20.328594211694302,1.0,9895,0,,Mode3_film_train_vi_7s_hubert_mfcc_pitch | Mode3_film_train_vi_7s_hubert_mfbe_pitch | Mode3_film_train_vi_7s_hubert_mfcc_only | Mode3_film_train_vi_7s_hubert_mfbe_only | Mode3_film_train_vi_7s_hubert_pitch_only
full_length,ENS_representation_hc_train_vi_7s_hc_wav2vec2__mfbe_pitch_mfcc_mfbe__eq,ensemble,representation_hc,train_vi_7s__wav2vec2__mfbe_pitch | train_vi_7s__wav2vec2__mfcc_only | train_vi_7s__wav2vec2__mfbe_only,"0.3333,0.3333,0.3333",ensemble,ensemble,ensemble,ensemble,multi,20.396326527610427,1.0,9895,0,,Mode3_film_train_vi_7s_wav2vec2_mfbe_pitch | Mode3_film_train_vi_7s_wav2vec2_mfcc_only | Mode3_film_train_vi_7s_wav2vec2_mfbe_only
full_length,ENS_representation_hc_train_vi_7s_hc_hubert__mfcc_pitch_mfcc_mfbe__a60,ensemble,representation_hc,train_vi_7s__hubert__mfcc_pitch | train_vi_7s__hubert__mfcc_only | train_vi_7s__hubert__mfbe_only,"0.6000,0.2500,0.1500",ensemble,ensemble,ensemble,ensemble,multi,20.44361730632295,1.0,9895,0,,Mode3_film_train_vi_7s_hubert_mfcc_pitch | Mode3_film_train_vi_7s_hubert_mfcc_only | Mode3_film_train_vi_7s_hubert_mfbe_only
full_length,ENS_representation_hc_train_vi_7s_hc_hubert__mfcc_pitch_mfcc_mfbe__a50,ensemble,representation_hc,train_vi_7s__hubert__mfcc_pitch | train_vi_7s__hubert__mfcc_only | train_vi_7s__hubert__mfbe_only,"0.5000,0.3000,0.2000",ensemble,ensemble,ensemble,ensemble,multi,20.450329616700184,1.0,9895,0,,Mode3_film_train_vi_7s_hubert_mfcc_pitch | Mode3_film_train_vi_7s_hubert_mfcc_only | Mode3_film_train_vi_7s_hubert_mfbe_only
full_length,Mode3_film_train_vi_7s_wav2vec2_mfbe_only,single,single,Mode3_film_train_vi_7s_wav2vec2_mfbe_only,1.0,3,film,mfbe_only,wav2vec2,train_vi_7s,20.484195774658247,1.0,9895,0,train_vi_7s__wav2vec2__mfbe_only,
full_length,ENS_representation_hc_train_vi_7s_hc_wavlm__mfcc_pitch_mfbe_pitch_mfbe__a50,ensemble,representation_hc,train_vi_7s__wavlm__mfcc_pitch | train_vi_7s__wavlm__mfbe_pitch | train_vi_7s__wavlm__mfbe_only,"0.5000,0.3000,0.2000",ensemble,ensemble,ensemble,ensemble,multi,20.484195774658247,1.0,9895,0,,Mode3_film_train_vi_7s_wavlm_mfcc_pitch | Mode3_film_train_vi_7s_wavlm_mfbe_pitch | Mode3_film_train_vi_7s_wavlm_mfbe_only
full_length,ENS_representation_hc_train_vi_7s_hc_hubert__mfcc_mfbe__a60,ensemble,representation_hc,train_vi_7s__hubert__mfcc_only | train_vi_7s__hubert__mfbe_only,"0.6000,0.4000",ensemble,ensemble,ensemble,ensemble,multi,20.484195774658247,1.0,9895,0,,Mode3_film_train_vi_7s_hubert_mfcc_only | Mode3_film_train_vi_7s_hubert_mfbe_only
full_length,ENS_representation_hc_train_vi_7s_hc_wav2vec2__mfbe_pitch_mfcc_mfbe_pitch__a50,ensemble,representation_hc,train_vi_7s__wav2vec2__mfbe_pitch | train_vi_7s__wav2vec2__mfcc_only | train_vi_7s__wav2vec2__mfbe_only | train_vi_7s__wav2vec2__pitch_only,"0.5000,0.2000,0.1500,0.1500",ensemble,ensemble,ensemble,ensemble,multi,20.490908085035482,1.0,9895,0,,Mode3_film_train_vi_7s_wav2vec2_mfbe_pitch | Mode3_film_train_vi_7s_wav2vec2_mfcc_only | Mode3_film_train_vi_7s_wav2vec2_mfbe_only | Mode3_film_train_vi_7s_wav2vec2_pitch_only
full_length,ENS_representation_hc_train_vi_7s_hc_wav2vec2__mfcc_pitch_mfbe_pitch__a70,ensemble,representation_hc,train_vi_7s__wav2vec2__mfcc_pitch | train_vi_7s__wav2vec2__mfbe_pitch,"0.7000,0.3000",ensemble,ensemble,ensemble,ensemble,multi,20.524774242993537,1.0,9895,0,,Mode3_film_train_vi_7s_wav2vec2_mfcc_pitch | Mode3_film_train_vi_7s_wav2vec2_mfbe_pitch
full_length,ENS_representation_hc_train_vi_7s_hc_hubert__mfbe_pitch_pitch__a70,ensemble,representation_hc,train_vi_7s__hubert__mfbe_pitch | train_vi_7s__hubert__pitch_only,"0.7000,0.3000",ensemble,ensemble,ensemble,ensemble,multi,20.60593117966413,1.0,9895,0,,Mode3_film_train_vi_7s_hubert_mfbe_pitch | Mode3_film_train_vi_7s_hubert_pitch_only
full_length,ENS_representation_hc_train_vi_7s_hc_hubert__mfbe_pitch_mfcc_mfbe_pitch__a45,ensemble,representation_hc,train_vi_7s__hubert__mfbe_pitch | train_vi_7s__hubert__mfcc_only | train_vi_7s__hubert__mfbe_only | train_vi_7s__hubert__pitch_only,"0.4500,0.2500,0.1500,0.1500",ensemble,ensemble,ensemble,ensemble,multi,20.639797337622184,1.0,9895,0,,Mode3_film_train_vi_7s_hubert_mfbe_pitch | Mode3_film_train_vi_7s_hubert_mfcc_only | Mode3_film_train_vi_7s_hubert_mfbe_only | Mode3_film_train_vi_7s_hubert_pitch_only
full_length,Mode3_film_train_vi_7s_hubert_mfcc_pitch,single,single,Mode3_film_train_vi_7s_hubert_mfcc_pitch,1.0,3,film,mfcc_pitch,hubert,train_vi_7s,20.693800426711945,1.0,9895,0,train_vi_7s__hubert__mfcc_pitch,
full_length,ENS_representation_hc_train_vi_7s_hc_wavlm__mfcc_pitch_mfbe__a60,ensemble,representation_hc,train_vi_7s__wavlm__mfcc_pitch | train_vi_7s__wavlm__mfbe_only,"0.6000,0.4000",ensemble,ensemble,ensemble,ensemble,multi,20.768245053005298,1.0,9895,0,,Mode3_film_train_vi_7s_wavlm_mfcc_pitch | Mode3_film_train_vi_7s_wavlm_mfbe_only
full_length,ENS_representation_hc_train_vi_7s_hc_hubert__mfcc_pitch_mfcc_mfbe__eq,ensemble,representation_hc,train_vi_7s__hubert__mfcc_pitch | train_vi_7s__hubert__mfcc_only | train_vi_7s__hubert__mfbe_only,"0.3333,0.3333,0.3333",ensemble,ensemble,ensemble,ensemble,multi,20.81553583171782,1.0,9895,0,,Mode3_film_train_vi_7s_hubert_mfcc_pitch | Mode3_film_train_vi_7s_hubert_mfcc_only | Mode3_film_train_vi_7s_hubert_mfbe_only
full_length,ENS_representation_ptm_train_vi_7s_ptm_mfbe_only__wav2vec2_wavlm__a70,ensemble,representation_ptm,train_vi_7s__wav2vec2__mfbe_only | train_vi_7s__wavlm__mfbe_only,"0.7000,0.3000",ensemble,ensemble,ensemble,ensemble,multi,20.849401989675886,1.0,9895,0,,Mode3_film_train_vi_7s_wav2vec2_mfbe_only | Mode3_film_train_vi_7s_wavlm_mfbe_only
full_length,ENS_representation_hc_train_vi_7s_hc_wav2vec2__mfcc_pitch_mfbe_pitch_mfbe__a50,ensemble,representation_hc,train_vi_7s__wav2vec2__mfcc_pitch | train_vi_7s__wav2vec2__mfbe_pitch | train_vi_7s__wav2vec2__mfbe_only,"0.5000,0.3000,0.2000",ensemble,ensemble,ensemble,ensemble,multi,20.92384661596924,1.0,9895,0,,Mode3_film_train_vi_7s_wav2vec2_mfcc_pitch | Mode3_film_train_vi_7s_wav2vec2_mfbe_pitch | Mode3_film_train_vi_7s_wav2vec2_mfbe_only
full_length,ENS_representation_hc_train_vi_7s_hc_wav2vec2__mfbe_pitch_mfcc__eq,ensemble,representation_hc,train_vi_7s__wav2vec2__mfbe_pitch | train_vi_7s__wav2vec2__mfcc_only,"0.5000,0.5000",ensemble,ensemble,ensemble,ensemble,multi,20.971137394681765,1.0,9895,0,,Mode3_film_train_vi_7s_wav2vec2_mfbe_pitch | Mode3_film_train_vi_7s_wav2vec2_mfcc_only
full_length,ENS_representation_hc_train_vi_7s_hc_wav2vec2__mfbe_pitch_mfcc_pitch__a60,ensemble,representation_hc,train_vi_7s__wav2vec2__mfbe_pitch | train_vi_7s__wav2vec2__mfcc_only | train_vi_7s__wav2vec2__pitch_only,"0.6000,0.2500,0.1500",ensemble,ensemble,ensemble,ensemble,multi,21.126738957645706,1.0,9895,0,,Mode3_film_train_vi_7s_wav2vec2_mfbe_pitch | Mode3_film_train_vi_7s_wav2vec2_mfcc_only | Mode3_film_train_vi_7s_wav2vec2_pitch_only
full_length,ENS_representation_hc_train_vi_7s_hc_hubert__mfbe_pitch_mfcc_pitch__a60,ensemble,representation_hc,train_vi_7s__hubert__mfbe_pitch | train_vi_7s__hubert__mfcc_only | train_vi_7s__hubert__pitch_only,"0.6000,0.2500,0.1500",ensemble,ensemble,ensemble,ensemble,multi,21.133451268022938,1.0,9895,0,,Mode3_film_train_vi_7s_hubert_mfbe_pitch | Mode3_film_train_vi_7s_hubert_mfcc_only | Mode3_film_train_vi_7s_hubert_pitch_only
full_length,ENS_representation_hc_train_vi_7s_hc_wavlm__mfcc_pitch_mfbe_pitch_mfbe__eq,ensemble,representation_hc,train_vi_7s__wavlm__mfcc_pitch | train_vi_7s__wavlm__mfbe_pitch | train_vi_7s__wavlm__mfbe_only,"0.3333,0.3333,0.3333",ensemble,ensemble,ensemble,ensemble,multi,21.18074204673546,1.0,9895,0,,Mode3_film_train_vi_7s_wavlm_mfcc_pitch | Mode3_film_train_vi_7s_wavlm_mfbe_pitch | Mode3_film_train_vi_7s_wavlm_mfbe_only
full_length,ENS_representation_hc_train_vi_7s_hc_hubert__mfcc_mfbe__eq,ensemble,representation_hc,train_vi_7s__hubert__mfcc_only | train_vi_7s__hubert__mfbe_only,"0.5000,0.5000",ensemble,ensemble,ensemble,ensemble,multi,21.22803282544799,1.0,9895,0,,Mode3_film_train_vi_7s_hubert_mfcc_only | Mode3_film_train_vi_7s_hubert_mfbe_only
full_length,ENS_representation_ptm_train_vi_7s_ptm_mfbe_only__wav2vec2_wavlm__a60,ensemble,representation_ptm,train_vi_7s__wav2vec2__mfbe_only | train_vi_7s__wavlm__mfbe_only,"0.6000,0.4000",ensemble,ensemble,ensemble,ensemble,multi,21.261898983406052,1.0,9895,0,,Mode3_film_train_vi_7s_wav2vec2_mfbe_only | Mode3_film_train_vi_7s_wavlm_mfbe_only
full_length,ENS_representation_hc_train_vi_7s_hc_hubert__mfbe_pitch_mfcc_mfbe_pitch__a50,ensemble,representation_hc,train_vi_7s__hubert__mfbe_pitch | train_vi_7s__hubert__mfcc_only | train_vi_7s__hubert__mfbe_only | train_vi_7s__hubert__pitch_only,"0.5000,0.2000,0.1500,0.1500",ensemble,ensemble,ensemble,ensemble,multi,21.261898983406052,1.0,9895,0,,Mode3_film_train_vi_7s_hubert_mfbe_pitch | Mode3_film_train_vi_7s_hubert_mfcc_only | Mode3_film_train_vi_7s_hubert_mfbe_only | Mode3_film_train_vi_7s_hubert_pitch_only
full_length,ENS_representation_hc_train_vi_7s_hc_wav2vec2__mfbe_pitch_pitch__a70,ensemble,representation_hc,train_vi_7s__wav2vec2__mfbe_pitch | train_vi_7s__wav2vec2__pitch_only,"0.7000,0.3000",ensemble,ensemble,ensemble,ensemble,multi,21.302477451741343,1.0,9895,0,,Mode3_film_train_vi_7s_wav2vec2_mfbe_pitch | Mode3_film_train_vi_7s_wav2vec2_pitch_only
full_length,ENS_representation_hc_train_vi_7s_hc_wavlm__mfcc_pitch_mfbe__eq,ensemble,representation_hc,train_vi_7s__wavlm__mfcc_pitch | train_vi_7s__wavlm__mfbe_only,"0.5000,0.5000",ensemble,ensemble,ensemble,ensemble,multi,21.302477451741343,1.0,9895,0,,Mode3_film_train_vi_7s_wavlm_mfcc_pitch | Mode3_film_train_vi_7s_wavlm_mfbe_only
full_length,ENS_representation_hc_train_vi_7s_hc_wav2vec2__mfbe_pitch_mfbe_pitch__a50,ensemble,representation_hc,train_vi_7s__wav2vec2__mfbe_pitch | train_vi_7s__wav2vec2__mfbe_only | train_vi_7s__wav2vec2__pitch_only,"0.5000,0.3000,0.2000",ensemble,ensemble,ensemble,ensemble,multi,21.34976823045387,1.0,9895,0,,Mode3_film_train_vi_7s_wav2vec2_mfbe_pitch | Mode3_film_train_vi_7s_wav2vec2_mfbe_only | Mode3_film_train_vi_7s_wav2vec2_pitch_only
full_length,ENS_representation_ptm_train_vi_7s_ptm_mfbe_only__wav2vec2_hubert__a70,ensemble,representation_ptm,train_vi_7s__wav2vec2__mfbe_only | train_vi_7s__hubert__mfbe_only,"0.7000,0.3000",ensemble,ensemble,ensemble,ensemble,multi,21.383634388411927,1.0,9895,0,,Mode3_film_train_vi_7s_wav2vec2_mfbe_only | Mode3_film_train_vi_7s_hubert_mfbe_only
full_length,ENS_representation_hc_train_vi_7s_hc_wav2vec2__mfcc_pitch_mfbe_pitch__a60,ensemble,representation_hc,train_vi_7s__wav2vec2__mfcc_pitch | train_vi_7s__wav2vec2__mfbe_pitch,"0.6000,0.4000",ensemble,ensemble,ensemble,ensemble,multi,21.39034669878916,1.0,9895,0,,Mode3_film_train_vi_7s_wav2vec2_mfcc_pitch | Mode3_film_train_vi_7s_wav2vec2_mfbe_pitch
full_length,ENS_representation_ptm_train_vi_7s_ptm_mfbe_only__wav2vec2_wavlm_hubert__a60,ensemble,representation_ptm,train_vi_7s__wav2vec2__mfbe_only | train_vi_7s__wavlm__mfbe_only | train_vi_7s__hubert__mfbe_only,"0.6000,0.2500,0.1500",ensemble,ensemble,ensemble,ensemble,multi,21.42421285674722,1.0,9895,0,,Mode3_film_train_vi_7s_wav2vec2_mfbe_only | Mode3_film_train_vi_7s_wavlm_mfbe_only | Mode3_film_train_vi_7s_hubert_mfbe_only
full_length,ENS_representation_hc_train_vi_7s_hc_wav2vec2__mfcc_pitch_mfbe_pitch_mfbe__eq,ensemble,representation_hc,train_vi_7s__wav2vec2__mfcc_pitch | train_vi_7s__wav2vec2__mfbe_pitch | train_vi_7s__wav2vec2__mfbe_only,"0.3333,0.3333,0.3333",ensemble,ensemble,ensemble,ensemble,multi,21.545948261753104,1.0,9895,0,,Mode3_film_train_vi_7s_wav2vec2_mfcc_pitch | Mode3_film_train_vi_7s_wav2vec2_mfbe_pitch | Mode3_film_train_vi_7s_wav2vec2_mfbe_only
full_length,ENS_representation_hc_train_vi_7s_hc_hubert__mfcc_pitch_mfbe_pitch_mfcc__a60,ensemble,representation_hc,train_vi_7s__hubert__mfcc_pitch | train_vi_7s__hubert__mfbe_pitch | train_vi_7s__hubert__mfcc_only,"0.6000,0.2500,0.1500",ensemble,ensemble,ensemble,ensemble,multi,21.586526730088394,1.0,9895,0,,Mode3_film_train_vi_7s_hubert_mfcc_pitch | Mode3_film_train_vi_7s_hubert_mfbe_pitch | Mode3_film_train_vi_7s_hubert_mfcc_only
full_length,ENS_representation_hc_train_vi_7s_hc_hubert__mfcc_pitch_mfbe_pitch_mfcc__eq,ensemble,representation_hc,train_vi_7s__hubert__mfcc_pitch | train_vi_7s__hubert__mfbe_pitch | train_vi_7s__hubert__mfcc_only,"0.3333,0.3333,0.3333",ensemble,ensemble,ensemble,ensemble,multi,21.59323904046563,1.0,9895,0,,Mode3_film_train_vi_7s_hubert_mfcc_pitch | Mode3_film_train_vi_7s_hubert_mfbe_pitch | Mode3_film_train_vi_7s_hubert_mfcc_only
full_length,ENS_representation_hc_train_vi_7s_hc_hubert__mfcc_pitch_mfbe__a70,ensemble,representation_hc,train_vi_7s__hubert__mfcc_pitch | train_vi_7s__hubert__mfbe_only,"0.7000,0.3000",ensemble,ensemble,ensemble,ensemble,multi,21.627105198423692,1.0,9895,0,,Mode3_film_train_vi_7s_hubert_mfcc_pitch | Mode3_film_train_vi_7s_hubert_mfbe_only
full_length,ENS_representation_ptm_train_vi_7s_ptm_mfbe_only__wav2vec2_wavlm__eq,ensemble,representation_ptm,train_vi_7s__wav2vec2__mfbe_only | train_vi_7s__wavlm__mfbe_only,"0.5000,0.5000",ensemble,ensemble,ensemble,ensemble,multi,21.66768366675898,1.0,9895,0,,Mode3_film_train_vi_7s_wav2vec2_mfbe_only | Mode3_film_train_vi_7s_wavlm_mfbe_only
full_length,ENS_representation_ptm_train_vi_7s_ptm_mfbe_only__wav2vec2_wavlm_hubert__a50,ensemble,representation_ptm,train_vi_7s__wav2vec2__mfbe_only | train_vi_7s__wavlm__mfbe_only | train_vi_7s__hubert__mfbe_only,"0.5000,0.3000,0.2000",ensemble,ensemble,ensemble,ensemble,multi,21.71497444547151,1.0,9895,0,,Mode3_film_train_vi_7s_wav2vec2_mfbe_only | Mode3_film_train_vi_7s_wavlm_mfbe_only | Mode3_film_train_vi_7s_hubert_mfbe_only
full_length,ENS_representation_ptm_train_vi_7s_ptm_mfbe_only__wav2vec2_hubert__a60,ensemble,representation_ptm,train_vi_7s__wav2vec2__mfbe_only | train_vi_7s__hubert__mfbe_only,"0.6000,0.4000",ensemble,ensemble,ensemble,ensemble,multi,21.74212829305234,1.0,9895,0,,Mode3_film_train_vi_7s_wav2vec2_mfbe_only | Mode3_film_train_vi_7s_hubert_mfbe_only
full_length,ENS_representation_hc_train_vi_7s_hc_hubert__mfbe_pitch_mfbe_pitch__a50,ensemble,representation_hc,train_vi_7s__hubert__mfbe_pitch | train_vi_7s__hubert__mfbe_only | train_vi_7s__hubert__pitch_only,"0.5000,0.3000,0.2000",ensemble,ensemble,ensemble,ensemble,multi,21.863863698058214,1.0,9895,0,,Mode3_film_train_vi_7s_hubert_mfbe_pitch | Mode3_film_train_vi_7s_hubert_mfbe_only | Mode3_film_train_vi_7s_hubert_pitch_only
full_length,ENS_representation_hc_train_vi_7s_hc_hubert__mfcc_pitch_mfbe_pitch_mfcc__a50,ensemble,representation_hc,train_vi_7s__hubert__mfcc_pitch | train_vi_7s__hubert__mfbe_pitch | train_vi_7s__hubert__mfcc_only,"0.5000,0.3000,0.2000",ensemble,ensemble,ensemble,ensemble,multi,21.90444216639351,1.0,9895,0,,Mode3_film_train_vi_7s_hubert_mfcc_pitch | Mode3_film_train_vi_7s_hubert_mfbe_pitch | Mode3_film_train_vi_7s_hubert_mfcc_only
full_length,Mode3_film_train_vi_7s_wavlm_mfbe_pitch,single,single,Mode3_film_train_vi_7s_wavlm_mfbe_pitch,1.0,3,film,mfbe_pitch,wavlm,train_vi_7s,21.958445255483266,1.0,9895,0,train_vi_7s__wavlm__mfbe_pitch,
full_length,ENS_representation_hc_train_vi_7s_hc_wav2vec2__mfbe_pitch_mfcc_mfbe__a50,ensemble,representation_hc,train_vi_7s__wav2vec2__mfbe_pitch | train_vi_7s__wav2vec2__mfcc_only | train_vi_7s__wav2vec2__mfbe_only,"0.5000,0.3000,0.2000",ensemble,ensemble,ensemble,ensemble,multi,21.99231141344133,1.0,9895,0,,Mode3_film_train_vi_7s_wav2vec2_mfbe_pitch | Mode3_film_train_vi_7s_wav2vec2_mfcc_only | Mode3_film_train_vi_7s_wav2vec2_mfbe_only
full_length,ENS_representation_ptm_train_vi_7s_ptm_mfbe_only__wav2vec2_hubert__eq,ensemble,representation_ptm,train_vi_7s__wav2vec2__mfbe_only | train_vi_7s__hubert__mfbe_only,"0.5000,0.5000",ensemble,ensemble,ensemble,ensemble,multi,21.99902372381856,1.0,9895,0,,Mode3_film_train_vi_7s_wav2vec2_mfbe_only | Mode3_film_train_vi_7s_hubert_mfbe_only
full_length,ENS_representation_hc_train_vi_7s_hc_wavlm__mfbe_pitch_mfbe__a70,ensemble,representation_hc,train_vi_7s__wavlm__mfbe_pitch | train_vi_7s__wavlm__mfbe_only,"0.7000,0.3000",ensemble,ensemble,ensemble,ensemble,multi,22.080180660489145,1.0,9895,0,,Mode3_film_train_vi_7s_wavlm_mfbe_pitch | Mode3_film_train_vi_7s_wavlm_mfbe_only
full_length,ENS_representation_hc_train_vi_7s_hc_hubert__mfcc_pitch_mfbe__a60,ensemble,representation_hc,train_vi_7s__hubert__mfcc_pitch | train_vi_7s__hubert__mfbe_only,"0.6000,0.4000",ensemble,ensemble,ensemble,ensemble,multi,22.080180660489145,1.0,9895,0,,Mode3_film_train_vi_7s_hubert_mfcc_pitch | Mode3_film_train_vi_7s_hubert_mfbe_only
full_length,ENS_representation_hc_train_vi_7s_hc_hubert__mfcc_pitch_mfbe_pitch_mfcc_mfbe__a50,ensemble,representation_hc,train_vi_7s__hubert__mfcc_pitch | train_vi_7s__hubert__mfbe_pitch | train_vi_7s__hubert__mfcc_only | train_vi_7s__hubert__mfbe_only,"0.5000,0.2000,0.1500,0.1500",ensemble,ensemble,ensemble,ensemble,multi,22.080180660489145,1.0,9895,0,,Mode3_film_train_vi_7s_hubert_mfcc_pitch | Mode3_film_train_vi_7s_hubert_mfbe_pitch | Mode3_film_train_vi_7s_hubert_mfcc_only | Mode3_film_train_vi_7s_hubert_mfbe_only
full_length,ENS_representation_hc_train_vi_7s_hc_wav2vec2__mfbe_pitch_mfcc__a60,ensemble,representation_hc,train_vi_7s__wav2vec2__mfbe_pitch | train_vi_7s__wav2vec2__mfcc_only,"0.6000,0.4000",ensemble,ensemble,ensemble,ensemble,multi,22.201916065495027,1.0,9895,0,,Mode3_film_train_vi_7s_wav2vec2_mfbe_pitch | Mode3_film_train_vi_7s_wav2vec2_mfcc_only
full_length,ENS_representation_hc_train_vi_7s_hc_wav2vec2__mfcc_pitch_mfbe_pitch__eq,ensemble,representation_hc,train_vi_7s__wav2vec2__mfcc_pitch | train_vi_7s__wav2vec2__mfbe_pitch,"0.5000,0.5000",ensemble,ensemble,ensemble,ensemble,multi,22.242494533830317,1.0,9895,0,,Mode3_film_train_vi_7s_wav2vec2_mfcc_pitch | Mode3_film_train_vi_7s_wav2vec2_mfbe_pitch
full_length,ENS_representation_hc_train_vi_7s_hc_hubert__mfbe_pitch_mfcc__eq,ensemble,representation_hc,train_vi_7s__hubert__mfbe_pitch | train_vi_7s__hubert__mfcc_only,"0.5000,0.5000",ensemble,ensemble,ensemble,ensemble,multi,22.242494533830317,1.0,9895,0,,Mode3_film_train_vi_7s_hubert_mfbe_pitch | Mode3_film_train_vi_7s_hubert_mfcc_only
full_length,ENS_representation_hc_train_vi_7s_hc_hubert__mfcc_pitch_mfbe_pitch_mfcc_mfbe__eq,ensemble,representation_hc,train_vi_7s__hubert__mfcc_pitch | train_vi_7s__hubert__mfbe_pitch | train_vi_7s__hubert__mfcc_only | train_vi_7s__hubert__mfbe_only,"0.2500,0.2500,0.2500,0.2500",ensemble,ensemble,ensemble,ensemble,multi,22.242494533830317,1.0,9895,0,,Mode3_film_train_vi_7s_hubert_mfcc_pitch | Mode3_film_train_vi_7s_hubert_mfbe_pitch | Mode3_film_train_vi_7s_hubert_mfcc_only | Mode3_film_train_vi_7s_hubert_mfbe_only
full_length,ENS_representation_hc_train_vi_7s_hc_wavlm__mfbe_pitch_mfbe__a60,ensemble,representation_hc,train_vi_7s__wavlm__mfbe_pitch | train_vi_7s__wavlm__mfbe_only,"0.6000,0.4000",ensemble,ensemble,ensemble,ensemble,multi,22.316939160123674,1.0,9895,0,,Mode3_film_train_vi_7s_wavlm_mfbe_pitch | Mode3_film_train_vi_7s_wavlm_mfbe_only
full_length,ENS_representation_hc_train_vi_7s_hc_hubert__mfcc_pitch_mfbe_pitch_mfcc_mfbe__a45,ensemble,representation_hc,train_vi_7s__hubert__mfcc_pitch | train_vi_7s__hubert__mfbe_pitch | train_vi_7s__hubert__mfcc_only | train_vi_7s__hubert__mfbe_only,"0.4500,0.2500,0.1500,0.1500",ensemble,ensemble,ensemble,ensemble,multi,22.323651470500906,1.0,9895,0,,Mode3_film_train_vi_7s_hubert_mfcc_pitch | Mode3_film_train_vi_7s_hubert_mfbe_pitch | Mode3_film_train_vi_7s_hubert_mfcc_only | Mode3_film_train_vi_7s_hubert_mfbe_only
full_length,ENS_representation_hc_train_vi_7s_hc_hubert__mfcc_pitch_mfbe_pitch__a70,ensemble,representation_hc,train_vi_7s__hubert__mfcc_pitch | train_vi_7s__hubert__mfbe_pitch,"0.7000,0.3000",ensemble,ensemble,ensemble,ensemble,multi,22.398096096794262,1.0,9895,0,,Mode3_film_train_vi_7s_hubert_mfcc_pitch | Mode3_film_train_vi_7s_hubert_mfbe_pitch
full_length,ENS_representation_hc_train_vi_7s_hc_hubert__mfcc_pitch_mfbe__eq,ensemble,representation_hc,train_vi_7s__hubert__mfcc_pitch | train_vi_7s__hubert__mfbe_only,"0.5000,0.5000",ensemble,ensemble,ensemble,ensemble,multi,22.60098843847073,1.0,9895,0,,Mode3_film_train_vi_7s_hubert_mfcc_pitch | Mode3_film_train_vi_7s_hubert_mfbe_only
full_length,ENS_representation_ptm_train_vi_7s_ptm_mfbe_only__wav2vec2_wavlm_hubert__eq,ensemble,representation_ptm,train_vi_7s__wav2vec2__mfbe_only | train_vi_7s__wavlm__mfbe_only | train_vi_7s__hubert__mfbe_only,"0.3333,0.3333,0.3333",ensemble,ensemble,ensemble,ensemble,multi,22.607700748847957,1.0,9895,0,,Mode3_film_train_vi_7s_wav2vec2_mfbe_only | Mode3_film_train_vi_7s_wavlm_mfbe_only | Mode3_film_train_vi_7s_hubert_mfbe_only
full_length,ENS_representation_hc_train_vi_7s_hc_wavlm__mfbe_pitch_mfbe__eq,ensemble,representation_hc,train_vi_7s__wavlm__mfbe_pitch | train_vi_7s__wavlm__mfbe_only,"0.5000,0.5000",ensemble,ensemble,ensemble,ensemble,multi,22.607700748847957,1.0,9895,0,,Mode3_film_train_vi_7s_wavlm_mfbe_pitch | Mode3_film_train_vi_7s_wavlm_mfbe_only
full_length,ENS_representation_hc_train_vi_7s_hc_hubert__mfcc_pitch_mfbe_pitch_mfbe__a60,ensemble,representation_hc,train_vi_7s__hubert__mfcc_pitch | train_vi_7s__hubert__mfbe_pitch | train_vi_7s__hubert__mfbe_only,"0.6000,0.2500,0.1500",ensemble,ensemble,ensemble,ensemble,multi,22.770014622189134,1.0,9895,0,,Mode3_film_train_vi_7s_hubert_mfcc_pitch | Mode3_film_train_vi_7s_hubert_mfbe_pitch | Mode3_film_train_vi_7s_hubert_mfbe_only
full_length,ENS_representation_hc_train_vi_7s_hc_wav2vec2__mfbe_pitch_mfbe_pitch__a60,ensemble,representation_hc,train_vi_7s__wav2vec2__mfbe_pitch | train_vi_7s__wav2vec2__mfbe_only | train_vi_7s__wav2vec2__pitch_only,"0.6000,0.2500,0.1500",ensemble,ensemble,ensemble,ensemble,multi,22.88503771681778,1.0,9895,0,,Mode3_film_train_vi_7s_wav2vec2_mfbe_pitch | Mode3_film_train_vi_7s_wav2vec2_mfbe_only | Mode3_film_train_vi_7s_wav2vec2_pitch_only
full_length,ENS_representation_ptm_train_vi_7s_ptm_mfbe_pitch__wavlm_hubert__a70,ensemble,representation_ptm,train_vi_7s__wavlm__mfbe_pitch | train_vi_7s__hubert__mfbe_pitch,"0.7000,0.3000",ensemble,ensemble,ensemble,ensemble,multi,23.06077621091342,1.0,9895,0,,Mode3_film_train_vi_7s_wavlm_mfbe_pitch | Mode3_film_train_vi_7s_hubert_mfbe_pitch
full_length,ENS_representation_hc_train_vi_7s_hc_hubert__mfcc_pitch_mfbe_pitch__a60,ensemble,representation_hc,train_vi_7s__hubert__mfcc_pitch | train_vi_7s__hubert__mfbe_pitch,"0.6000,0.4000",ensemble,ensemble,ensemble,ensemble,multi,23.06077621091342,1.0,9895,0,,Mode3_film_train_vi_7s_hubert_mfcc_pitch | Mode3_film_train_vi_7s_hubert_mfbe_pitch
full_length,ENS_representation_hc_train_vi_7s_hc_hubert__mfbe_pitch_mfcc_mfbe__eq,ensemble,representation_hc,train_vi_7s__hubert__mfbe_pitch | train_vi_7s__hubert__mfcc_only | train_vi_7s__hubert__mfbe_only,"0.3333,0.3333,0.3333",ensemble,ensemble,ensemble,ensemble,multi,23.06077621091342,1.0,9895,0,,Mode3_film_train_vi_7s_hubert_mfbe_pitch | Mode3_film_train_vi_7s_hubert_mfcc_only | Mode3_film_train_vi_7s_hubert_mfbe_only
full_length,ENS_representation_hc_train_vi_7s_hc_wav2vec2__mfbe_pitch_mfcc_mfbe__a60,ensemble,representation_hc,train_vi_7s__wav2vec2__mfbe_pitch | train_vi_7s__wav2vec2__mfcc_only | train_vi_7s__wav2vec2__mfbe_only,"0.6000,0.2500,0.1500",ensemble,ensemble,ensemble,ensemble,multi,23.13522083720677,1.0,9895,0,,Mode3_film_train_vi_7s_wav2vec2_mfbe_pitch | Mode3_film_train_vi_7s_wav2vec2_mfcc_only | Mode3_film_train_vi_7s_wav2vec2_mfbe_only
full_length,ENS_representation_hc_train_vi_7s_hc_hubert__mfbe_pitch_mfbe_pitch__a60,ensemble,representation_hc,train_vi_7s__hubert__mfbe_pitch | train_vi_7s__hubert__mfbe_only | train_vi_7s__hubert__pitch_only,"0.6000,0.2500,0.1500",ensemble,ensemble,ensemble,ensemble,multi,23.256956242212652,1.0,9895,0,,Mode3_film_train_vi_7s_hubert_mfbe_pitch | Mode3_film_train_vi_7s_hubert_mfbe_only | Mode3_film_train_vi_7s_hubert_pitch_only
full_length,ENS_representation_hc_train_vi_7s_hc_hubert__mfcc_pitch_mfbe_pitch_mfbe__a50,ensemble,representation_hc,train_vi_7s__hubert__mfcc_pitch | train_vi_7s__hubert__mfbe_pitch | train_vi_7s__hubert__mfbe_only,"0.5000,0.3000,0.2000",ensemble,ensemble,ensemble,ensemble,multi,23.351537799637697,1.0,9895,0,,Mode3_film_train_vi_7s_hubert_mfcc_pitch | Mode3_film_train_vi_7s_hubert_mfbe_pitch | Mode3_film_train_vi_7s_hubert_mfbe_only
full_length,ENS_representation_hc_train_vi_7s_hc_hubert__mfbe_pitch_mfcc__a60,ensemble,representation_hc,train_vi_7s__hubert__mfbe_pitch | train_vi_7s__hubert__mfcc_only,"0.6000,0.4000",ensemble,ensemble,ensemble,ensemble,multi,23.38540395759576,1.0,9895,0,,Mode3_film_train_vi_7s_hubert_mfbe_pitch | Mode3_film_train_vi_7s_hubert_mfcc_only
full_length,Mode3_film_train_vi_7s_wavlm_mfbe_only,single,single,Mode3_film_train_vi_7s_wavlm_mfbe_only,1.0,3,film,mfbe_only,wavlm,train_vi_7s,23.547717830936932,1.0,9895,0,train_vi_7s__wavlm__mfbe_only,
full_length,ENS_representation_hc_train_vi_7s_hc_wav2vec2__mfbe_pitch_mfcc__a70,ensemble,representation_hc,train_vi_7s__wav2vec2__mfbe_pitch | train_vi_7s__wav2vec2__mfcc_only,"0.7000,0.3000",ensemble,ensemble,ensemble,ensemble,multi,23.63558707798475,1.0,9895,0,,Mode3_film_train_vi_7s_wav2vec2_mfbe_pitch | Mode3_film_train_vi_7s_wav2vec2_mfcc_only
full_length,ENS_representation_ptm_train_vi_7s_ptm_mfbe_pitch__wavlm_hubert__a60,ensemble,representation_ptm,train_vi_7s__wavlm__mfbe_pitch | train_vi_7s__hubert__mfbe_pitch,"0.6000,0.4000",ensemble,ensemble,ensemble,ensemble,multi,23.79790095132593,1.0,9895,0,,Mode3_film_train_vi_7s_wavlm_mfbe_pitch | Mode3_film_train_vi_7s_hubert_mfbe_pitch
full_length,ENS_representation_hc_train_vi_7s_hc_hubert__mfbe_pitch_mfcc_mfbe__a50,ensemble,representation_hc,train_vi_7s__hubert__mfbe_pitch | train_vi_7s__hubert__mfcc_only | train_vi_7s__hubert__mfbe_only,"0.5000,0.3000,0.2000",ensemble,ensemble,ensemble,ensemble,multi,23.865633267242046,1.0,9895,0,,Mode3_film_train_vi_7s_hubert_mfbe_pitch | Mode3_film_train_vi_7s_hubert_mfcc_only | Mode3_film_train_vi_7s_hubert_mfbe_only
full_length,ENS_representation_hc_train_vi_7s_hc_hubert__mfcc_pitch_mfbe_pitch__eq,ensemble,representation_hc,train_vi_7s__hubert__mfcc_pitch | train_vi_7s__hubert__mfbe_pitch,"0.5000,0.5000",ensemble,ensemble,ensemble,ensemble,multi,23.879057887996513,1.0,9895,0,,Mode3_film_train_vi_7s_hubert_mfcc_pitch | Mode3_film_train_vi_7s_hubert_mfbe_pitch
full_length,ENS_representation_hc_train_vi_7s_hc_wav2vec2__mfbe_pitch_mfbe__eq,ensemble,representation_hc,train_vi_7s__wav2vec2__mfbe_pitch | train_vi_7s__wav2vec2__mfbe_only,"0.5000,0.5000",ensemble,ensemble,ensemble,ensemble,multi,24.041371761337686,1.0,9895,0,,Mode3_film_train_vi_7s_wav2vec2_mfbe_pitch | Mode3_film_train_vi_7s_wav2vec2_mfbe_only
full_length,ENS_representation_ptm_train_vi_7s_ptm_mfbe_only__wavlm_hubert__a70,ensemble,representation_ptm,train_vi_7s__wavlm__mfbe_only | train_vi_7s__hubert__mfbe_only,"0.7000,0.3000",ensemble,ensemble,ensemble,ensemble,multi,24.088662540050212,1.0,9895,0,,Mode3_film_train_vi_7s_wavlm_mfbe_only | Mode3_film_train_vi_7s_hubert_mfbe_only
full_length,ENS_representation_hc_train_vi_7s_hc_hubert__mfcc_pitch_mfbe_pitch_mfbe__eq,ensemble,representation_hc,train_vi_7s__hubert__mfcc_pitch | train_vi_7s__hubert__mfbe_pitch | train_vi_7s__hubert__mfbe_only,"0.3333,0.3333,0.3333",ensemble,ensemble,ensemble,ensemble,multi,24.284842571349447,1.0,9895,0,,Mode3_film_train_vi_7s_hubert_mfcc_pitch | Mode3_film_train_vi_7s_hubert_mfbe_pitch | Mode3_film_train_vi_7s_hubert_mfbe_only
full_length,ENS_representation_ptm_train_vi_7s_ptm_mfbe_only__wavlm_hubert__a60,ensemble,representation_ptm,train_vi_7s__wavlm__mfbe_only | train_vi_7s__hubert__mfbe_only,"0.6000,0.4000",ensemble,ensemble,ensemble,ensemble,multi,24.33213335006197,1.0,9895,0,,Mode3_film_train_vi_7s_wavlm_mfbe_only | Mode3_film_train_vi_7s_hubert_mfbe_only
full_length,ENS_representation_hc_train_vi_7s_hc_hubert__mfbe_pitch_mfcc__a70,ensemble,representation_hc,train_vi_7s__hubert__mfbe_pitch | train_vi_7s__hubert__mfcc_only,"0.7000,0.3000",ensemble,ensemble,ensemble,ensemble,multi,24.39986566597809,1.0,9895,0,,Mode3_film_train_vi_7s_hubert_mfbe_pitch | Mode3_film_train_vi_7s_hubert_mfcc_only
full_length,ENS_representation_ptm_train_vi_7s_ptm_mfbe_pitch__wavlm_hubert__eq,ensemble,representation_ptm,train_vi_7s__wavlm__mfbe_pitch | train_vi_7s__hubert__mfbe_pitch,"0.5000,0.5000",ensemble,ensemble,ensemble,ensemble,multi,24.406577976355322,1.0,9895,0,,Mode3_film_train_vi_7s_wavlm_mfbe_pitch | Mode3_film_train_vi_7s_hubert_mfbe_pitch
full_length,ENS_representation_ptm_train_vi_7s_ptm_mfbe_only__wavlm_hubert__eq,ensemble,representation_ptm,train_vi_7s__wavlm__mfbe_only | train_vi_7s__hubert__mfbe_only,"0.5000,0.5000",ensemble,ensemble,ensemble,ensemble,multi,24.413290286732554,1.0,9895,0,,Mode3_film_train_vi_7s_wavlm_mfbe_only | Mode3_film_train_vi_7s_hubert_mfbe_only
full_length,ENS_representation_hc_train_vi_7s_hc_hubert__mfbe_pitch_mfcc_mfbe__a60,ensemble,representation_hc,train_vi_7s__hubert__mfbe_pitch | train_vi_7s__hubert__mfcc_only | train_vi_7s__hubert__mfbe_only,"0.6000,0.2500,0.1500",ensemble,ensemble,ensemble,ensemble,multi,24.45386875506785,1.0,9895,0,,Mode3_film_train_vi_7s_hubert_mfbe_pitch | Mode3_film_train_vi_7s_hubert_mfcc_only | Mode3_film_train_vi_7s_hubert_mfbe_only
full_length,Mode3_film_train_vi_7s_hubert_mfbe_only,single,single,Mode3_film_train_vi_7s_hubert_mfbe_only,1.0,3,film,mfbe_only,hubert,train_vi_7s,24.900231906756076,1.0,9895,0,train_vi_7s__hubert__mfbe_only,
full_length,ENS_representation_hc_train_vi_7s_hc_wav2vec2__mfbe_pitch_mfbe__a60,ensemble,representation_hc,train_vi_7s__wav2vec2__mfbe_pitch | train_vi_7s__wav2vec2__mfbe_only,"0.6000,0.4000",ensemble,ensemble,ensemble,ensemble,multi,24.906944217133308,1.0,9895,0,,Mode3_film_train_vi_7s_wav2vec2_mfbe_pitch | Mode3_film_train_vi_7s_wav2vec2_mfbe_only
full_length,ENS_representation_ptm_train_vi_7s_ptm_mfbe_pitch__wav2vec2_wavlm__eq,ensemble,representation_ptm,train_vi_7s__wav2vec2__mfbe_pitch | train_vi_7s__wavlm__mfbe_pitch,"0.5000,0.5000",ensemble,ensemble,ensemble,ensemble,multi,25.021967311761955,1.0,9895,0,,Mode3_film_train_vi_7s_wav2vec2_mfbe_pitch | Mode3_film_train_vi_7s_wavlm_mfbe_pitch
full_length,ENS_representation_ptm_train_vi_7s_ptm_mfbe_pitch__wav2vec2_wavlm__a60,ensemble,representation_ptm,train_vi_7s__wav2vec2__mfbe_pitch | train_vi_7s__wavlm__mfbe_pitch,"0.6000,0.4000",ensemble,ensemble,ensemble,ensemble,multi,25.799670520509753,1.0,9895,0,,Mode3_film_train_vi_7s_wav2vec2_mfbe_pitch | Mode3_film_train_vi_7s_wavlm_mfbe_pitch
full_length,ENS_representation_hc_train_vi_7s_hc_wav2vec2__mfbe_pitch_mfbe__a70,ensemble,representation_hc,train_vi_7s__wav2vec2__mfbe_pitch | train_vi_7s__wav2vec2__mfbe_only,"0.7000,0.3000",ensemble,ensemble,ensemble,ensemble,multi,26.002562862186217,1.0,9895,0,,Mode3_film_train_vi_7s_wav2vec2_mfbe_pitch | Mode3_film_train_vi_7s_wav2vec2_mfbe_only
full_length,ENS_representation_ptm_train_vi_7s_ptm_mfbe_pitch__wav2vec2_wavlm_hubert__eq,ensemble,representation_ptm,train_vi_7s__wav2vec2__mfbe_pitch | train_vi_7s__wavlm__mfbe_pitch | train_vi_7s__hubert__mfbe_pitch,"0.3333,0.3333,0.3333",ensemble,ensemble,ensemble,ensemble,multi,26.083719798856812,1.0,9895,0,,Mode3_film_train_vi_7s_wav2vec2_mfbe_pitch | Mode3_film_train_vi_7s_wavlm_mfbe_pitch | Mode3_film_train_vi_7s_hubert_mfbe_pitch
full_length,ENS_representation_hc_train_vi_7s_hc_hubert__mfbe_pitch_mfbe__eq,ensemble,representation_hc,train_vi_7s__hubert__mfbe_pitch | train_vi_7s__hubert__mfbe_only,"0.5000,0.5000",ensemble,ensemble,ensemble,ensemble,multi,26.083719798856812,1.0,9895,0,,Mode3_film_train_vi_7s_hubert_mfbe_pitch | Mode3_film_train_vi_7s_hubert_mfbe_only
full_length,ENS_representation_hc_train_vi_7s_hc_hubert__mfbe_pitch_mfbe__a60,ensemble,representation_hc,train_vi_7s__hubert__mfbe_pitch | train_vi_7s__hubert__mfbe_only,"0.6000,0.4000",ensemble,ensemble,ensemble,ensemble,multi,26.36776907720386,1.0,9895,0,,Mode3_film_train_vi_7s_hubert_mfbe_pitch | Mode3_film_train_vi_7s_hubert_mfbe_only
full_length,ENS_representation_ptm_train_vi_7s_ptm_mfbe_pitch__wav2vec2_wavlm_hubert__a50,ensemble,representation_ptm,train_vi_7s__wav2vec2__mfbe_pitch | train_vi_7s__wavlm__mfbe_pitch | train_vi_7s__hubert__mfbe_pitch,"0.5000,0.3000,0.2000",ensemble,ensemble,ensemble,ensemble,multi,26.523370640167805,1.0,9895,0,,Mode3_film_train_vi_7s_wav2vec2_mfbe_pitch | Mode3_film_train_vi_7s_wavlm_mfbe_pitch | Mode3_film_train_vi_7s_hubert_mfbe_pitch
full_length,ENS_representation_ptm_train_vi_7s_ptm_mfbe_pitch__wav2vec2_wavlm__a70,ensemble,representation_ptm,train_vi_7s__wav2vec2__mfbe_pitch | train_vi_7s__wavlm__mfbe_pitch,"0.7000,0.3000",ensemble,ensemble,ensemble,ensemble,multi,26.78026607093403,1.0,9895,0,,Mode3_film_train_vi_7s_wav2vec2_mfbe_pitch | Mode3_film_train_vi_7s_wavlm_mfbe_pitch
full_length,ENS_representation_hc_train_vi_7s_hc_hubert__mfbe_pitch_mfbe__a70,ensemble,representation_hc,train_vi_7s__hubert__mfbe_pitch | train_vi_7s__hubert__mfbe_only,"0.7000,0.3000",ensemble,ensemble,ensemble,ensemble,multi,26.78026607093403,1.0,9895,0,,Mode3_film_train_vi_7s_hubert_mfbe_pitch | Mode3_film_train_vi_7s_hubert_mfbe_only
full_length,ENS_representation_ptm_train_vi_7s_ptm_mfbe_pitch__wav2vec2_wavlm_hubert__a60,ensemble,representation_ptm,train_vi_7s__wav2vec2__mfbe_pitch | train_vi_7s__wavlm__mfbe_pitch | train_vi_7s__hubert__mfbe_pitch,"0.6000,0.2500,0.1500",ensemble,ensemble,ensemble,ensemble,multi,26.861423007604614,1.0,9895,0,,Mode3_film_train_vi_7s_wav2vec2_mfbe_pitch | Mode3_film_train_vi_7s_wavlm_mfbe_pitch | Mode3_film_train_vi_7s_hubert_mfbe_pitch
full_length,Mode3_film_train_vi_7s_hubert_mfbe_pitch,single,single,Mode3_film_train_vi_7s_hubert_mfbe_pitch,1.0,3,film,mfbe_pitch,hubert,train_vi_7s,27.882597026364174,1.0,9895,0,train_vi_7s__hubert__mfbe_pitch,
full_length,ENS_representation_ptm_train_vi_7s_ptm_mfbe_pitch__wav2vec2_hubert__eq,ensemble,representation_ptm,train_vi_7s__wav2vec2__mfbe_pitch | train_vi_7s__hubert__mfbe_pitch,"0.5000,0.5000",ensemble,ensemble,ensemble,ensemble,multi,28.295094020094343,1.0,9895,0,,Mode3_film_train_vi_7s_wav2vec2_mfbe_pitch | Mode3_film_train_vi_7s_hubert_mfbe_pitch
full_length,ENS_representation_ptm_train_vi_7s_ptm_mfbe_pitch__wav2vec2_hubert__a60,ensemble,representation_ptm,train_vi_7s__wav2vec2__mfbe_pitch | train_vi_7s__hubert__mfbe_pitch,"0.6000,0.4000",ensemble,ensemble,ensemble,ensemble,multi,28.328960178052405,1.0,9895,0,,Mode3_film_train_vi_7s_wav2vec2_mfbe_pitch | Mode3_film_train_vi_7s_hubert_mfbe_pitch
full_length,ENS_representation_ptm_train_vi_7s_ptm_mfbe_pitch__wav2vec2_hubert__a70,ensemble,representation_ptm,train_vi_7s__wav2vec2__mfbe_pitch | train_vi_7s__hubert__mfbe_pitch,"0.7000,0.3000",ensemble,ensemble,ensemble,ensemble,multi,28.41682942510022,1.0,9895,0,,Mode3_film_train_vi_7s_wav2vec2_mfbe_pitch | Mode3_film_train_vi_7s_hubert_mfbe_pitch
full_length,Mode3_film_train_vi_7s_wav2vec2_mfbe_pitch,single,single,Mode3_film_train_vi_7s_wav2vec2_mfbe_pitch,1.0,3,film,mfbe_pitch,wav2vec2,train_vi_7s,28.538564830106093,1.0,9895,0,train_vi_7s__wav2vec2__mfbe_pitch,
