exp_name,exp_dir,timestamp,mode,fusion_method,feature_mode,duration,pretrained_model,best_val_eer,best_val_mindcf,epochs_trained,total_train_time_sec,total_train_loop_time_sec,total_val_time_sec,avg_train_epoch_time_sec,avg_val_epoch_time_sec,gflops_per_sample,gflops_total,peak_gpu_memory_allocated_mb,peak_gpu_memory_reserved_mb,total_params,trainable_params,total_param_memory_mb,trainable_param_memory_mb,includes_pretrained_backbone_params,pretrained_backbone_param_source,pretrained_backbone_params,pretrained_backbone_trainable_params,pretrained_backbone_param_memory_mb,pretrained_backbone_trainable_param_memory_mb
Mode1_PTM_train_raw_hubert_bdrop0p3_aug_aam_B_augOn_ap0p2_fn0p005_en0p002_m0p25_s30,./outputs\experiments_final\Mode1_PTM_train_raw_hubert_bdrop0p3_aug_aam_B_augOn_ap0p2_fn0p005_en0p002_m0p25_s30,2026-05-02T14:12:56.068770,1,N/A,N/A,train_raw,hubert,8.66,0.4540999999999993,30,205.82673209998757,197.18191790001583,8.424765200092224,6.572730596667195,0.2808255066697408,0.002898051,22445.52091704,1912.74169921875,2132.0,95077633,397057,362.69238662719727,1.5146522521972656,True,estimated_from_precomputed:hubert_base,94680576,0,361.177734375,0.0
Mode1_PTM_train_raw_wav2vec2_bdrop0p3_aug_aam_B_augOn_ap0p2_fn0p005_en0p002_m0p25_s30,./outputs\experiments_final\Mode1_PTM_train_raw_wav2vec2_bdrop0p3_aug_aam_B_augOn_ap0p2_fn0p005_en0p002_m0p25_s30,2026-05-02T12:09:22.756892,1,N/A,N/A,train_raw,wav2vec2,9.46,0.489799999999999,19,134.60972310000216,128.84805200001574,5.6049851999559905,6.78147642105346,0.2949992210503153,0.002898051,14215.496580792,1914.14111328125,2132.0,95441665,397057,364.08105850219727,1.5146522521972656,True,estimated_from_precomputed:wav2vec2_base,95044608,0,362.56640625,0.0
Mode1_PTM_train_raw_wavlm_bdrop0p3_aug_aam_B_augOn_ap0p2_fn0p005_en0p002_m0p25_s30,./outputs\experiments_final\Mode1_PTM_train_raw_wavlm_bdrop0p3_aug_aam_B_augOn_ap0p2_fn0p005_en0p002_m0p25_s30,2026-05-02T14:15:19.291589,1,N/A,N/A,train_raw,wavlm,8.75,0.4553000000000004,17,137.98367610000423,131.6077595000679,6.212950199958868,7.741632911768701,0.3654676588211099,0.002898051,12719.128519656,1913.99462890625,2132.0,95077633,397057,362.69238662719727,1.5146522521972656,True,estimated_from_precomputed:wavlm_base,94680576,0,361.177734375,0.0
Mode1_PTM_train_vi_3s_hubert_bdrop0p3_aug_aam_B_augOn_ap0p2_fn0p005_en0p002_m0p25_s30,./outputs\experiments_final\Mode1_PTM_train_vi_3s_hubert_bdrop0p3_aug_aam_B_augOn_ap0p2_fn0p005_en0p002_m0p25_s30,2026-05-02T14:25:13.034325,1,N/A,N/A,train_vi_3s,hubert,6.24,0.3257999999999994,17,314.12423560000025,289.80261339995195,24.170854199968744,17.04721255293835,1.4218149529393378,0.002728266,25967.341135272,3662.99951171875,3938.0,95077633,397057,362.69238662719727,1.5146522521972656,True,estimated_from_precomputed:hubert_base,94680576,0,361.177734375,0.0
Mode1_PTM_train_vi_3s_wav2vec2_bdrop0p3_aug_aam_B_augOn_ap0p2_fn0p005_en0p002_m0p25_s30,./outputs\experiments_final\Mode1_PTM_train_vi_3s_wav2vec2_bdrop0p3_aug_aam_B_augOn_ap0p2_fn0p005_en0p002_m0p25_s30,2026-05-02T14:38:40.658610,1,N/A,N/A,train_vi_3s,wav2vec2,7.0699999999999985,0.3504000000000005,18,336.23326310000266,311.41782430000603,24.65572550005163,17.300990238889224,1.3697625277806462,0.002728266,27494.831790288,3665.13037109375,3938.0,95441665,397057,364.08105850219727,1.5146522521972656,True,estimated_from_precomputed:wav2vec2_base,95044608,0,362.56640625,0.0
Mode1_PTM_train_vi_3s_wavlm_bdrop0p3_aug_aam_B_augOn_ap0p2_fn0p005_en0p002_m0p25_s30,./outputs\experiments_final\Mode1_PTM_train_vi_3s_wavlm_bdrop0p3_aug_aam_B_augOn_ap0p2_fn0p005_en0p002_m0p25_s30,2026-05-02T14:32:50.783113,1,N/A,N/A,train_vi_3s,wavlm,6.169999999999999,0.30639999999999984,27,444.37797450000653,414.9314466000942,29.298820300027728,15.367831355559044,1.0851414925936196,0.002728266,41242.247685432,3665.13037109375,3938.0,95077633,397057,362.69238662719727,1.5146522521972656,True,estimated_from_precomputed:wavlm_base,94680576,0,361.177734375,0.0
Mode1_PTM_train_vi_5s_hubert_bdrop0p3_aug_aam_B_augOn_ap0p2_fn0p005_en0p002_m0p25_s30,./outputs\experiments_final\Mode1_PTM_train_vi_5s_hubert_bdrop0p3_aug_aam_B_augOn_ap0p2_fn0p005_en0p002_m0p25_s30,2026-05-02T14:42:25.323128,1,N/A,N/A,train_vi_5s,hubert,5.369999999999998,0.2636000000000009,16,215.33410609999555,192.92350050003733,22.299063699989347,12.057718781252333,1.3936914812493342,0.002198331,13864.680163872,1812.3193359375,1936.0,95077633,397057,362.69238662719727,1.5146522521972656,True,estimated_from_precomputed:hubert_base,94680576,0,361.177734375,0.0
Mode1_PTM_train_vi_5s_wav2vec2_bdrop0p3_aug_aam_B_augOn_ap0p2_fn0p005_en0p002_m0p25_s30,./outputs\experiments_final\Mode1_PTM_train_vi_5s_wav2vec2_bdrop0p3_aug_aam_B_augOn_ap0p2_fn0p005_en0p002_m0p25_s30,2026-05-02T14:50:39.299028,1,N/A,N/A,train_vi_5s,wav2vec2,5.4899999999999975,0.2727000000000005,20,250.16835829999764,225.6644661000464,24.360438400006387,11.28322330500232,1.2180219200003193,0.002198331,17330.85020484,1799.40771484375,1936.0,95441665,397057,364.08105850219727,1.5146522521972656,True,estimated_from_precomputed:wav2vec2_base,95044608,0,362.56640625,0.0
Mode1_PTM_train_vi_5s_wavlm_bdrop0p3_aug_aam_B_augOn_ap0p2_fn0p005_en0p002_m0p25_s30,./outputs\experiments_final\Mode1_PTM_train_vi_5s_wavlm_bdrop0p3_aug_aam_B_augOn_ap0p2_fn0p005_en0p002_m0p25_s30,2026-05-02T14:46:20.507747,1,N/A,N/A,train_vi_5s,wavlm,4.859999999999999,0.24280000000000027,17,226.44689580000704,203.1596708999714,23.107131299941102,11.950568876468905,1.3592430176435943,0.002198331,14731.222674114,1799.40771484375,1936.0,95077633,397057,362.69238662719727,1.5146522521972656,True,estimated_from_precomputed:wavlm_base,94680576,0,361.177734375,0.0
Mode1_PTM_train_vi_7s_hubert_bdrop0p3_aug_aam_B_augOn_ap0p2_fn0p005_en0p002_m0p25_s30,./outputs\experiments_final\Mode1_PTM_train_vi_7s_hubert_bdrop0p3_aug_aam_B_augOn_ap0p2_fn0p005_en0p002_m0p25_s30,2026-05-02T14:51:01.378629,1,N/A,N/A,train_vi_7s,hubert,5.589999999999998,0.3108000000000009,25,20.02301480001188,18.26314209998236,1.5832705000066198,0.7305256839992944,0.0633308200002648,0.00148935,978.46571625,137.89990234375,174.0,95077633,397057,362.69238662719727,1.5146522521972656,True,estimated_from_precomputed:hubert_base,94680576,0,361.177734375,0.0
Mode1_PTM_train_vi_7s_wav2vec2_bdrop0p3_aug_aam_B_augOn_ap0p2_fn0p005_en0p002_m0p25_s30,./outputs\experiments_final\Mode1_PTM_train_vi_7s_wav2vec2_bdrop0p3_aug_aam_B_augOn_ap0p2_fn0p005_en0p002_m0p25_s30,2026-05-02T14:51:47.756467,1,N/A,N/A,train_vi_7s,wav2vec2,7.15,0.342599999999999,28,21.01150210000924,19.219678399997065,1.6171984999382403,0.6864170857141809,0.05775708928350858,0.00148935,1095.8816021999999,137.89990234375,174.0,95441665,397057,364.08105850219727,1.5146522521972656,True,estimated_from_precomputed:wav2vec2_base,95044608,0,362.56640625,0.0
Mode1_PTM_train_vi_7s_wavlm_bdrop0p3_aug_aam_B_augOn_ap0p2_fn0p005_en0p002_m0p25_s30,./outputs\experiments_final\Mode1_PTM_train_vi_7s_wavlm_bdrop0p3_aug_aam_B_augOn_ap0p2_fn0p005_en0p002_m0p25_s30,2026-05-02T14:51:26.055791,1,N/A,N/A,train_vi_7s,wavlm,6.479999999999999,0.33309999999999934,31,24.01608090000809,22.06350959991687,1.7885667999798898,0.7117261161263506,0.057695703225157734,0.00148935,1213.29748815,137.89990234375,174.0,95077633,397057,362.69238662719727,1.5146522521972656,True,estimated_from_precomputed:wavlm_base,94680576,0,361.177734375,0.0
Mode1_PTM_train_vi_full_hubert_bdrop0p3_aug_aam_B_augOn_ap0p2_fn0p005_en0p002_m0p25_s30,./outputs\experiments_final\Mode1_PTM_train_vi_full_hubert_bdrop0p3_aug_aam_B_augOn_ap0p2_fn0p005_en0p002_m0p25_s30,2026-05-02T14:16:48.690282,1,N/A,N/A,train_vi_full,hubert,14.41,0.7208000000000004,9,84.65750810000463,78.05579520002357,6.528284099942539,8.672866133335951,0.7253648999936154,0.002838369,6130.059589728,1675.41552734375,1710.0,95077633,397057,362.69238662719727,1.5146522521972656,True,estimated_from_precomputed:hubert_base,94680576,0,361.177734375,0.0
Mode1_PTM_train_vi_full_wav2vec2_bdrop0p3_aug_aam_B_augOn_ap0p2_fn0p005_en0p002_m0p25_s30,./outputs\experiments_final\Mode1_PTM_train_vi_full_wav2vec2_bdrop0p3_aug_aam_B_augOn_ap0p2_fn0p005_en0p002_m0p25_s30,2026-05-02T14:19:46.392634,1,N/A,N/A,train_vi_full,wav2vec2,15.780000000000003,0.7683999999999993,9,84.19327829999384,77.4860936999321,6.638888799992856,8.609565966659122,0.7376543111103173,0.002838369,6130.059589728,1675.62255859375,1710.0,95441665,397057,364.08105850219727,1.5146522521972656,True,estimated_from_precomputed:wav2vec2_base,95044608,0,362.56640625,0.0
Mode1_PTM_train_vi_full_wavlm_bdrop0p3_aug_aam_B_augOn_ap0p2_fn0p005_en0p002_m0p25_s30,./outputs\experiments_final\Mode1_PTM_train_vi_full_wavlm_bdrop0p3_aug_aam_B_augOn_ap0p2_fn0p005_en0p002_m0p25_s30,2026-05-02T14:18:17.335847,1,N/A,N/A,train_vi_full,wavlm,13.600000000000001,0.7442999999999992,9,83.94112820000737,77.23876810001093,6.64263360001496,8.582085344445659,0.7380704000016622,0.002838369,6130.059589728,1675.62255859375,1710.0,95077633,397057,362.69238662719727,1.5146522521972656,True,estimated_from_precomputed:wavlm_base,94680576,0,361.177734375,0.0
Mode2_HC_train_raw_fbank_only_bdrop0p3_aug_aam_B_augOn_ap0p2_fn0p005_en0p002_m0p25_s30,./outputs\experiments_final\Mode2_HC_train_raw_fbank_only_bdrop0p3_aug_aam_B_augOn_ap0p2_fn0p005_en0p002_m0p25_s30,2026-05-02T18:39:32.632297,2,N/A,fbank_only,train_raw,N/A,12.06,0.5372999999999992,12,1608.7185810000228,1503.956358299998,104.17742609998095,125.32969652499985,8.681452174998412,0.0077809950234375,24105.64707852975,9862.9794921875,13948.0,10615360,10615360,40.494384765625,40.494384765625,False,not_applicable,0,0,0.0,0.0
Mode2_HC_train_raw_fbank_pitch_bdrop0p3_aug_aam_B_augOn_ap0p2_fn0p005_en0p002_m0p25_s30,./outputs\experiments_final\Mode2_HC_train_raw_fbank_pitch_bdrop0p3_aug_aam_B_augOn_ap0p2_fn0p005_en0p002_m0p25_s30,2026-05-02T19:16:11.926275,2,N/A,fbank_pitch,train_raw,N/A,12.009999999999998,0.5294999999999991,16,2139.7416675999993,1999.2606964999868,139.62114479998127,124.95379353124918,8.72632154999883,0.0077809950234375,32140.862771373,9865.62451171875,13632.0,10616640,10616640,40.499267578125,40.499267578125,False,not_applicable,0,0,0.0,0.0
Mode2_HC_train_raw_mfbe_only_bdrop0p3_aug_aam_B_augOn_ap0p2_fn0p005_en0p002_m0p25_s30,./outputs\experiments_final\Mode2_HC_train_raw_mfbe_only_bdrop0p3_aug_aam_B_augOn_ap0p2_fn0p005_en0p002_m0p25_s30,2026-05-02T15:47:53.999435,2,N/A,mfbe_only,train_raw,N/A,11.46,0.5692,18,3234.027080300002,3051.6793977000634,180.7092219000333,169.5377443166702,10.039401216668516,0.0077809950234375,36158.47061779463,9866.4453125,14066.0,10615360,10615360,40.494384765625,40.494384765625,False,not_applicable,0,0,0.0,0.0
Mode2_HC_train_raw_mfbe_pitch_bdrop0p3_aug_aam_B_augOn_ap0p2_fn0p005_en0p002_m0p25_s30,./outputs\experiments_final\Mode2_HC_train_raw_mfbe_pitch_bdrop0p3_aug_aam_B_augOn_ap0p2_fn0p005_en0p002_m0p25_s30,2026-05-02T18:11:27.989926,2,N/A,mfbe_pitch,train_raw,N/A,10.61,0.5369999999999993,16,2944.3629488000006,2788.62033830001,154.28503300005104,174.28877114375064,9.64281456250319,0.0077809950234375,32140.862771373,9865.21728515625,13580.0,10616640,10616640,40.499267578125,40.499267578125,False,not_applicable,0,0,0.0,0.0
Mode2_HC_train_raw_mfcc_only_bdrop0p3_aug_aam_B_augOn_ap0p2_fn0p005_en0p002_m0p25_s30,./outputs\experiments_final\Mode2_HC_train_raw_mfcc_only_bdrop0p3_aug_aam_B_augOn_ap0p2_fn0p005_en0p002_m0p25_s30,2026-05-02T17:20:12.122545,2,N/A,mfcc_only,train_raw,N/A,12.11,0.6496000000000005,11,1418.4723491999903,1328.7514695000136,88.83145429994329,120.79558813636487,8.075586754540298,0.0077809950234375,22096.843155318937,9939.90234375,13932.0,10564160,10564160,40.299072265625,40.299072265625,False,not_applicable,0,0,0.0,0.0
Mode2_HC_train_raw_mfcc_pitch_bdrop0p3_aug_aam_B_augOn_ap0p2_fn0p005_en0p002_m0p25_s30,./outputs\experiments_final\Mode2_HC_train_raw_mfcc_pitch_bdrop0p3_aug_aam_B_augOn_ap0p2_fn0p005_en0p002_m0p25_s30,2026-05-02T13:33:41.877625,2,N/A,mfcc_pitch,train_raw,N/A,11.519999999999998,0.656200000000001,11,1425.2840250000008,1334.0419713000301,90.40799700003117,121.27654284545729,8.218908818184651,0.0077809950234375,22096.843155318937,9860.43408203125,13614.0,10565440,10565440,40.303955078125,40.303955078125,False,not_applicable,0,0,0.0,0.0
Mode2_HC_train_raw_pitch_only_bdrop0p3_aug_aam_B_augOn_ap0p2_fn0p005_en0p002_m0p25_s30,./outputs\experiments_final\Mode2_HC_train_raw_pitch_only_bdrop0p3_aug_aam_B_augOn_ap0p2_fn0p005_en0p002_m0p25_s30,2026-05-02T16:19:31.166111,2,N/A,pitch_only,train_raw,N/A,27.839999999999996,0.9941999999999993,15,1868.1230957999942,1751.4042639000108,115.74183319995063,116.76028426000072,7.716122213330042,0.0077809950234375,30132.05884816219,9774.65771484375,13178.0,10514240,10514240,40.108642578125,40.108642578125,False,not_applicable,0,0,0.0,0.0
Mode2_HC_train_vi_3s_fbank_only_bdrop0p3_aug_aam_B_augOn_ap0p2_fn0p005_en0p002_m0p25_s30,./outputs\experiments_final\Mode2_HC_train_vi_3s_fbank_only_bdrop0p3_aug_aam_B_augOn_ap0p2_fn0p005_en0p002_m0p25_s30,2026-05-03T13:55:33.582615,2,N/A,fbank_only,train_vi_3s,N/A,5.889999999999998,0.2744999999999996,30,11901.269918100006,11141.184023000038,758.5574150999892,371.3728007666679,25.28524716999964,0.0076112100234375,127840.01469246282,11549.8369140625,15496.0,10615360,10615360,40.494384765625,40.494384765625,False,not_applicable,0,0,0.0,0.0
Mode2_HC_train_vi_3s_fbank_pitch_bdrop0p3_aug_aam_B_augOn_ap0p2_fn0p005_en0p002_m0p25_s30,./outputs\experiments_final\Mode2_HC_train_vi_3s_fbank_pitch_bdrop0p3_aug_aam_B_augOn_ap0p2_fn0p005_en0p002_m0p25_s30,2026-05-03T17:45:46.108176,2,N/A,fbank_pitch,train_vi_3s,N/A,5.479999999999998,0.2877000000000003,12,13693.3887903,12232.084108400042,1460.6299521999608,1019.3403423666701,121.71916268333007,0.0076112100234375,51136.00587698513,11598.48193359375,15496.0,10616640,10616640,40.499267578125,40.499267578125,False,not_applicable,0,0,0.0,0.0
Mode2_HC_train_vi_3s_mfbe_only_bdrop0p3_aug_aam_B_augOn_ap0p2_fn0p005_en0p002_m0p25_s30,./outputs\experiments_final\Mode2_HC_train_vi_3s_mfbe_only_bdrop0p3_aug_aam_B_augOn_ap0p2_fn0p005_en0p002_m0p25_s30,2026-05-03T03:17:47.075256,2,N/A,mfbe_only,train_vi_3s,N/A,5.910000000000002,0.26190000000000047,30,15345.856972299982,8313.690534500056,7030.666760999913,277.12301781666855,234.3555586999971,0.0076112100234375,127840.01469246282,11563.8505859375,15498.0,10615360,10615360,40.494384765625,40.494384765625,False,not_applicable,0,0,0.0,0.0
Mode2_HC_train_vi_3s_mfbe_pitch_bdrop0p3_aug_aam_B_augOn_ap0p2_fn0p005_en0p002_m0p25_s30,./outputs\experiments_final\Mode2_HC_train_vi_3s_mfbe_pitch_bdrop0p3_aug_aam_B_augOn_ap0p2_fn0p005_en0p002_m0p25_s30,2026-05-03T09:14:15.943760,2,N/A,mfbe_pitch,train_vi_3s,N/A,5.759999999999999,0.2547999999999992,13,6781.654021800001,3585.612830200029,3195.030827499955,275.8163715538484,245.77160211538117,0.0076112100234375,55397.33970006722,11583.80517578125,15500.0,10616640,10616640,40.499267578125,40.499267578125,False,not_applicable,0,0,0.0,0.0
Mode2_HC_train_vi_3s_mfcc_only_bdrop0p3_aug_aam_B_augOn_ap0p2_fn0p005_en0p002_m0p25_s30,./outputs\experiments_final\Mode2_HC_train_vi_3s_mfcc_only_bdrop0p3_aug_aam_B_augOn_ap0p2_fn0p005_en0p002_m0p25_s30,2026-05-03T07:17:30.995647,2,N/A,mfcc_only,train_vi_3s,N/A,6.000000000000003,0.2724000000000007,17,8537.980042199983,4572.993648999982,3963.668193300051,268.99962641176364,233.15695254706182,0.0076112100234375,72442.6749923956,11754.7724609375,15498.0,10564160,10564160,40.299072265625,40.299072265625,False,not_applicable,0,0,0.0,0.0
Mode2_HC_train_vi_3s_mfcc_pitch_bdrop0p3_aug_aam_B_augOn_ap0p2_fn0p005_en0p002_m0p25_s30,./outputs\experiments_final\Mode2_HC_train_vi_3s_mfcc_pitch_bdrop0p3_aug_aam_B_augOn_ap0p2_fn0p005_en0p002_m0p25_s30,2026-05-03T10:35:43.821161,2,N/A,mfcc_pitch,train_vi_3s,N/A,6.289999999999998,0.28300000000000086,14,4724.877108200017,4328.8067209,395.0849790000357,309.2004800642857,28.22035564285969,0.0076112100234375,59658.673523149315,11559.61767578125,15180.0,10565440,10565440,40.303955078125,40.303955078125,False,not_applicable,0,0,0.0,0.0
Mode2_HC_train_vi_3s_pitch_only_bdrop0p3_aug_aam_B_augOn_ap0p2_fn0p005_en0p002_m0p25_s30,./outputs\experiments_final\Mode2_HC_train_vi_3s_pitch_only_bdrop0p3_aug_aam_B_augOn_ap0p2_fn0p005_en0p002_m0p25_s30,2026-05-03T04:52:31.590756,2,N/A,pitch_only,train_vi_3s,N/A,25.149999999999995,0.9565000000000005,15,5650.241618,5157.229845799971,491.9901562000159,343.81532305333144,32.79934374666773,0.0076112100234375,63920.00734623141,11441.58544921875,14970.0,10514240,10514240,40.108642578125,40.108642578125,False,not_applicable,0,0,0.0,0.0
Mode2_HC_train_vi_5s_fbank_only_bdrop0p3_aug_aam_B_augOn_ap0p2_fn0p005_en0p002_m0p25_s30,./outputs\experiments_final\Mode2_HC_train_vi_5s_fbank_only_bdrop0p3_aug_aam_B_augOn_ap0p2_fn0p005_en0p002_m0p25_s30,2026-05-04T01:14:36.834272,2,N/A,fbank_only,train_vi_5s,N/A,5.8000000000000025,0.2989000000000003,12,2285.1251945000004,2031.2135230999993,253.05068380001103,169.26779359166662,21.087556983334252,0.0070812750234375,33495.73381546369,9860.1357421875,13608.0,10615360,10615360,40.494384765625,40.494384765625,False,not_applicable,0,0,0.0,0.0
Mode2_HC_train_vi_5s_fbank_pitch_bdrop0p3_aug_aam_B_augOn_ap0p2_fn0p005_en0p002_m0p25_s30,./outputs\experiments_final\Mode2_HC_train_vi_5s_fbank_pitch_bdrop0p3_aug_aam_B_augOn_ap0p2_fn0p005_en0p002_m0p25_s30,2026-05-04T02:25:55.873518,2,N/A,fbank_pitch,train_vi_5s,N/A,6.189999999999998,0.3072000000000001,22,4191.700056900001,3726.710131000007,464.0474493999973,169.39591504545487,21.09306588181806,0.0070812750234375,61408.84532835009,9898.64306640625,13608.0,10616640,10616640,40.499267578125,40.499267578125,False,not_applicable,0,0,0.0,0.0
Mode2_HC_train_vi_5s_mfbe_only_bdrop0p3_aug_aam_B_augOn_ap0p2_fn0p005_en0p002_m0p25_s30,./outputs\experiments_final\Mode2_HC_train_vi_5s_mfbe_only_bdrop0p3_aug_aam_B_augOn_ap0p2_fn0p005_en0p002_m0p25_s30,2026-05-03T20:03:28.452603,2,N/A,mfbe_only,train_vi_5s,N/A,5.879999999999998,0.30770000000000053,28,5352.7715002,4758.366394399999,592.8073234000007,169.94165694285712,21.171690121428593,0.0070812750234375,78156.71223608193,9862.94921875,13204.0,10615360,10615360,40.494384765625,40.494384765625,False,not_applicable,0,0,0.0,0.0
Mode2_HC_train_vi_5s_mfbe_pitch_bdrop0p3_aug_aam_B_augOn_ap0p2_fn0p005_en0p002_m0p25_s30,./outputs\experiments_final\Mode2_HC_train_vi_5s_mfbe_pitch_bdrop0p3_aug_aam_B_augOn_ap0p2_fn0p005_en0p002_m0p25_s30,2026-05-03T23:15:28.021652,2,N/A,mfbe_pitch,train_vi_5s,N/A,6.03,0.30369999999999964,21,4015.6669194999977,3570.5299721999963,444.02554270000655,170.0252367714284,21.144073461905073,0.0070812750234375,58617.534177061454,9898.13134765625,13608.0,10616640,10616640,40.499267578125,40.499267578125,False,not_applicable,0,0,0.0,0.0
Mode2_HC_train_vi_5s_mfcc_only_bdrop0p3_aug_aam_B_augOn_ap0p2_fn0p005_en0p002_m0p25_s30,./outputs\experiments_final\Mode2_HC_train_vi_5s_mfcc_only_bdrop0p3_aug_aam_B_augOn_ap0p2_fn0p005_en0p002_m0p25_s30,2026-05-03T22:06:32.183278,2,N/A,mfcc_only,train_vi_5s,N/A,6.6400000000000015,0.3332999999999996,30,5619.648107999999,4998.847085,619.2411999000024,166.62823616666668,20.64137333000008,0.0070812750234375,83739.33453865921,9860.4228515625,13304.0,10564160,10564160,40.299072265625,40.299072265625,False,not_applicable,0,0,0.0,0.0
Mode2_HC_train_vi_5s_mfcc_pitch_bdrop0p3_aug_aam_B_augOn_ap0p2_fn0p005_en0p002_m0p25_s30,./outputs\experiments_final\Mode2_HC_train_vi_5s_mfcc_pitch_bdrop0p3_aug_aam_B_augOn_ap0p2_fn0p005_en0p002_m0p25_s30,2026-05-04T00:35:20.828151,2,N/A,mfcc_pitch,train_vi_5s,N/A,6.459999999999999,0.33209999999999906,25,4713.4408607000005,4193.505466300005,518.3097209000007,167.74021865200018,20.732388836000027,0.0070812750234375,69782.77878221602,9914.65380859375,13924.0,10565440,10565440,40.303955078125,40.303955078125,False,not_applicable,0,0,0.0,0.0
Mode2_HC_train_vi_5s_pitch_only_bdrop0p3_aug_aam_B_augOn_ap0p2_fn0p005_en0p002_m0p25_s30,./outputs\experiments_final\Mode2_HC_train_vi_5s_pitch_only_bdrop0p3_aug_aam_B_augOn_ap0p2_fn0p005_en0p002_m0p25_s30,2026-05-03T20:31:37.484921,2,N/A,pitch_only,train_vi_5s,N/A,28.110000000000003,1.0,9,1663.2454521,1480.7223461000003,182.02407700000094,164.52470512222226,20.22489744444455,0.0070812750234375,25121.800361597765,9738.26513671875,12990.0,10514240,10514240,40.108642578125,40.108642578125,False,not_applicable,0,0,0.0,0.0
Mode2_HC_train_vi_7s_fbank_only_bdrop0p3_aug_aam_B_augOn_ap0p2_fn0p005_en0p002_m0p25_s30,./outputs\experiments_final\Mode2_HC_train_vi_7s_fbank_only_bdrop0p3_aug_aam_B_augOn_ap0p2_fn0p005_en0p002_m0p25_s30,2026-05-04T02:47:50.884064,2,N/A,fbank_only,train_vi_7s,N/A,11.48,0.5550000000000008,22,292.60039569999935,272.0215760000028,19.661109900003794,12.364617090909219,0.8936868136365361,0.0063722940234375,3684.065322122109,8089.6240234375,12084.0,10615360,10615360,40.494384765625,40.494384765625,False,not_applicable,0,0,0.0,0.0
Mode2_HC_train_vi_7s_fbank_pitch_bdrop0p3_aug_aam_B_augOn_ap0p2_fn0p005_en0p002_m0p25_s30,./outputs\experiments_final\Mode2_HC_train_vi_7s_fbank_pitch_bdrop0p3_aug_aam_B_augOn_ap0p2_fn0p005_en0p002_m0p25_s30,2026-05-04T02:51:28.192420,2,N/A,fbank_pitch,train_vi_7s,N/A,11.7,0.6286999999999989,16,210.80476110000018,195.74358530000245,14.273636499998247,12.233974081250153,0.8921022812498904,0.0063722940234375,2679.320234270625,8090.32470703125,12084.0,10616640,10616640,40.499267578125,40.499267578125,False,not_applicable,0,0,0.0,0.0
Mode2_HC_train_vi_7s_mfbe_only_bdrop0p3_aug_aam_B_augOn_ap0p2_fn0p005_en0p002_m0p25_s30,./outputs\experiments_final\Mode2_HC_train_vi_7s_mfbe_only_bdrop0p3_aug_aam_B_augOn_ap0p2_fn0p005_en0p002_m0p25_s30,2026-05-04T02:27:49.349695,2,N/A,mfbe_only,train_vi_7s,N/A,10.89,0.6222999999999995,8,106.40612379999948,98.89641620000111,7.155638700001873,12.362052025000139,0.8944548375002341,0.0063722940234375,1339.6601171353125,8092.4423828125,12082.0,10615360,10615360,40.494384765625,40.494384765625,False,not_applicable,0,0,0.0,0.0
Mode2_HC_train_vi_7s_mfbe_pitch_bdrop0p3_aug_aam_B_augOn_ap0p2_fn0p005_en0p002_m0p25_s30,./outputs\experiments_final\Mode2_HC_train_vi_7s_mfbe_pitch_bdrop0p3_aug_aam_B_augOn_ap0p2_fn0p005_en0p002_m0p25_s30,2026-05-04T02:40:45.598380,2,N/A,mfbe_pitch,train_vi_7s,N/A,12.670000000000003,0.6675000000000005,11,146.68987449999986,136.30678649999754,9.868002599996544,12.391526045454322,0.8970911454542313,0.0063722940234375,1842.0326610610546,8090.32470703125,12084.0,10616640,10616640,40.499267578125,40.499267578125,False,not_applicable,0,0,0.0,0.0
Mode2_HC_train_vi_7s_mfcc_only_bdrop0p3_aug_aam_B_augOn_ap0p2_fn0p005_en0p002_m0p25_s30,./outputs\experiments_final\Mode2_HC_train_vi_7s_mfcc_only_bdrop0p3_aug_aam_B_augOn_ap0p2_fn0p005_en0p002_m0p25_s30,2026-05-04T02:38:11.964012,2,N/A,mfcc_only,train_vi_7s,N/A,11.980000000000002,0.6679999999999994,30,394.4142040000006,366.08341030000156,26.750081800008047,12.202780343333385,0.8916693933336016,0.0063722940234375,5023.725439257421,8060.0966796875,12084.0,10564160,10564160,40.299072265625,40.299072265625,False,not_applicable,0,0,0.0,0.0
Mode2_HC_train_vi_7s_mfcc_pitch_bdrop0p3_aug_aam_B_augOn_ap0p2_fn0p005_en0p002_m0p25_s30,./outputs\experiments_final\Mode2_HC_train_vi_7s_mfcc_pitch_bdrop0p3_aug_aam_B_augOn_ap0p2_fn0p005_en0p002_m0p25_s30,2026-05-04T02:42:51.568060,2,N/A,mfcc_pitch,train_vi_7s,N/A,13.219999999999999,0.7120000000000004,9,118.39530719999675,109.84083399999508,8.048178699995333,12.204537111110564,0.8942420777772592,0.0063722940234375,1507.1176317772265,8061.01220703125,12082.0,10565440,10565440,40.303955078125,40.303955078125,False,not_applicable,0,0,0.0,0.0
Mode2_HC_train_vi_7s_pitch_only_bdrop0p3_aug_aam_B_augOn_ap0p2_fn0p005_en0p002_m0p25_s30,./outputs\experiments_final\Mode2_HC_train_vi_7s_pitch_only_bdrop0p3_aug_aam_B_augOn_ap0p2_fn0p005_en0p002_m0p25_s30,2026-05-04T02:31:31.123457,2,N/A,pitch_only,train_vi_7s,N/A,32.220000000000006,0.9993,17,219.96592710000186,204.37395039999683,14.51802260000477,12.021997082352755,0.8540013294120453,0.0063722940234375,2846.777748912539,8029.86279296875,12082.0,10514240,10514240,40.108642578125,40.108642578125,False,not_applicable,0,0,0.0,0.0
Mode2_HC_train_vi_full_fbank_only_bdrop0p3_aug_aam_B_augOn_ap0p2_fn0p005_en0p002_m0p25_s30,./outputs\experiments_final\Mode2_HC_train_vi_full_fbank_only_bdrop0p3_aug_aam_B_augOn_ap0p2_fn0p005_en0p002_m0p25_s30,2026-05-02T22:34:21.091416,2,N/A,fbank_only,train_vi_full,N/A,20.18,0.7630000000000005,14,1745.619551199983,1569.8465926999343,174.72863039994263,112.13189947856674,12.48061645713876,0.0077213130234375,25940.1526105155,9603.0849609375,13648.0,10615360,10615360,40.494384765625,40.494384765625,False,not_applicable,0,0,0.0,0.0
Mode2_HC_train_vi_full_fbank_pitch_bdrop0p3_aug_aam_B_augOn_ap0p2_fn0p005_en0p002_m0p25_s30,./outputs\experiments_final\Mode2_HC_train_vi_full_fbank_pitch_bdrop0p3_aug_aam_B_augOn_ap0p2_fn0p005_en0p002_m0p25_s30,2026-05-02T22:58:21.200423,2,N/A,fbank_pitch,train_vi_full,N/A,19.05,0.7382,11,1377.107499500009,1239.4084183000086,136.97154689996387,112.67349257272805,12.451958809087625,0.0077213130234375,20381.54847969075,9605.40478515625,13440.0,10616640,10616640,40.499267578125,40.499267578125,False,not_applicable,0,0,0.0,0.0
Mode2_HC_train_vi_full_mfbe_only_bdrop0p3_aug_aam_B_augOn_ap0p2_fn0p005_en0p002_m0p25_s30,./outputs\experiments_final\Mode2_HC_train_vi_full_mfbe_only_bdrop0p3_aug_aam_B_augOn_ap0p2_fn0p005_en0p002_m0p25_s30,2026-05-02T19:46:59.757234,2,N/A,mfbe_only,train_vi_full,N/A,21.36,0.7996000000000004,11,1723.672035800002,1573.0679766999965,149.4882458000502,143.00617969999968,13.58984052727729,0.0077213130234375,20381.54847969075,9603.5517578125,13668.0,10615360,10615360,40.494384765625,40.494384765625,False,not_applicable,0,0,0.0,0.0
Mode2_HC_train_vi_full_mfbe_pitch_bdrop0p3_aug_aam_B_augOn_ap0p2_fn0p005_en0p002_m0p25_s30,./outputs\experiments_final\Mode2_HC_train_vi_full_mfbe_pitch_bdrop0p3_aug_aam_B_augOn_ap0p2_fn0p005_en0p002_m0p25_s30,2026-05-02T21:31:26.913687,2,N/A,mfbe_pitch,train_vi_full,N/A,21.27,0.7993000000000009,11,1842.9503275000025,1687.3826033000369,153.21319079998648,153.39841848182152,13.928471890907861,0.0077213130234375,20381.54847969075,9596.44873046875,13122.0,10616640,10616640,40.499267578125,40.499267578125,False,not_applicable,0,0,0.0,0.0
Mode2_HC_train_vi_full_mfcc_only_bdrop0p3_aug_aam_B_augOn_ap0p2_fn0p005_en0p002_m0p25_s30,./outputs\experiments_final\Mode2_HC_train_vi_full_mfcc_only_bdrop0p3_aug_aam_B_augOn_ap0p2_fn0p005_en0p002_m0p25_s30,2026-05-02T20:55:42.365711,2,N/A,mfcc_only,train_vi_full,N/A,23.380000000000003,0.8061000000000007,14,1646.5471178000153,1484.8408349999809,160.8379716000636,106.06005964285578,11.488426542861687,0.0077213130234375,25940.1526105155,9678.3798828125,13440.0,10564160,10564160,40.299072265625,40.299072265625,False,not_applicable,0,0,0.0,0.0
Mode2_HC_train_vi_full_mfcc_pitch_bdrop0p3_aug_aam_B_augOn_ap0p2_fn0p005_en0p002_m0p25_s30,./outputs\experiments_final\Mode2_HC_train_vi_full_mfcc_pitch_bdrop0p3_aug_aam_B_augOn_ap0p2_fn0p005_en0p002_m0p25_s30,2026-05-02T22:03:56.549683,2,N/A,mfcc_pitch,train_vi_full,N/A,20.330000000000005,0.7897999999999992,15,1762.7738430000027,1591.6340555999195,169.8958852000069,106.10893703999463,11.326392346667125,0.0077213130234375,27793.02065412375,9595.39306640625,13440.0,10565440,10565440,40.303955078125,40.303955078125,False,not_applicable,0,0,0.0,0.0
Mode2_HC_train_vi_full_pitch_only_bdrop0p3_aug_aam_B_augOn_ap0p2_fn0p005_en0p002_m0p25_s30,./outputs\experiments_final\Mode2_HC_train_vi_full_pitch_only_bdrop0p3_aug_aam_B_augOn_ap0p2_fn0p005_en0p002_m0p25_s30,2026-05-02T20:26:02.222511,2,N/A,pitch_only,train_vi_full,N/A,22.470000000000002,0.9969,20,2318.902463700011,2098.9677664999326,218.5030945999897,104.94838832499663,10.925154729999486,0.0077213130234375,37057.360872165,9522.82666015625,13458.0,10514240,10514240,40.108642578125,40.108642578125,False,not_applicable,0,0,0.0,0.0
Mode3_concat_train_raw_hubert_fbank_only_bdrop0p3_aug_aam_B_augOn_ap0p2_fn0p005_en0p002_m0p25_s30,./outputs\experiments_final\Mode3_concat_train_raw_hubert_fbank_only_bdrop0p3_aug_aam_B_augOn_ap0p2_fn0p005_en0p002_m0p25_s30,2026-05-04T11:58:32.869812,3,concat,fbank_only,train_raw,hubert,9.909999999999998,0.447499999999999,10,1409.1139542999954,1315.0891304000033,93.277823299999,131.50891304000032,9.3277823299999,0.0112193310234375,28964.722516588125,9935.45263671875,13948.0,107008833,12328257,408.20630264282227,47.028568267822266,True,estimated_from_precomputed:hubert_base,94680576,0,361.177734375,0.0
Mode3_concat_train_raw_hubert_fbank_pitch_bdrop0p3_aug_aam_B_augOn_ap0p2_fn0p005_en0p002_m0p25_s30,./outputs\experiments_final\Mode3_concat_train_raw_hubert_fbank_pitch_bdrop0p3_aug_aam_B_augOn_ap0p2_fn0p005_en0p002_m0p25_s30,2026-05-04T13:20:00.933408,3,concat,fbank_pitch,train_raw,hubert,9.850000000000001,0.4690000000000009,9,1282.4656714000012,1193.885430800001,87.97116939998523,132.65393675555566,9.774574377776137,0.0112193310234375,26068.25026492931,9942.6826171875,13948.0,107010113,12329537,408.21118545532227,47.033451080322266,True,estimated_from_precomputed:hubert_base,94680576,0,361.177734375,0.0
Mode3_concat_train_raw_hubert_mfbe_only_bdrop0p3_aug_aam_B_augOn_ap0p2_fn0p005_en0p002_m0p25_s30,./outputs\experiments_final\Mode3_concat_train_raw_hubert_mfbe_only_bdrop0p3_aug_aam_B_augOn_ap0p2_fn0p005_en0p002_m0p25_s30,2026-05-04T04:55:35.200945,3,concat,mfbe_only,train_raw,hubert,8.13,0.43600000000000055,10,2437.6576220999996,2305.9859929000086,130.60693589999573,230.59859929000086,13.060693589999573,0.0112193310234375,28964.722516588125,9940.10302734375,13630.0,107008833,12328257,408.20630264282227,47.028568267822266,True,estimated_from_precomputed:hubert_base,94680576,0,361.177734375,0.0
Mode3_concat_train_raw_hubert_mfbe_pitch_bdrop0p3_aug_aam_B_augOn_ap0p2_fn0p005_en0p002_m0p25_s30,./outputs\experiments_final\Mode3_concat_train_raw_hubert_mfbe_pitch_bdrop0p3_aug_aam_B_augOn_ap0p2_fn0p005_en0p002_m0p25_s30,2026-05-04T09:39:54.010998,3,concat,mfbe_pitch,train_raw,hubert,9.46,0.5066000000000007,8,2065.349918299995,1944.9075243999978,119.77967589999753,243.11344054999972,14.972459487499691,0.0112193310234375,23171.778013270497,9922.9287109375,13946.0,107010113,12329537,408.21118545532227,47.033451080322266,True,estimated_from_precomputed:hubert_base,94680576,0,361.177734375,0.0
Mode3_concat_train_raw_hubert_mfcc_only_bdrop0p3_aug_aam_B_augOn_ap0p2_fn0p005_en0p002_m0p25_s30,./outputs\experiments_final\Mode3_concat_train_raw_hubert_mfcc_only_bdrop0p3_aug_aam_B_augOn_ap0p2_fn0p005_en0p002_m0p25_s30,2026-05-04T07:24:19.605862,3,concat,mfcc_only,train_raw,hubert,9.48,0.47350000000000014,10,1362.7691716000045,1275.4975450999918,86.49484359999042,127.54975450999919,8.649484359999041,0.0112193310234375,28964.722516588125,9973.23193359375,13946.0,106957633,12277057,408.01099014282227,46.833255767822266,True,estimated_from_precomputed:hubert_base,94680576,0,361.177734375,0.0
Mode3_concat_train_raw_hubert_mfcc_pitch_bdrop0p3_aug_aam_B_augOn_ap0p2_fn0p005_en0p002_m0p25_s30,./outputs\experiments_final\Mode3_concat_train_raw_hubert_mfcc_pitch_bdrop0p3_aug_aam_B_augOn_ap0p2_fn0p005_en0p002_m0p25_s30,2026-05-04T10:51:08.987765,3,concat,mfcc_pitch,train_raw,hubert,9.350000000000001,0.5043999999999991,8,1104.9314778000044,1030.3858910000054,74.13099880001391,128.79823637500067,9.266374850001739,0.0112193310234375,23171.778013270497,9919.455078125,13944.0,106958913,12278337,408.01587295532227,46.838138580322266,True,estimated_from_precomputed:hubert_base,94680576,0,361.177734375,0.0
Mode3_concat_train_raw_hubert_pitch_only_bdrop0p3_aug_aam_B_augOn_ap0p2_fn0p005_en0p002_m0p25_s30,./outputs\experiments_final\Mode3_concat_train_raw_hubert_pitch_only_bdrop0p3_aug_aam_B_augOn_ap0p2_fn0p005_en0p002_m0p25_s30,2026-05-04T06:16:25.856107,3,concat,pitch_only,train_raw,hubert,9.419999999999998,0.44829999999999925,11,1407.616300099995,1320.1339359999984,86.71313429998554,120.01217599999985,7.883012209089594,0.0112193310234375,31861.194768246936,9829.1201171875,13416.0,106907713,12227137,407.82056045532227,46.642826080322266,True,estimated_from_precomputed:hubert_base,94680576,0,361.177734375,0.0
Mode3_concat_train_raw_wav2vec2_fbank_only_bdrop0p3_aug_aam_B_augOn_ap0p2_fn0p005_en0p002_m0p25_s30,./outputs\experiments_final\Mode3_concat_train_raw_wav2vec2_fbank_only_bdrop0p3_aug_aam_B_augOn_ap0p2_fn0p005_en0p002_m0p25_s30,2026-05-05T09:46:33.558290,3,concat,fbank_only,train_raw,wav2vec2,9.919999999999998,0.4818000000000003,9,1284.1829927999934,1198.4815919999965,85.04597169999033,133.16462133333295,9.449552411110037,0.0112193310234375,26068.25026492931,9944.84619140625,13946.0,107372865,12328257,409.59497451782227,47.028568267822266,True,estimated_from_precomputed:wav2vec2_base,95044608,0,362.56640625,0.0
Mode3_concat_train_raw_wav2vec2_fbank_pitch_bdrop0p3_aug_aam_B_augOn_ap0p2_fn0p005_en0p002_m0p25_s30,./outputs\experiments_final\Mode3_concat_train_raw_wav2vec2_fbank_pitch_bdrop0p3_aug_aam_B_augOn_ap0p2_fn0p005_en0p002_m0p25_s30,2026-05-05T13:45:16.451660,3,concat,fbank_pitch,train_raw,wav2vec2,9.719999999999999,0.4774000000000007,9,1395.8694801000001,1304.679845700001,90.56045390000054,144.9644273000001,10.062272655555615,0.0112193310234375,26068.25026492931,9943.06494140625,13786.0,107374145,12329537,409.59985733032227,47.033451080322266,True,estimated_from_precomputed:wav2vec2_base,95044608,0,362.56640625,0.0
Mode3_concat_train_raw_wav2vec2_mfbe_only_bdrop0p3_aug_aam_B_augOn_ap0p2_fn0p005_en0p002_m0p25_s30,./outputs\experiments_final\Mode3_concat_train_raw_wav2vec2_mfbe_only_bdrop0p3_aug_aam_B_augOn_ap0p2_fn0p005_en0p002_m0p25_s30,2026-05-05T02:29:15.057479,3,concat,mfbe_only,train_raw,wav2vec2,10.629999999999997,0.4619999999999991,11,2721.7497125999944,2579.4009538000246,141.2730838000134,234.49099580000222,12.843007618183037,0.0112193310234375,31861.194768246936,9933.02294921875,13948.0,107372865,12328257,409.59497451782227,47.028568267822266,True,estimated_from_precomputed:wav2vec2_base,95044608,0,362.56640625,0.0
Mode3_concat_train_raw_wav2vec2_mfbe_pitch_bdrop0p3_aug_aam_B_augOn_ap0p2_fn0p005_en0p002_m0p25_s30,./outputs\experiments_final\Mode3_concat_train_raw_wav2vec2_mfbe_pitch_bdrop0p3_aug_aam_B_augOn_ap0p2_fn0p005_en0p002_m0p25_s30,2026-05-05T07:43:56.476629,3,concat,mfbe_pitch,train_raw,wav2vec2,9.030000000000001,0.4456999999999997,13,3301.627777400019,3133.2896910999843,166.95925030004582,241.02228393076803,12.843019253849679,0.0112193310234375,37654.13927156456,9939.34375,13630.0,107374145,12329537,409.59985733032227,47.033451080322266,True,estimated_from_precomputed:wav2vec2_base,95044608,0,362.56640625,0.0
Mode3_concat_train_raw_wav2vec2_mfcc_only_bdrop0p3_aug_aam_B_augOn_ap0p2_fn0p005_en0p002_m0p25_s30,./outputs\experiments_final\Mode3_concat_train_raw_wav2vec2_mfcc_only_bdrop0p3_aug_aam_B_augOn_ap0p2_fn0p005_en0p002_m0p25_s30,2026-05-05T05:09:57.120097,3,concat,mfcc_only,train_raw,wav2vec2,9.740000000000002,0.5059000000000006,9,1245.0185457000043,1164.262890700018,80.1064734000247,129.3625434111131,8.90071926666941,0.0112193310234375,26068.25026492931,9983.07080078125,13628.0,107321665,12277057,409.39966201782227,46.833255767822266,True,estimated_from_precomputed:wav2vec2_base,95044608,0,362.56640625,0.0
Mode3_concat_train_raw_wav2vec2_mfcc_pitch_bdrop0p3_aug_aam_B_augOn_ap0p2_fn0p005_en0p002_m0p25_s30,./outputs\experiments_final\Mode3_concat_train_raw_wav2vec2_mfcc_pitch_bdrop0p3_aug_aam_B_augOn_ap0p2_fn0p005_en0p002_m0p25_s30,2026-05-05T08:35:57.020464,3,concat,mfcc_pitch,train_raw,wav2vec2,10.229999999999997,0.5289999999999992,9,1256.343793100008,1169.3774192999408,86.1147961000097,129.9308243666601,9.568310677778856,0.0112193310234375,26068.25026492931,9913.3984375,13944.0,107322945,12278337,409.40454483032227,46.838138580322266,True,estimated_from_precomputed:wav2vec2_base,95044608,0,362.56640625,0.0
Mode3_concat_train_raw_wav2vec2_pitch_only_bdrop0p3_aug_aam_B_augOn_ap0p2_fn0p005_en0p002_m0p25_s30,./outputs\experiments_final\Mode3_concat_train_raw_wav2vec2_pitch_only_bdrop0p3_aug_aam_B_augOn_ap0p2_fn0p005_en0p002_m0p25_s30,2026-05-05T03:56:20.399253,3,concat,pitch_only,train_raw,wav2vec2,10.429999999999998,0.510599999999999,13,1665.2750173999957,1561.1935999999841,103.20363629996427,120.09181538461416,7.938741253843405,0.0112193310234375,37654.13927156456,9837.3251953125,13420.0,107271745,12227137,409.20923233032227,46.642826080322266,True,estimated_from_precomputed:wav2vec2_base,95044608,0,362.56640625,0.0
Mode3_concat_train_raw_wavlm_fbank_only_bdrop0p3_aug_aam_B_augOn_ap0p2_fn0p005_en0p002_m0p25_s30,./outputs\experiments_final\Mode3_concat_train_raw_wavlm_fbank_only_bdrop0p3_aug_aam_B_augOn_ap0p2_fn0p005_en0p002_m0p25_s30,2026-05-04T22:53:59.157591,3,concat,fbank_only,train_raw,wavlm,9.55,0.4682999999999999,9,1272.1065777999902,1186.7180470999738,84.78085529999225,131.85756078888596,9.420095033332473,0.0112193310234375,26068.25026492931,9913.26513671875,13948.0,107008833,12328257,408.20630264282227,47.028568267822266,True,estimated_from_precomputed:wavlm_base,94680576,0,361.177734375,0.0
Mode3_concat_train_raw_wavlm_fbank_pitch_bdrop0p3_aug_aam_B_augOn_ap0p2_fn0p005_en0p002_m0p25_s30,./outputs\experiments_final\Mode3_concat_train_raw_wavlm_fbank_pitch_bdrop0p3_aug_aam_B_augOn_ap0p2_fn0p005_en0p002_m0p25_s30,2026-05-05T00:15:24.927729,3,concat,fbank_pitch,train_raw,wavlm,10.46,0.4687000000000005,9,1283.048027500001,1194.3595165000006,88.0887825999962,132.70661294444452,9.787642511110688,0.0112193310234375,26068.25026492931,9927.7490234375,13946.0,107010113,12329537,408.21118545532227,47.033451080322266,True,estimated_from_precomputed:wavlm_base,94680576,0,361.177734375,0.0
Mode3_concat_train_raw_wavlm_mfbe_only_bdrop0p3_aug_aam_B_augOn_ap0p2_fn0p005_en0p002_m0p25_s30,./outputs\experiments_final\Mode3_concat_train_raw_wavlm_mfbe_only_bdrop0p3_aug_aam_B_augOn_ap0p2_fn0p005_en0p002_m0p25_s30,2026-05-04T15:36:23.573851,3,concat,mfbe_only,train_raw,wavlm,9.55,0.45029999999999964,10,2448.7731936999917,2318.7713330999977,128.93010530002357,231.87713330999978,12.893010530002357,0.0112193310234375,28964.722516588125,9930.83642578125,13630.0,107008833,12328257,408.20630264282227,47.028568267822266,True,estimated_from_precomputed:wavlm_base,94680576,0,361.177734375,0.0
Mode3_concat_train_raw_wavlm_mfbe_pitch_bdrop0p3_aug_aam_B_augOn_ap0p2_fn0p005_en0p002_m0p25_s30,./outputs\experiments_final\Mode3_concat_train_raw_wavlm_mfbe_pitch_bdrop0p3_aug_aam_B_augOn_ap0p2_fn0p005_en0p002_m0p25_s30,2026-05-04T20:22:26.539498,3,concat,mfbe_pitch,train_raw,wavlm,8.850000000000001,0.465899999999999,9,2393.651761800007,2260.494499399996,132.14013179999893,251.16605548888845,14.682236866666548,0.0112193310234375,26068.25026492931,9931.552734375,13948.0,107010113,12329537,408.21118545532227,47.033451080322266,True,estimated_from_precomputed:wavlm_base,94680576,0,361.177734375,0.0
Mode3_concat_train_raw_wavlm_mfcc_only_bdrop0p3_aug_aam_B_augOn_ap0p2_fn0p005_en0p002_m0p25_s30,./outputs\experiments_final\Mode3_concat_train_raw_wavlm_mfcc_only_bdrop0p3_aug_aam_B_augOn_ap0p2_fn0p005_en0p002_m0p25_s30,2026-05-04T18:03:39.278047,3,concat,mfcc_only,train_raw,wavlm,8.699999999999998,0.4756999999999993,10,1355.362914199999,1268.6187430000136,85.90961859999516,126.86187430000136,8.590961859999515,0.0112193310234375,28964.722516588125,9977.80615234375,13944.0,106957633,12277057,408.01099014282227,46.833255767822266,True,estimated_from_precomputed:wavlm_base,94680576,0,361.177734375,0.0
Mode3_concat_train_raw_wavlm_mfcc_pitch_bdrop0p3_aug_aam_B_augOn_ap0p2_fn0p005_en0p002_m0p25_s30,./outputs\experiments_final\Mode3_concat_train_raw_wavlm_mfcc_pitch_bdrop0p3_aug_aam_B_augOn_ap0p2_fn0p005_en0p002_m0p25_s30,2026-05-04T21:39:27.467479,3,concat,mfcc_pitch,train_raw,wavlm,9.850000000000001,0.45120000000000027,10,1365.7812014000083,1275.8288463999488,89.17206579996855,127.58288463999489,8.917206579996854,0.0112193310234375,28964.722516588125,9911.755859375,13628.0,106958913,12278337,408.01587295532227,46.838138580322266,True,estimated_from_precomputed:wavlm_base,94680576,0,361.177734375,0.0
Mode3_concat_train_raw_wavlm_pitch_only_bdrop0p3_aug_aam_B_augOn_ap0p2_fn0p005_en0p002_m0p25_s30,./outputs\experiments_final\Mode3_concat_train_raw_wavlm_pitch_only_bdrop0p3_aug_aam_B_augOn_ap0p2_fn0p005_en0p002_m0p25_s30,2026-05-04T16:46:20.421572,3,concat,pitch_only,train_raw,wavlm,10.029999999999998,0.457299999999999,11,1409.2192176000099,1321.4667124000116,86.80457980005303,120.13333749091015,7.891325436368458,0.0112193310234375,31861.194768246936,9836.2314453125,13678.0,106907713,12227137,407.82056045532227,46.642826080322266,True,estimated_from_precomputed:wavlm_base,94680576,0,361.177734375,0.0
Mode3_concat_train_vi_3s_hubert_fbank_only_bdrop0p3_aug_aam_B_augOn_ap0p2_fn0p005_en0p002_m0p25_s30,./outputs\experiments_final\Mode3_concat_train_vi_3s_hubert_fbank_only_bdrop0p3_aug_aam_B_augOn_ap0p2_fn0p005_en0p002_m0p25_s30,2026-05-07T19:29:30.860435,3,concat,fbank_only,train_vi_3s,hubert,5.910000000000002,0.2692999999999999,6,6663.931040700001,6016.241627499985,646.8220555000007,1002.7069379166642,107.80367591666679,0.0110495460234375,37118.253776508565,11623.49072265625,15308.0,107008833,12328257,408.20630264282227,47.028568267822266,True,estimated_from_precomputed:hubert_base,94680576,0,361.177734375,0.0
Mode3_concat_train_vi_3s_hubert_fbank_pitch_bdrop0p3_aug_aam_B_augOn_ap0p2_fn0p005_en0p002_m0p25_s30,./outputs\experiments_final\Mode3_concat_train_vi_3s_hubert_fbank_pitch_bdrop0p3_aug_aam_B_augOn_ap0p2_fn0p005_en0p002_m0p25_s30,2026-05-08T06:38:52.675894,3,concat,fbank_pitch,train_vi_3s,hubert,5.879999999999998,0.2794999999999998,4,3045.8879382000014,2612.272043200006,433.17299799996545,653.0680108000015,108.29324949999136,0.0110495460234375,24745.502517672376,11725.236328125,15570.0,107010113,12329537,408.21118545532227,47.033451080322266,True,estimated_from_precomputed:hubert_base,94680576,0,361.177734375,0.0
Mode3_concat_train_vi_3s_hubert_mfbe_only_bdrop0p3_aug_aam_B_augOn_ap0p2_fn0p005_en0p002_m0p25_s30,./outputs\experiments_final\Mode3_concat_train_vi_3s_hubert_mfbe_only_bdrop0p3_aug_aam_B_augOn_ap0p2_fn0p005_en0p002_m0p25_s30,2026-05-06T19:31:35.498148,3,concat,mfbe_only,train_vi_3s,hubert,5.859999999999999,0.30470000000000025,9,4069.9312517999933,2497.464847100011,1571.8553812000027,277.49609412222344,174.65059791111142,0.0110495460234375,55677.380664762844,11631.2666015625,15516.0,107008833,12328257,408.20630264282227,47.028568267822266,True,estimated_from_precomputed:hubert_base,94680576,0,361.177734375,0.0
Mode3_concat_train_vi_3s_hubert_mfbe_pitch_bdrop0p3_aug_aam_B_augOn_ap0p2_fn0p005_en0p002_m0p25_s30,./outputs\experiments_final\Mode3_concat_train_vi_3s_hubert_mfbe_pitch_bdrop0p3_aug_aam_B_augOn_ap0p2_fn0p005_en0p002_m0p25_s30,2026-05-07T09:45:04.028391,3,concat,mfbe_pitch,train_vi_3s,hubert,6.110000000000002,0.285799999999999,13,6599.602729100006,3758.2299563999404,2840.5156438999984,289.09461203076467,218.50120337692294,0.0110495460234375,80422.88318243522,11728.84716796875,16042.0,107010113,12329537,408.21118545532227,47.033451080322266,True,estimated_from_precomputed:hubert_base,94680576,0,361.177734375,0.0
Mode3_concat_train_vi_3s_hubert_mfcc_only_bdrop0p3_aug_aam_B_augOn_ap0p2_fn0p005_en0p002_m0p25_s30,./outputs\experiments_final\Mode3_concat_train_vi_3s_hubert_mfcc_only_bdrop0p3_aug_aam_B_augOn_ap0p2_fn0p005_en0p002_m0p25_s30,2026-05-07T03:27:34.881253,3,concat,mfcc_only,train_vi_3s,hubert,6.210000000000003,0.28709999999999963,8,2604.5336452000192,2389.602927299973,214.45150320001994,298.70036591249664,26.806437900002493,0.0110495460234375,49491.00503534475,11812.826171875,15458.0,106957633,12277057,408.01099014282227,46.833255767822266,True,estimated_from_precomputed:hubert_base,94680576,0,361.177734375,0.0
Mode3_concat_train_vi_3s_hubert_mfcc_pitch_bdrop0p3_aug_aam_B_augOn_ap0p2_fn0p005_en0p002_m0p25_s30,./outputs\experiments_final\Mode3_concat_train_vi_3s_hubert_mfcc_pitch_bdrop0p3_aug_aam_B_augOn_ap0p2_fn0p005_en0p002_m0p25_s30,2026-05-07T14:34:20.276941,3,concat,mfcc_pitch,train_vi_3s,hubert,6.179999999999998,0.29660000000000025,6,2739.1769596000086,1617.8627921000298,1120.689305799955,269.6437986833383,186.78155096665918,0.0110495460234375,37118.253776508565,11602.1005859375,15784.0,106958913,12278337,408.01587295532227,46.838138580322266,True,estimated_from_precomputed:hubert_base,94680576,0,361.177734375,0.0
Mode3_concat_train_vi_3s_hubert_pitch_only_bdrop0p3_aug_aam_B_augOn_ap0p2_fn0p005_en0p002_m0p25_s30,./outputs\experiments_final\Mode3_concat_train_vi_3s_hubert_pitch_only_bdrop0p3_aug_aam_B_augOn_ap0p2_fn0p005_en0p002_m0p25_s30,2026-05-06T22:41:34.421173,3,concat,pitch_only,train_vi_3s,hubert,7.44,0.3695,9,3297.769028399998,3032.853620299982,264.26063079996675,336.98373558888693,29.362292311107417,0.0110495460234375,55677.380664762844,11524.59228515625,14990.0,106907713,12227137,407.82056045532227,46.642826080322266,True,estimated_from_precomputed:hubert_base,94680576,0,361.177734375,0.0
Mode3_concat_train_vi_full_hubert_fbank_only_bdrop0p3_aug_aam_B_augOn_ap0p2_fn0p005_en0p002_m0p25_s30,./outputs\experiments_final\Mode3_concat_train_vi_full_hubert_fbank_only_bdrop0p3_aug_aam_B_augOn_ap0p2_fn0p005_en0p002_m0p25_s30,2026-05-05T21:16:20.172622,3,concat,fbank_only,train_vi_full,hubert,17.720000000000002,0.7446,8,1055.178559099997,951.3532174999964,103.08776900000157,118.91915218749955,12.885971125000196,0.0111596490234375,21423.669254850003,9688.6474609375,13660.0,107008833,12328257,408.20630264282227,47.028568267822266,True,estimated_from_precomputed:hubert_base,94680576,0,361.177734375,0.0
Mode3_concat_train_vi_full_hubert_fbank_pitch_bdrop0p3_aug_aam_B_augOn_ap0p2_fn0p005_en0p002_m0p25_s30,./outputs\experiments_final\Mode3_concat_train_vi_full_hubert_fbank_pitch_bdrop0p3_aug_aam_B_augOn_ap0p2_fn0p005_en0p002_m0p25_s30,2026-05-05T22:11:06.011007,3,concat,fbank_pitch,train_vi_full,hubert,16.769999999999996,0.7253999999999994,8,1036.5115619000062,935.9939032999828,99.75150260000373,116.99923791249785,12.468937825000467,0.0111596490234375,21423.669254850003,9709.37353515625,13660.0,107010113,12329537,408.21118545532227,47.033451080322266,True,estimated_from_precomputed:hubert_base,94680576,0,361.177734375,0.0
Mode3_concat_train_vi_full_hubert_mfbe_only_bdrop0p3_aug_aam_B_augOn_ap0p2_fn0p005_en0p002_m0p25_s30,./outputs\experiments_final\Mode3_concat_train_vi_full_hubert_mfbe_only_bdrop0p3_aug_aam_B_augOn_ap0p2_fn0p005_en0p002_m0p25_s30,2026-05-05T15:25:16.373947,3,concat,mfbe_only,train_vi_full,hubert,16.24,0.7448000000000001,8,1750.974698,1600.7048214999977,149.5469479000003,200.0881026874997,18.693368487500038,0.0111596490234375,21423.669254850003,9686.9912109375,13606.0,107008833,12328257,408.20630264282227,47.028568267822266,True,estimated_from_precomputed:hubert_base,94680576,0,361.177734375,0.0
Mode3_concat_train_vi_full_hubert_mfbe_pitch_bdrop0p3_aug_aam_B_augOn_ap0p2_fn0p005_en0p002_m0p25_s30,./outputs\experiments_final\Mode3_concat_train_vi_full_hubert_mfbe_pitch_bdrop0p3_aug_aam_B_augOn_ap0p2_fn0p005_en0p002_m0p25_s30,2026-05-05T19:12:29.095818,3,concat,mfbe_pitch,train_vi_full,hubert,18.45,0.7381000000000005,8,1794.2603240999997,1642.9597027000018,150.04692270001033,205.36996283750022,18.75586533750129,0.0111596490234375,21423.669254850003,9684.72705078125,13450.0,107010113,12329537,408.21118545532227,47.033451080322266,True,estimated_from_precomputed:hubert_base,94680576,0,361.177734375,0.0
Mode3_concat_train_vi_full_hubert_mfcc_only_bdrop0p3_aug_aam_B_augOn_ap0p2_fn0p005_en0p002_m0p25_s30,./outputs\experiments_final\Mode3_concat_train_vi_full_hubert_mfcc_only_bdrop0p3_aug_aam_B_augOn_ap0p2_fn0p005_en0p002_m0p25_s30,2026-05-05T17:13:47.423532,3,concat,mfcc_only,train_vi_full,hubert,16.01,0.7434999999999994,8,997.903102799999,898.3836828000021,99.05799509999997,112.29796035000027,12.382249387499996,0.0111596490234375,21423.669254850003,9771.6357421875,13452.0,106957633,12277057,408.01099014282227,46.833255767822266,True,estimated_from_precomputed:hubert_base,94680576,0,361.177734375,0.0
Mode3_concat_train_vi_full_hubert_mfcc_pitch_bdrop0p3_aug_aam_B_augOn_ap0p2_fn0p005_en0p002_m0p25_s30,./outputs\experiments_final\Mode3_concat_train_vi_full_hubert_mfcc_pitch_bdrop0p3_aug_aam_B_augOn_ap0p2_fn0p005_en0p002_m0p25_s30,2026-05-05T20:16:58.666562,3,concat,mfcc_pitch,train_vi_full,hubert,18.03,0.7414000000000005,8,1143.5749159000006,1031.7722884000032,111.34182839999994,128.9715360500004,13.917728549999993,0.0111596490234375,21423.669254850003,9661.38330078125,13452.0,106958913,12278337,408.01587295532227,46.838138580322266,True,estimated_from_precomputed:hubert_base,94680576,0,361.177734375,0.0
Mode3_concat_train_vi_full_hubert_pitch_only_bdrop0p3_aug_aam_B_augOn_ap0p2_fn0p005_en0p002_m0p25_s30,./outputs\experiments_final\Mode3_concat_train_vi_full_hubert_pitch_only_bdrop0p3_aug_aam_B_augOn_ap0p2_fn0p005_en0p002_m0p25_s30,2026-05-05T16:17:12.802341,3,concat,pitch_only,train_vi_full,hubert,11.799999999999999,0.6868999999999993,8,937.7542948999999,848.2482857000014,89.07933690000027,106.03103571250017,11.134917112500034,0.0111596490234375,21423.669254850003,9596.59326171875,13450.0,106907713,12227137,407.82056045532227,46.642826080322266,True,estimated_from_precomputed:hubert_base,94680576,0,361.177734375,0.0
Mode3_concat_train_vi_full_wav2vec2_fbank_only_bdrop0p3_aug_aam_B_augOn_ap0p2_fn0p005_en0p002_m0p25_s30,./outputs\experiments_final\Mode3_concat_train_vi_full_wav2vec2_fbank_only_bdrop0p3_aug_aam_B_augOn_ap0p2_fn0p005_en0p002_m0p25_s30,2026-05-06T14:03:36.100194,3,concat,fbank_only,train_vi_full,wav2vec2,17.86,0.7648000000000001,8,1012.772481699998,909.8429116999905,102.16059810003208,113.73036396249881,12.77007476250401,0.0111596490234375,21423.669254850003,9676.875,13660.0,107372865,12328257,409.59497451782227,47.028568267822266,True,estimated_from_precomputed:wav2vec2_base,95044608,0,362.56640625,0.0
Mode3_concat_train_vi_full_wav2vec2_fbank_pitch_bdrop0p3_aug_aam_B_augOn_ap0p2_fn0p005_en0p002_m0p25_s30,./outputs\experiments_final\Mode3_concat_train_vi_full_wav2vec2_fbank_pitch_bdrop0p3_aug_aam_B_augOn_ap0p2_fn0p005_en0p002_m0p25_s30,2026-05-06T15:00:21.879023,3,concat,fbank_pitch,train_vi_full,wav2vec2,17.549999999999997,0.7270000000000001,9,1141.269306400005,1020.6015075999894,120.08263560000341,113.40016751110994,13.342515066667046,0.0111596490234375,24101.62791170625,9694.09423828125,13450.0,107374145,12329537,409.59985733032227,47.033451080322266,True,estimated_from_precomputed:wav2vec2_base,95044608,0,362.56640625,0.0
Mode3_concat_train_vi_full_wav2vec2_mfbe_only_bdrop0p3_aug_aam_B_augOn_ap0p2_fn0p005_en0p002_m0p25_s30,./outputs\experiments_final\Mode3_concat_train_vi_full_wav2vec2_mfbe_only_bdrop0p3_aug_aam_B_augOn_ap0p2_fn0p005_en0p002_m0p25_s30,2026-05-06T08:34:02.923486,3,concat,mfbe_only,train_vi_full,wav2vec2,16.65,0.7370000000000005,8,1618.2332942000066,1473.6837180000148,143.4939791999932,184.21046475000185,17.93674739999915,0.0111596490234375,21423.669254850003,9681.353515625,13660.0,107372865,12328257,409.59497451782227,47.028568267822266,True,estimated_from_precomputed:wav2vec2_base,95044608,0,362.56640625,0.0
Mode3_concat_train_vi_full_wav2vec2_mfbe_pitch_bdrop0p3_aug_aam_B_augOn_ap0p2_fn0p005_en0p002_m0p25_s30,./outputs\experiments_final\Mode3_concat_train_vi_full_wav2vec2_mfbe_pitch_bdrop0p3_aug_aam_B_augOn_ap0p2_fn0p005_en0p002_m0p25_s30,2026-05-06T12:09:12.291015,3,concat,mfbe_pitch,train_vi_full,wav2vec2,17.390000000000004,0.734199999999999,8,1698.828947899994,1553.4425800000026,144.2385471999878,194.18032250000033,18.029818399998476,0.0111596490234375,21423.669254850003,9692.63720703125,13976.0,107374145,12329537,409.59985733032227,47.033451080322266,True,estimated_from_precomputed:wav2vec2_base,95044608,0,362.56640625,0.0
Mode3_concat_train_vi_full_wav2vec2_mfcc_only_bdrop0p3_aug_aam_B_augOn_ap0p2_fn0p005_en0p002_m0p25_s30,./outputs\experiments_final\Mode3_concat_train_vi_full_wav2vec2_mfcc_only_bdrop0p3_aug_aam_B_augOn_ap0p2_fn0p005_en0p002_m0p25_s30,2026-05-06T10:21:45.718600,3,concat,mfcc_only,train_vi_full,wav2vec2,16.34,0.7498000000000001,8,994.4161224000127,894.3446312999731,99.33535360000678,111.79307891249664,12.416919200000848,0.0111596490234375,21423.669254850003,9736.216796875,13136.0,107321665,12277057,409.39966201782227,46.833255767822266,True,estimated_from_precomputed:wav2vec2_base,95044608,0,362.56640625,0.0
Mode3_concat_train_vi_full_wav2vec2_mfcc_pitch_bdrop0p3_aug_aam_B_augOn_ap0p2_fn0p005_en0p002_m0p25_s30,./outputs\experiments_final\Mode3_concat_train_vi_full_wav2vec2_mfcc_pitch_bdrop0p3_aug_aam_B_augOn_ap0p2_fn0p005_en0p002_m0p25_s30,2026-05-06T13:07:11.337027,3,concat,mfcc_pitch,train_vi_full,wav2vec2,18.59,0.7208999999999999,9,1093.7358712999994,985.839744500001,106.90483920002589,109.537749388889,11.878315466669543,0.0111596490234375,24101.62791170625,9662.12255859375,13452.0,107322945,12278337,409.40454483032227,46.838138580322266,True,estimated_from_precomputed:wav2vec2_base,95044608,0,362.56640625,0.0
Mode3_concat_train_vi_full_wav2vec2_pitch_only_bdrop0p3_aug_aam_B_augOn_ap0p2_fn0p005_en0p002_m0p25_s30,./outputs\experiments_final\Mode3_concat_train_vi_full_wav2vec2_pitch_only_bdrop0p3_aug_aam_B_augOn_ap0p2_fn0p005_en0p002_m0p25_s30,2026-05-06T09:24:01.887756,3,concat,pitch_only,train_vi_full,wav2vec2,12.09,0.7200000000000001,8,974.8437754999904,881.928680299985,92.4235632999771,110.24108503749812,11.552945412497138,0.0111596490234375,21423.669254850003,9600.08349609375,13450.0,107271745,12227137,409.20923233032227,46.642826080322266,True,estimated_from_precomputed:wav2vec2_base,95044608,0,362.56640625,0.0
Mode3_concat_train_vi_full_wavlm_fbank_only_bdrop0p3_aug_aam_B_augOn_ap0p2_fn0p005_en0p002_m0p25_s30,./outputs\experiments_final\Mode3_concat_train_vi_full_wavlm_fbank_only_bdrop0p3_aug_aam_B_augOn_ap0p2_fn0p005_en0p002_m0p25_s30,2026-05-06T05:52:23.577111,3,concat,fbank_only,train_vi_full,wavlm,17.110000000000003,0.7291999999999991,9,1326.8680002999972,1194.1490007000175,131.74319149999792,132.68322230000194,14.638132388888657,0.0111596490234375,24101.62791170625,9688.2607421875,13660.0,107008833,12328257,408.20630264282227,47.028568267822266,True,estimated_from_precomputed:wavlm_base,94680576,0,361.177734375,0.0
Mode3_concat_train_vi_full_wavlm_fbank_pitch_bdrop0p3_aug_aam_B_augOn_ap0p2_fn0p005_en0p002_m0p25_s30,./outputs\experiments_final\Mode3_concat_train_vi_full_wavlm_fbank_pitch_bdrop0p3_aug_aam_B_augOn_ap0p2_fn0p005_en0p002_m0p25_s30,2026-05-06T06:53:04.982528,3,concat,fbank_pitch,train_vi_full,wavlm,16.200000000000003,0.7136000000000003,8,1038.962639400008,929.4156744000065,108.82174549999763,116.17695930000082,13.602718187499704,0.0111596490234375,21423.669254850003,9680.56396484375,13450.0,107010113,12329537,408.21118545532227,47.033451080322266,True,estimated_from_precomputed:wavlm_base,94680576,0,361.177734375,0.0
Mode3_concat_train_vi_full_wavlm_mfbe_only_bdrop0p3_aug_aam_B_augOn_ap0p2_fn0p005_en0p002_m0p25_s30,./outputs\experiments_final\Mode3_concat_train_vi_full_wavlm_mfbe_only_bdrop0p3_aug_aam_B_augOn_ap0p2_fn0p005_en0p002_m0p25_s30,2026-05-05T23:53:51.878733,3,concat,mfbe_only,train_vi_full,wavlm,14.080000000000004,0.7142999999999999,8,1766.000407200001,1616.202241699997,148.81368350000412,202.02528021249964,18.601710437500515,0.0111596490234375,21423.669254850003,9683.287109375,13660.0,107008833,12328257,408.20630264282227,47.028568267822266,True,estimated_from_precomputed:wavlm_base,94680576,0,361.177734375,0.0
Mode3_concat_train_vi_full_wavlm_mfbe_pitch_bdrop0p3_aug_aam_B_augOn_ap0p2_fn0p005_en0p002_m0p25_s30,./outputs\experiments_final\Mode3_concat_train_vi_full_wavlm_mfbe_pitch_bdrop0p3_aug_aam_B_augOn_ap0p2_fn0p005_en0p002_m0p25_s30,2026-05-06T03:40:26.489138,3,concat,mfbe_pitch,train_vi_full,wavlm,14.780000000000001,0.7165999999999991,8,1798.0067094000042,1640.7902428000016,156.14497459999984,205.0987803500002,19.51812182499998,0.0111596490234375,21423.669254850003,9687.48095703125,13134.0,107010113,12329537,408.21118545532227,47.033451080322266,True,estimated_from_precomputed:wavlm_base,94680576,0,361.177734375,0.0
Mode3_concat_train_vi_full_wavlm_mfcc_only_bdrop0p3_aug_aam_B_augOn_ap0p2_fn0p005_en0p002_m0p25_s30,./outputs\experiments_final\Mode3_concat_train_vi_full_wavlm_mfcc_only_bdrop0p3_aug_aam_B_augOn_ap0p2_fn0p005_en0p002_m0p25_s30,2026-05-06T01:48:24.270313,3,concat,mfcc_only,train_vi_full,wavlm,14.549999999999997,0.7443999999999998,8,1111.3908428000068,1000.3606824000017,110.22943790000136,125.04508530000021,13.77867973750017,0.0111596490234375,21423.669254850003,9760.3740234375,13450.0,106957633,12277057,408.01099014282227,46.833255767822266,True,estimated_from_precomputed:wavlm_base,94680576,0,361.177734375,0.0
Mode3_concat_train_vi_full_wavlm_mfcc_pitch_bdrop0p3_aug_aam_B_augOn_ap0p2_fn0p005_en0p002_m0p25_s30,./outputs\experiments_final\Mode3_concat_train_vi_full_wavlm_mfcc_pitch_bdrop0p3_aug_aam_B_augOn_ap0p2_fn0p005_en0p002_m0p25_s30,2026-05-06T04:44:34.482654,3,concat,mfcc_pitch,train_vi_full,wavlm,15.73,0.7507000000000009,8,1141.9059514000037,1030.4739762999961,110.67896930000279,128.80924703749952,13.834871162500349,0.0111596490234375,21423.669254850003,9664.69580078125,13450.0,106958913,12278337,408.01587295532227,46.838138580322266,True,estimated_from_precomputed:wavlm_base,94680576,0,361.177734375,0.0
Mode3_concat_train_vi_full_wavlm_pitch_only_bdrop0p3_aug_aam_B_augOn_ap0p2_fn0p005_en0p002_m0p25_s30,./outputs\experiments_final\Mode3_concat_train_vi_full_wavlm_pitch_only_bdrop0p3_aug_aam_B_augOn_ap0p2_fn0p005_en0p002_m0p25_s30,2026-05-06T00:46:07.162545,3,concat,pitch_only,train_vi_full,wavlm,16.45,0.7224999999999995,8,1006.4175535000031,911.390089499997,94.57481600000028,113.92376118749962,11.821852000000035,0.0111596490234375,21423.669254850003,9595.36474609375,13134.0,106907713,12227137,407.82056045532227,46.642826080322266,True,estimated_from_precomputed:wavlm_base,94680576,0,361.177734375,0.0
Mode3_film_train_raw_hubert_fbank_only_bdrop0p3_aug_aam_B_augOn_ap0p2_fn0p005_en0p002_m0p25_s30,./outputs\experiments_final\Mode3_film_train_raw_hubert_fbank_only_bdrop0p3_aug_aam_B_augOn_ap0p2_fn0p005_en0p002_m0p25_s30,2026-05-04T11:33:54.442852,3,film,fbank_only,train_raw,hubert,8.640000000000002,0.46800000000000036,8,1138.2241173999937,1062.1921125999943,75.61214419999305,132.7740140749993,9.451518024999132,0.0106970910234375,22093.172762710503,9917.69970703125,13940.0,106747713,12067137,407.21020889282227,46.032474517822266,True,estimated_from_precomputed:hubert_base,94680576,0,361.177734375,0.0
Mode3_film_train_raw_hubert_fbank_pitch_bdrop0p3_aug_aam_B_augOn_ap0p2_fn0p005_en0p002_m0p25_s30,./outputs\experiments_final\Mode3_film_train_raw_hubert_fbank_pitch_bdrop0p3_aug_aam_B_augOn_ap0p2_fn0p005_en0p002_m0p25_s30,2026-05-04T12:57:31.335973,3,film,fbank_pitch,train_raw,hubert,7.979999999999999,0.42530000000000073,9,1284.1201174000016,1195.3722539000155,88.14198159999796,132.81913932222395,9.793553511110884,0.0106970910234375,24854.819358049313,9935.6171875,13622.0,106748993,12068417,407.21509170532227,46.037357330322266,True,estimated_from_precomputed:hubert_base,94680576,0,361.177734375,0.0
Mode3_film_train_raw_hubert_mfbe_only_bdrop0p3_aug_aam_B_augOn_ap0p2_fn0p005_en0p002_m0p25_s30,./outputs\experiments_final\Mode3_film_train_raw_hubert_mfbe_only_bdrop0p3_aug_aam_B_augOn_ap0p2_fn0p005_en0p002_m0p25_s30,2026-05-04T04:09:31.470884,3,film,mfbe_only,train_raw,hubert,8.1,0.47099999999999925,8,1982.4100798,1871.4791552999886,110.25088730000425,233.93489441249858,13.781360912500531,0.0106970910234375,22093.172762710503,9926.27001953125,13622.0,106747713,12067137,407.21020889282227,46.032474517822266,True,estimated_from_precomputed:hubert_base,94680576,0,361.177734375,0.0
Mode3_film_train_raw_hubert_mfbe_pitch_bdrop0p3_aug_aam_B_augOn_ap0p2_fn0p005_en0p002_m0p25_s30,./outputs\experiments_final\Mode3_film_train_raw_hubert_mfbe_pitch_bdrop0p3_aug_aam_B_augOn_ap0p2_fn0p005_en0p002_m0p25_s30,2026-05-04T08:58:24.060899,3,film,mfbe_pitch,train_raw,hubert,7.920000000000002,0.4280000000000003,10,2520.283765299995,2384.664603099998,133.7644594999947,238.46646030999983,13.37644594999947,0.0106970910234375,27616.465953388128,9937.4794921875,13624.0,106748993,12068417,407.21509170532227,46.037357330322266,True,estimated_from_precomputed:hubert_base,94680576,0,361.177734375,0.0
Mode3_film_train_raw_hubert_mfcc_only_bdrop0p3_aug_aam_B_augOn_ap0p2_fn0p005_en0p002_m0p25_s30,./outputs\experiments_final\Mode3_film_train_raw_hubert_mfcc_only_bdrop0p3_aug_aam_B_augOn_ap0p2_fn0p005_en0p002_m0p25_s30,2026-05-04T07:00:05.016753,3,film,mfcc_only,train_raw,hubert,8.65,0.46220000000000094,9,1244.8108006999973,1164.0207770999987,79.2912906000056,129.33564189999984,8.810143400000621,0.0106970910234375,24854.819358049313,9979.33154296875,13356.0,106696513,12015937,407.01489639282227,45.837162017822266,True,estimated_from_precomputed:hubert_base,94680576,0,361.177734375,0.0
Mode3_film_train_raw_hubert_mfcc_pitch_bdrop0p3_aug_aam_B_augOn_ap0p2_fn0p005_en0p002_m0p25_s30,./outputs\experiments_final\Mode3_film_train_raw_hubert_mfcc_pitch_bdrop0p3_aug_aam_B_augOn_ap0p2_fn0p005_en0p002_m0p25_s30,2026-05-04T10:31:02.356510,3,film,mfcc_pitch,train_raw,hubert,8.240000000000002,0.5164999999999992,8,1101.7394206999961,1027.7364350999924,73.58548700000392,128.46705438749905,9.19818587500049,0.0106970910234375,22093.172762710503,9910.1796875,13938.0,106697793,12017217,407.01977920532227,45.842044830322266,True,estimated_from_precomputed:hubert_base,94680576,0,361.177734375,0.0
Mode3_film_train_raw_hubert_pitch_only_bdrop0p3_aug_aam_B_augOn_ap0p2_fn0p005_en0p002_m0p25_s30,./outputs\experiments_final\Mode3_film_train_raw_hubert_pitch_only_bdrop0p3_aug_aam_B_augOn_ap0p2_fn0p005_en0p002_m0p25_s30,2026-05-04T05:52:35.256087,3,film,pitch_only,train_raw,hubert,9.740000000000002,0.46329999999999993,15,1918.3227998999937,1799.278390200001,118.22143670000514,119.95189268000007,7.8814291133336765,0.0106970910234375,41424.69893008219,9830.9892578125,13412.0,106646593,11966017,406.82446670532227,45.646732330322266,True,estimated_from_precomputed:hubert_base,94680576,0,361.177734375,0.0
Mode3_film_train_raw_wav2vec2_fbank_only_bdrop0p3_aug_aam_B_augOn_ap0p2_fn0p005_en0p002_m0p25_s30,./outputs\experiments_final\Mode3_film_train_raw_wav2vec2_fbank_only_bdrop0p3_aug_aam_B_augOn_ap0p2_fn0p005_en0p002_m0p25_s30,2026-05-05T09:23:57.118922,3,film,fbank_only,train_raw,wav2vec2,7.889999999999999,0.43480000000000085,10,1423.4636177000066,1328.8158140000305,93.8700657999434,132.88158140000306,9.38700657999434,0.0106970910234375,27616.465953388128,9916.25048828125,13940.0,107111745,12067137,408.59888076782227,46.032474517822266,True,estimated_from_precomputed:wav2vec2_base,95044608,0,362.56640625,0.0
Mode3_film_train_raw_wav2vec2_fbank_pitch_bdrop0p3_aug_aam_B_augOn_ap0p2_fn0p005_en0p002_m0p25_s30,./outputs\experiments_final\Mode3_film_train_raw_wav2vec2_fbank_pitch_bdrop0p3_aug_aam_B_augOn_ap0p2_fn0p005_en0p002_m0p25_s30,2026-05-05T13:21:25.614420,3,film,fbank_pitch,train_raw,wav2vec2,8.870000000000001,0.4105000000000006,11,1511.6624248000003,1412.2276943999987,98.48633860000064,128.38433585454533,8.953303509090967,0.0106970910234375,30378.11254872694,9947.09033203125,13644.0,107113025,12068417,408.60376358032227,46.037357330322266,True,estimated_from_precomputed:wav2vec2_base,95044608,0,362.56640625,0.0
Mode3_film_train_raw_wav2vec2_mfbe_only_bdrop0p3_aug_aam_B_augOn_ap0p2_fn0p005_en0p002_m0p25_s30,./outputs\experiments_final\Mode3_film_train_raw_wav2vec2_mfbe_only_bdrop0p3_aug_aam_B_augOn_ap0p2_fn0p005_en0p002_m0p25_s30,2026-05-05T01:37:09.039552,3,film,mfbe_only,train_raw,wav2vec2,7.899999999999999,0.48459999999999903,8,2015.3276377000002,1898.5810721999878,116.05435919998854,237.32263402499848,14.506794899998567,0.0106970910234375,22093.172762710503,9931.32763671875,13938.0,107111745,12067137,408.59888076782227,46.032474517822266,True,estimated_from_precomputed:wav2vec2_base,95044608,0,362.56640625,0.0
Mode3_film_train_raw_wav2vec2_mfbe_pitch_bdrop0p3_aug_aam_B_augOn_ap0p2_fn0p005_en0p002_m0p25_s30,./outputs\experiments_final\Mode3_film_train_raw_wav2vec2_mfbe_pitch_bdrop0p3_aug_aam_B_augOn_ap0p2_fn0p005_en0p002_m0p25_s30,2026-05-05T06:43:24.529444,3,film,mfbe_pitch,train_raw,wav2vec2,8.760000000000002,0.4971999999999991,8,2107.4756433000002,1981.2192646999902,125.62855490001675,247.65240808749877,15.703569362502094,0.0106970910234375,22093.172762710503,9923.7431640625,13938.0,107113025,12068417,408.60376358032227,46.037357330322266,True,estimated_from_precomputed:wav2vec2_base,95044608,0,362.56640625,0.0
Mode3_film_train_raw_wav2vec2_mfcc_only_bdrop0p3_aug_aam_B_augOn_ap0p2_fn0p005_en0p002_m0p25_s30,./outputs\experiments_final\Mode3_film_train_raw_wav2vec2_mfcc_only_bdrop0p3_aug_aam_B_augOn_ap0p2_fn0p005_en0p002_m0p25_s30,2026-05-05T04:47:03.387572,3,film,mfcc_only,train_raw,wav2vec2,8.999999999999998,0.45539999999999986,10,1365.2955717000004,1275.6321642000112,88.87944410000637,127.56321642000111,8.887944410000637,0.0106970910234375,27616.465953388128,9997.40380859375,13936.0,107060545,12015937,408.40356826782227,45.837162017822266,True,estimated_from_precomputed:wav2vec2_base,95044608,0,362.56640625,0.0
Mode3_film_train_raw_wav2vec2_mfcc_pitch_bdrop0p3_aug_aam_B_augOn_ap0p2_fn0p005_en0p002_m0p25_s30,./outputs\experiments_final\Mode3_film_train_raw_wav2vec2_mfcc_pitch_bdrop0p3_aug_aam_B_augOn_ap0p2_fn0p005_en0p002_m0p25_s30,2026-05-02T13:54:36.847280,3,film,mfcc_pitch,train_raw,wav2vec2,9.750000000000002,0.5352000000000008,8,1169.306926099991,1093.3567362999602,75.53405050002038,136.66959203749502,9.441756312502548,0.0106970910234375,22093.172762710503,9911.625,13540.0,107061825,12017217,408.40845108032227,45.842044830322266,True,estimated_from_precomputed:wav2vec2_base,95044608,0,362.56640625,0.0
Mode3_film_train_raw_wav2vec2_pitch_only_bdrop0p3_aug_aam_B_augOn_ap0p2_fn0p005_en0p002_m0p25_s30,./outputs\experiments_final\Mode3_film_train_raw_wav2vec2_pitch_only_bdrop0p3_aug_aam_B_augOn_ap0p2_fn0p005_en0p002_m0p25_s30,2026-05-05T03:28:09.665445,3,film,pitch_only,train_raw,wav2vec2,9.919999999999998,0.4928999999999997,12,1537.2290434999886,1440.7972752999776,95.34132269998372,120.06643960833146,7.945110224998643,0.0106970910234375,33139.75914406575,9826.8515625,13412.0,107010625,11966017,408.21313858032227,45.646732330322266,True,estimated_from_precomputed:wav2vec2_base,95044608,0,362.56640625,0.0
Mode3_film_train_raw_wavlm_fbank_only_bdrop0p3_aug_aam_B_augOn_ap0p2_fn0p005_en0p002_m0p25_s30,./outputs\experiments_final\Mode3_film_train_raw_wavlm_fbank_only_bdrop0p3_aug_aam_B_augOn_ap0p2_fn0p005_en0p002_m0p25_s30,2026-05-04T22:31:36.629286,3,film,fbank_only,train_raw,wavlm,8.040000000000001,0.39300000000000074,10,1410.2046902000002,1315.9845063000103,93.61191669998516,131.59845063000103,9.361191669998515,0.0106970910234375,27616.465953388128,9922.59521484375,13940.0,106747713,12067137,407.21020889282227,46.032474517822266,True,estimated_from_precomputed:wavlm_base,94680576,0,361.177734375,0.0
Mode3_film_train_raw_wavlm_fbank_pitch_bdrop0p3_aug_aam_B_augOn_ap0p2_fn0p005_en0p002_m0p25_s30,./outputs\experiments_final\Mode3_film_train_raw_wavlm_fbank_pitch_bdrop0p3_aug_aam_B_augOn_ap0p2_fn0p005_en0p002_m0p25_s30,2026-05-04T23:52:53.915294,3,film,fbank_pitch,train_raw,wavlm,8.350000000000001,0.38829999999999903,11,1555.4859235999902,1448.0909806000127,106.46997889995691,131.64463460000115,9.679088990905173,0.0106970910234375,30378.11254872694,9925.9794921875,14200.0,106748993,12068417,407.21509170532227,46.037357330322266,True,estimated_from_precomputed:wavlm_base,94680576,0,361.177734375,0.0
Mode3_film_train_raw_wavlm_mfbe_only_bdrop0p3_aug_aam_B_augOn_ap0p2_fn0p005_en0p002_m0p25_s30,./outputs\experiments_final\Mode3_film_train_raw_wavlm_mfbe_only_bdrop0p3_aug_aam_B_augOn_ap0p2_fn0p005_en0p002_m0p25_s30,2026-05-04T14:50:22.017533,3,film,mfbe_only,train_raw,wavlm,8.279999999999998,0.4830000000000005,8,1983.070541699999,1869.8422774000355,112.57415390000097,233.73028467500444,14.07176923750012,0.0106970910234375,22093.172762710503,9926.57568359375,13938.0,106747713,12067137,407.21020889282227,46.032474517822266,True,estimated_from_precomputed:wavlm_base,94680576,0,361.177734375,0.0
Mode3_film_train_raw_wavlm_mfbe_pitch_bdrop0p3_aug_aam_B_augOn_ap0p2_fn0p005_en0p002_m0p25_s30,./outputs\experiments_final\Mode3_film_train_raw_wavlm_mfbe_pitch_bdrop0p3_aug_aam_B_augOn_ap0p2_fn0p005_en0p002_m0p25_s30,2026-05-04T19:35:10.926031,3,film,mfbe_pitch,train_raw,wavlm,8.040000000000001,0.48119999999999924,8,2124.6295887000015,2009.5341310999793,114.3729813999962,251.1917663874974,14.296622674999526,0.0106970910234375,22093.172762710503,9920.595703125,14200.0,106748993,12068417,407.21509170532227,46.037357330322266,True,estimated_from_precomputed:wavlm_base,94680576,0,361.177734375,0.0
Mode3_film_train_raw_wavlm_mfcc_only_bdrop0p3_aug_aam_B_augOn_ap0p2_fn0p005_en0p002_m0p25_s30,./outputs\experiments_final\Mode3_film_train_raw_wavlm_mfcc_only_bdrop0p3_aug_aam_B_augOn_ap0p2_fn0p005_en0p002_m0p25_s30,2026-05-04T17:39:24.534884,3,film,mfcc_only,train_raw,wavlm,7.620000000000002,0.41879999999999945,12,1624.2509110999963,1516.2056589000276,106.87023620001855,126.3504715750023,8.905853016668212,0.0106970910234375,33139.75914406575,9989.19970703125,13622.0,106696513,12015937,407.01489639282227,45.837162017822266,True,estimated_from_precomputed:wavlm_base,94680576,0,361.177734375,0.0
Mode3_film_train_raw_wavlm_mfcc_pitch_bdrop0p3_aug_aam_B_augOn_ap0p2_fn0p005_en0p002_m0p25_s30,./outputs\experiments_final\Mode3_film_train_raw_wavlm_mfcc_pitch_bdrop0p3_aug_aam_B_augOn_ap0p2_fn0p005_en0p002_m0p25_s30,2026-05-04T21:14:29.424917,3,film,mfcc_pitch,train_raw,wavlm,8.469999999999999,0.4705999999999995,9,1250.546513999987,1167.7415038999898,82.17395250001573,129.74905598888776,9.130439166668415,0.0106970910234375,24854.819358049313,9916.8076171875,13936.0,106697793,12017217,407.01977920532227,45.842044830322266,True,estimated_from_precomputed:wavlm_base,94680576,0,361.177734375,0.0
Mode3_film_train_raw_wavlm_pitch_only_bdrop0p3_aug_aam_B_augOn_ap0p2_fn0p005_en0p002_m0p25_s30,./outputs\experiments_final\Mode3_film_train_raw_wavlm_pitch_only_bdrop0p3_aug_aam_B_augOn_ap0p2_fn0p005_en0p002_m0p25_s30,2026-05-04T16:22:27.222620,3,film,pitch_only,train_raw,wavlm,9.51,0.4831000000000009,10,1281.072304900008,1201.433521700019,78.89051040001505,120.14335217000189,7.889051040001505,0.0106970910234375,27616.465953388128,9826.970703125,13410.0,106646593,11966017,406.82446670532227,45.646732330322266,True,estimated_from_precomputed:wavlm_base,94680576,0,361.177734375,0.0
Mode3_film_train_vi_3s_hubert_fbank_only_bdrop0p3_aug_aam_B_augOn_ap0p2_fn0p005_en0p002_m0p25_s30,./outputs\experiments_final\Mode3_film_train_vi_3s_hubert_fbank_only_bdrop0p3_aug_aam_B_augOn_ap0p2_fn0p005_en0p002_m0p25_s30,2026-05-07T17:36:32.195346,3,film,fbank_only,train_vi_3s,hubert,5.359999999999999,0.22099999999999898,8,6989.528575299977,6592.66632389999,396.0398270000296,824.0832904874987,49.5049783750037,0.0105273060234375,47151.88789742475,11617.19775390625,15566.0,106747713,12067137,407.21020889282227,46.032474517822266,True,estimated_from_precomputed:hubert_base,94680576,0,361.177734375,0.0
Mode3_film_train_vi_3s_hubert_fbank_pitch_bdrop0p3_aug_aam_B_augOn_ap0p2_fn0p005_en0p002_m0p25_s30,./outputs\experiments_final\Mode3_film_train_vi_3s_hubert_fbank_pitch_bdrop0p3_aug_aam_B_augOn_ap0p2_fn0p005_en0p002_m0p25_s30,2026-05-08T05:45:36.609983,3,film,fbank_pitch,train_vi_3s,hubert,4.900000000000002,0.23800000000000066,13,26143.595685999986,23862.43518630002,2279.989573500032,1835.571937407694,175.3838133461563,0.0105273060234375,76621.81783331522,11689.912109375,15562.0,106748993,12068417,407.21509170532227,46.037357330322266,True,estimated_from_precomputed:hubert_base,94680576,0,361.177734375,0.0
Mode3_film_train_vi_3s_hubert_mfbe_only_bdrop0p3_aug_aam_B_augOn_ap0p2_fn0p005_en0p002_m0p25_s30,./outputs\experiments_final\Mode3_film_train_vi_3s_hubert_mfbe_only_bdrop0p3_aug_aam_B_augOn_ap0p2_fn0p005_en0p002_m0p25_s30,2026-05-06T18:20:36.434875,3,film,mfbe_only,train_vi_3s,hubert,4.539999999999999,0.2014000000000009,17,7631.7276189999975,4646.7497630999715,2983.680521100032,273.33822135882184,175.51061888823716,0.0105273060234375,100197.76178202759,11668.0595703125,15510.0,106747713,12067137,407.21020889282227,46.032474517822266,True,estimated_from_precomputed:hubert_base,94680576,0,361.177734375,0.0
Mode3_film_train_vi_3s_hubert_mfbe_pitch_bdrop0p3_aug_aam_B_augOn_ap0p2_fn0p005_en0p002_m0p25_s30,./outputs\experiments_final\Mode3_film_train_vi_3s_hubert_mfbe_pitch_bdrop0p3_aug_aam_B_augOn_ap0p2_fn0p005_en0p002_m0p25_s30,2026-05-07T07:51:39.664488,3,film,mfbe_pitch,train_vi_3s,hubert,4.830000000000001,0.21730000000000022,13,9627.098055899987,5483.774562899955,4142.517324099987,421.82881253076573,318.65517877692207,0.0105273060234375,76621.81783331522,11682.73193359375,16032.0,106748993,12068417,407.21509170532227,46.037357330322266,True,estimated_from_precomputed:hubert_base,94680576,0,361.177734375,0.0
Mode3_film_train_vi_3s_hubert_mfcc_only_bdrop0p3_aug_aam_B_augOn_ap0p2_fn0p005_en0p002_m0p25_s30,./outputs\experiments_final\Mode3_film_train_vi_3s_hubert_mfcc_only_bdrop0p3_aug_aam_B_augOn_ap0p2_fn0p005_en0p002_m0p25_s30,2026-05-07T02:42:54.918762,3,film,mfcc_only,train_vi_3s,hubert,4.669999999999998,0.18369999999999936,18,8499.894562300004,4800.109473500022,3698.6242436999455,266.67274852777905,205.47912464999698,0.0105273060234375,106091.74776920569,11820.3798828125,15506.0,106696513,12015937,407.01489639282227,45.837162017822266,True,estimated_from_precomputed:hubert_base,94680576,0,361.177734375,0.0
Mode3_film_train_vi_3s_hubert_mfcc_pitch_bdrop0p3_aug_aam_B_augOn_ap0p2_fn0p005_en0p002_m0p25_s30,./outputs\experiments_final\Mode3_film_train_vi_3s_hubert_mfcc_pitch_bdrop0p3_aug_aam_B_augOn_ap0p2_fn0p005_en0p002_m0p25_s30,2026-05-07T13:47:38.633903,3,film,mfcc_pitch,train_vi_3s,hubert,4.8000000000000025,0.21009999999999895,11,4883.650591699989,2975.732160500047,1906.786063699954,270.5211055000043,173.34418760908673,0.0105273060234375,64833.84585895903,11639.515625,15708.0,106697793,12017217,407.01977920532227,45.842044830322266,True,estimated_from_precomputed:hubert_base,94680576,0,361.177734375,0.0
Mode3_film_train_vi_3s_hubert_pitch_only_bdrop0p3_aug_aam_B_augOn_ap0p2_fn0p005_en0p002_m0p25_s30,./outputs\experiments_final\Mode3_film_train_vi_3s_hubert_pitch_only_bdrop0p3_aug_aam_B_augOn_ap0p2_fn0p005_en0p002_m0p25_s30,2026-05-06T21:45:25.763829,3,film,pitch_only,train_vi_3s,hubert,6.559999999999999,0.3225000000000003,13,3515.746536999999,3230.540974800053,284.0266332000174,248.50315190769638,21.848202553847493,0.0105273060234375,76621.81783331522,11518.36474609375,14664.0,106646593,11966017,406.82446670532227,45.646732330322266,True,estimated_from_precomputed:hubert_base,94680576,0,361.177734375,0.0
Mode3_film_train_vi_3s_wavlm_mfbe_only_bdrop0p3_aug_aam_B_augOn_ap0p2_fn0p005_en0p002_m0p25_s30,./outputs\experiments_final\Mode3_film_train_vi_3s_wavlm_mfbe_only_bdrop0p3_aug_aam_B_augOn_ap0p2_fn0p005_en0p002_m0p25_s30,2026-05-08T10:37:39.221631,3,film,mfbe_only,train_vi_3s,wavlm,5.159999999999999,0.21960000000000027,7,9265.425603699987,6419.59730069997,2845.05489869992,917.0853286714243,406.4364140999886,0.0105273060234375,41257.901910246655,11721.12158203125,15566.0,106747713,12067137,407.21020889282227,46.032474517822266,True,estimated_from_precomputed:wavlm_base,94680576,0,361.177734375,0.0
Mode3_film_train_vi_full_hubert_fbank_only_bdrop0p3_aug_aam_B_augOn_ap0p2_fn0p005_en0p002_m0p25_s30,./outputs\experiments_final\Mode3_film_train_vi_full_hubert_fbank_only_bdrop0p3_aug_aam_B_augOn_ap0p2_fn0p005_en0p002_m0p25_s30,2026-05-05T20:58:11.472195,3,film,fbank_only,train_vi_full,hubert,16.69,0.7244000000000004,8,1048.8031116999991,946.3008081000116,101.76163619999716,118.28760101250145,12.720204524999644,0.0106374090234375,20421.10214829,9683.61328125,13446.0,106747713,12067137,407.21020889282227,46.032474517822266,True,estimated_from_precomputed:hubert_base,94680576,0,361.177734375,0.0
Mode3_film_train_vi_full_hubert_fbank_pitch_bdrop0p3_aug_aam_B_augOn_ap0p2_fn0p005_en0p002_m0p25_s30,./outputs\experiments_final\Mode3_film_train_vi_full_hubert_fbank_pitch_bdrop0p3_aug_aam_B_augOn_ap0p2_fn0p005_en0p002_m0p25_s30,2026-05-05T21:53:15.116540,3,film,fbank_pitch,train_vi_full,hubert,13.129999999999997,0.6738999999999996,8,1061.9664458999978,953.6497605999903,107.60998169999948,119.20622007499878,13.451247712499935,0.0106374090234375,20421.10214829,9690.05126953125,13130.0,106748993,12068417,407.21509170532227,46.037357330322266,True,estimated_from_precomputed:hubert_base,94680576,0,361.177734375,0.0
Mode3_film_train_vi_full_hubert_mfbe_only_bdrop0p3_aug_aam_B_augOn_ap0p2_fn0p005_en0p002_m0p25_s30,./outputs\experiments_final\Mode3_film_train_vi_full_hubert_mfbe_only_bdrop0p3_aug_aam_B_augOn_ap0p2_fn0p005_en0p002_m0p25_s30,2026-05-05T14:50:28.679439,3,film,mfbe_only,train_vi_full,hubert,14.870000000000003,0.7126000000000005,8,1729.5890859,1582.1764537999998,146.69980829999804,197.77205672499997,18.337476037499755,0.0106374090234375,20421.10214829,9692.794921875,13286.0,106747713,12067137,407.21020889282227,46.032474517822266,True,estimated_from_precomputed:hubert_base,94680576,0,361.177734375,0.0
Mode3_film_train_vi_full_hubert_mfbe_pitch_bdrop0p3_aug_aam_B_augOn_ap0p2_fn0p005_en0p002_m0p25_s30,./outputs\experiments_final\Mode3_film_train_vi_full_hubert_mfbe_pitch_bdrop0p3_aug_aam_B_augOn_ap0p2_fn0p005_en0p002_m0p25_s30,2026-05-05T18:36:24.767642,3,film,mfbe_pitch,train_vi_full,hubert,15.739999999999998,0.6950000000000001,11,2466.4263893999996,2256.8073414000028,208.67112249999627,205.1643037636366,18.970102045454208,0.0106374090234375,28079.01545389875,9685.82177734375,13446.0,106748993,12068417,407.21509170532227,46.037357330322266,True,estimated_from_precomputed:hubert_base,94680576,0,361.177734375,0.0
Mode3_film_train_vi_full_hubert_mfcc_only_bdrop0p3_aug_aam_B_augOn_ap0p2_fn0p005_en0p002_m0p25_s30,./outputs\experiments_final\Mode3_film_train_vi_full_hubert_mfcc_only_bdrop0p3_aug_aam_B_augOn_ap0p2_fn0p005_en0p002_m0p25_s30,2026-05-05T16:55:30.151273,3,film,mfcc_only,train_vi_full,hubert,11.399999999999999,0.6867999999999996,8,995.8468307000021,896.4782404999987,98.96574639999744,112.05978006249984,12.37071829999968,0.0106374090234375,20421.10214829,9744.2451171875,13132.0,106696513,12015937,407.01489639282227,45.837162017822266,True,estimated_from_precomputed:hubert_base,94680576,0,361.177734375,0.0
Mode3_film_train_vi_full_hubert_mfcc_pitch_bdrop0p3_aug_aam_B_augOn_ap0p2_fn0p005_en0p002_m0p25_s30,./outputs\experiments_final\Mode3_film_train_vi_full_hubert_mfcc_pitch_bdrop0p3_aug_aam_B_augOn_ap0p2_fn0p005_en0p002_m0p25_s30,2026-05-05T19:56:20.524756,3,film,mfcc_pitch,train_vi_full,hubert,14.249999999999996,0.6868999999999993,8,1151.2404939000007,1038.9430876999904,111.79153049999513,129.8678859624988,13.973941312499392,0.0106374090234375,20421.10214829,9670.67724609375,13132.0,106697793,12017217,407.01977920532227,45.842044830322266,True,estimated_from_precomputed:hubert_base,94680576,0,361.177734375,0.0
Mode3_film_train_vi_full_hubert_pitch_only_bdrop0p3_aug_aam_B_augOn_ap0p2_fn0p005_en0p002_m0p25_s30,./outputs\experiments_final\Mode3_film_train_vi_full_hubert_pitch_only_bdrop0p3_aug_aam_B_augOn_ap0p2_fn0p005_en0p002_m0p25_s30,2026-05-05T16:01:10.286964,3,film,pitch_only,train_vi_full,hubert,12.209999999999999,0.7153999999999991,8,986.2762076999988,893.2724894999992,92.53477769999881,111.6590611874999,11.566847212499852,0.0106374090234375,20421.10214829,9595.52099609375,13130.0,106646593,11966017,406.82446670532227,45.646732330322266,True,estimated_from_precomputed:hubert_base,94680576,0,361.177734375,0.0
Mode3_film_train_vi_full_wav2vec2_fbank_only_bdrop0p3_aug_aam_B_augOn_ap0p2_fn0p005_en0p002_m0p25_s30,./outputs\experiments_final\Mode3_film_train_vi_full_wav2vec2_fbank_only_bdrop0p3_aug_aam_B_augOn_ap0p2_fn0p005_en0p002_m0p25_s30,2026-05-06T13:45:35.919507,3,film,fbank_only,train_vi_full,wav2vec2,18.49,0.7467000000000003,9,1134.1305435999966,1019.0475168999983,114.11863769999763,113.22750187777758,12.679848633333071,0.0106374090234375,22973.739916826253,9688.4541015625,13656.0,107111745,12067137,408.59888076782227,46.032474517822266,True,estimated_from_precomputed:wav2vec2_base,95044608,0,362.56640625,0.0
Mode3_film_train_vi_full_wav2vec2_fbank_pitch_bdrop0p3_aug_aam_B_augOn_ap0p2_fn0p005_en0p002_m0p25_s30,./outputs\experiments_final\Mode3_film_train_vi_full_wav2vec2_fbank_pitch_bdrop0p3_aug_aam_B_augOn_ap0p2_fn0p005_en0p002_m0p25_s30,2026-05-06T14:40:11.609971,3,film,fbank_pitch,train_vi_full,wav2vec2,15.010000000000002,0.6838000000000001,8,1023.2689737000037,915.1566433999687,107.6544819999981,114.3945804249961,13.456810249999762,0.0106374090234375,20421.10214829,9683.95166015625,13446.0,107113025,12068417,408.60376358032227,46.037357330322266,True,estimated_from_precomputed:wav2vec2_base,95044608,0,362.56640625,0.0
Mode3_film_train_vi_full_wav2vec2_mfbe_only_bdrop0p3_aug_aam_B_augOn_ap0p2_fn0p005_en0p002_m0p25_s30,./outputs\experiments_final\Mode3_film_train_vi_full_wav2vec2_mfbe_only_bdrop0p3_aug_aam_B_augOn_ap0p2_fn0p005_en0p002_m0p25_s30,2026-05-06T08:00:49.165057,3,film,mfbe_only,train_vi_full,wav2vec2,14.190000000000003,0.7147,8,1667.5957976999925,1526.995269400053,139.6619309999951,190.87440867500663,17.457741374999387,0.0106374090234375,20421.10214829,9672.37109375,13972.0,107111745,12067137,408.59888076782227,46.032474517822266,True,estimated_from_precomputed:wav2vec2_base,95044608,0,362.56640625,0.0
Mode3_film_train_vi_full_wav2vec2_mfbe_pitch_bdrop0p3_aug_aam_B_augOn_ap0p2_fn0p005_en0p002_m0p25_s30,./outputs\experiments_final\Mode3_film_train_vi_full_wav2vec2_mfbe_pitch_bdrop0p3_aug_aam_B_augOn_ap0p2_fn0p005_en0p002_m0p25_s30,2026-05-06T11:34:33.546199,3,film,mfbe_pitch,train_vi_full,wav2vec2,15.659999999999997,0.7091000000000003,9,1910.1147286999912,1739.7261691000022,169.20904379998683,193.30290767777802,18.801004866665203,0.0106374090234375,22973.739916826253,9683.94091796875,13446.0,107113025,12068417,408.60376358032227,46.037357330322266,True,estimated_from_precomputed:wav2vec2_base,95044608,0,362.56640625,0.0
Mode3_film_train_vi_full_wav2vec2_mfcc_only_bdrop0p3_aug_aam_B_augOn_ap0p2_fn0p005_en0p002_m0p25_s30,./outputs\experiments_final\Mode3_film_train_vi_full_wav2vec2_mfcc_only_bdrop0p3_aug_aam_B_augOn_ap0p2_fn0p005_en0p002_m0p25_s30,2026-05-06T10:03:33.348303,3,film,mfcc_only,train_vi_full,wav2vec2,12.180000000000001,0.7202999999999996,8,1039.412453099998,935.4239644000045,103.18459820000862,116.92799555000056,12.898074775001078,0.0106374090234375,20421.10214829,9735.3583984375,13656.0,107060545,12015937,408.40356826782227,45.837162017822266,True,estimated_from_precomputed:wav2vec2_base,95044608,0,362.56640625,0.0
Mode3_film_train_vi_full_wav2vec2_mfcc_pitch_bdrop0p3_aug_aam_B_augOn_ap0p2_fn0p005_en0p002_m0p25_s30,./outputs\experiments_final\Mode3_film_train_vi_full_wav2vec2_mfcc_pitch_bdrop0p3_aug_aam_B_augOn_ap0p2_fn0p005_en0p002_m0p25_s30,2026-05-06T12:47:27.360060,3,film,mfcc_pitch,train_vi_full,wav2vec2,14.729999999999999,0.6865999999999992,8,982.2772084000026,885.1908227999811,96.25588130000688,110.64885284999764,12.03198516250086,0.0106374090234375,20421.10214829,9667.34326171875,13132.0,107061825,12017217,408.40845108032227,45.842044830322266,True,estimated_from_precomputed:wav2vec2_base,95044608,0,362.56640625,0.0
Mode3_film_train_vi_full_wav2vec2_pitch_only_bdrop0p3_aug_aam_B_augOn_ap0p2_fn0p005_en0p002_m0p25_s30,./outputs\experiments_final\Mode3_film_train_vi_full_wav2vec2_pitch_only_bdrop0p3_aug_aam_B_augOn_ap0p2_fn0p005_en0p002_m0p25_s30,2026-05-06T09:07:20.349960,3,film,pitch_only,train_vi_full,wav2vec2,12.290000000000001,0.7098000000000001,8,970.2335735000088,877.8824957000179,91.90522469997813,109.73531196250224,11.488153087497267,0.0106374090234375,20421.10214829,9600.19580078125,13448.0,107010625,11966017,408.21313858032227,45.646732330322266,True,estimated_from_precomputed:wav2vec2_base,95044608,0,362.56640625,0.0
Mode3_film_train_vi_full_wavlm_fbank_only_bdrop0p3_aug_aam_B_augOn_ap0p2_fn0p005_en0p002_m0p25_s30,./outputs\experiments_final\Mode3_film_train_vi_full_wavlm_fbank_only_bdrop0p3_aug_aam_B_augOn_ap0p2_fn0p005_en0p002_m0p25_s30,2026-05-06T05:29:08.120560,3,film,fbank_only,train_vi_full,wavlm,15.280000000000001,0.7086999999999996,8,1184.6643970000005,1066.0927872999964,117.83162459999585,133.26159841249955,14.728953074999481,0.0106374090234375,20421.10214829,9681.3974609375,13656.0,106747713,12067137,407.21020889282227,46.032474517822266,True,estimated_from_precomputed:wavlm_base,94680576,0,361.177734375,0.0
Mode3_film_train_vi_full_wavlm_fbank_pitch_bdrop0p3_aug_aam_B_augOn_ap0p2_fn0p005_en0p002_m0p25_s30,./outputs\experiments_final\Mode3_film_train_vi_full_wavlm_fbank_pitch_bdrop0p3_aug_aam_B_augOn_ap0p2_fn0p005_en0p002_m0p25_s30,2026-05-06T06:34:35.149998,3,film,fbank_pitch,train_vi_full,wavlm,16.09,0.7011999999999993,8,1187.580029100005,1064.0173394000158,122.82359920001181,133.00216742500197,15.352949900001477,0.0106374090234375,20421.10214829,9692.05029296875,13446.0,106748993,12068417,407.21509170532227,46.037357330322266,True,estimated_from_precomputed:wavlm_base,94680576,0,361.177734375,0.0
Mode3_film_train_vi_full_wavlm_mfbe_only_bdrop0p3_aug_aam_B_augOn_ap0p2_fn0p005_en0p002_m0p25_s30,./outputs\experiments_final\Mode3_film_train_vi_full_wavlm_mfbe_only_bdrop0p3_aug_aam_B_augOn_ap0p2_fn0p005_en0p002_m0p25_s30,2026-05-05T23:18:16.518317,3,film,mfbe_only,train_vi_full,wavlm,14.539999999999997,0.7004000000000008,8,1682.5753419999965,1541.0245740999962,140.45618479999393,192.62807176249953,17.557023099999242,0.0106374090234375,20421.10214829,9684.541015625,13972.0,106747713,12067137,407.21020889282227,46.032474517822266,True,estimated_from_precomputed:wavlm_base,94680576,0,361.177734375,0.0
Mode3_film_train_vi_full_wavlm_mfbe_pitch_bdrop0p3_aug_aam_B_augOn_ap0p2_fn0p005_en0p002_m0p25_s30,./outputs\experiments_final\Mode3_film_train_vi_full_wavlm_mfbe_pitch_bdrop0p3_aug_aam_B_augOn_ap0p2_fn0p005_en0p002_m0p25_s30,2026-05-06T03:04:12.970683,3,film,mfbe_pitch,train_vi_full,wavlm,15.239999999999998,0.7102999999999988,9,2024.144948000001,1857.0838367999968,165.74610069998744,206.34264853333298,18.416233411109715,0.0106374090234375,22973.739916826253,9685.26611328125,13446.0,106748993,12068417,407.21509170532227,46.037357330322266,True,estimated_from_precomputed:wavlm_base,94680576,0,361.177734375,0.0
Mode3_film_train_vi_full_wavlm_mfcc_only_bdrop0p3_aug_aam_B_augOn_ap0p2_fn0p005_en0p002_m0p25_s30,./outputs\experiments_final\Mode3_film_train_vi_full_wavlm_mfcc_only_bdrop0p3_aug_aam_B_augOn_ap0p2_fn0p005_en0p002_m0p25_s30,2026-05-06T01:28:12.756983,3,film,mfcc_only,train_vi_full,wavlm,11.2,0.6867999999999997,8,1105.9186227999962,994.7723219999971,110.39598000000842,124.34654024999963,13.799497500001053,0.0106374090234375,20421.10214829,9734.9111328125,13656.0,106696513,12015937,407.01489639282227,45.837162017822266,True,estimated_from_precomputed:wavlm_base,94680576,0,361.177734375,0.0
Mode3_film_train_vi_full_wavlm_mfcc_pitch_bdrop0p3_aug_aam_B_augOn_ap0p2_fn0p005_en0p002_m0p25_s30,./outputs\experiments_final\Mode3_film_train_vi_full_wavlm_mfcc_pitch_bdrop0p3_aug_aam_B_augOn_ap0p2_fn0p005_en0p002_m0p25_s30,2026-05-06T04:23:59.127255,3,film,mfcc_pitch,train_vi_full,wavlm,13.370000000000005,0.7036000000000007,8,1137.5899875999967,1025.7740143999981,110.78694289999112,128.22175179999977,13.84836786249889,0.0106374090234375,20421.10214829,9659.45654296875,13658.0,106697793,12017217,407.01977920532227,45.842044830322266,True,estimated_from_precomputed:wavlm_base,94680576,0,361.177734375,0.0
Mode3_film_train_vi_full_wavlm_pitch_only_bdrop0p3_aug_aam_B_augOn_ap0p2_fn0p005_en0p002_m0p25_s30,./outputs\experiments_final\Mode3_film_train_vi_full_wavlm_pitch_only_bdrop0p3_aug_aam_B_augOn_ap0p2_fn0p005_en0p002_m0p25_s30,2026-05-06T00:28:55.970196,3,film,pitch_only,train_vi_full,wavlm,11.780000000000001,0.704100000000001,8,1011.2352358999997,915.870683000001,94.90160079999623,114.48383537500013,11.862700099999529,0.0106374090234375,20421.10214829,9600.19580078125,13448.0,106646593,11966017,406.82446670532227,45.646732330322266,True,estimated_from_precomputed:wavlm_base,94680576,0,361.177734375,0.0
Mode3_gating_train_raw_hubert_fbank_only_bdrop0p3_aug_aam_B_augOn_ap0p2_fn0p005_en0p002_m0p25_s30,./outputs\experiments_final\Mode3_gating_train_raw_hubert_fbank_only_bdrop0p3_aug_aam_B_augOn_ap0p2_fn0p005_en0p002_m0p25_s30,2026-05-04T11:13:46.994265,3,gating,fbank_only,train_raw,hubert,9.419999999999998,0.4767000000000009,9,1285.6405579000057,1191.8992101000113,84.40764249998756,132.43324556666792,9.378626944443063,0.0112208670234375,26071.81917936131,9923.79150390625,13630.0,107008833,12328257,408.20630264282227,47.028568267822266,True,estimated_from_precomputed:hubert_base,94680576,0,361.177734375,0.0
Mode3_gating_train_raw_hubert_fbank_pitch_bdrop0p3_aug_aam_B_augOn_ap0p2_fn0p005_en0p002_m0p25_s30,./outputs\experiments_final\Mode3_gating_train_raw_hubert_fbank_pitch_bdrop0p3_aug_aam_B_augOn_ap0p2_fn0p005_en0p002_m0p25_s30,2026-05-04T12:35:00.273670,3,gating,fbank_pitch,train_raw,hubert,10.540000000000003,0.45190000000000047,15,2120.355224799998,1968.3201962999738,142.4842137000087,131.22134641999824,9.49894758000058,0.0112208670234375,43453.03196560218,9939.34375,13630.0,107010113,12329537,408.21118545532227,47.033451080322266,True,estimated_from_precomputed:hubert_base,94680576,0,361.177734375,0.0
Mode3_gating_train_raw_hubert_mfbe_only_bdrop0p3_aug_aam_B_augOn_ap0p2_fn0p005_en0p002_m0p25_s30,./outputs\experiments_final\Mode3_gating_train_raw_hubert_mfbe_only_bdrop0p3_aug_aam_B_augOn_ap0p2_fn0p005_en0p002_m0p25_s30,2026-05-04T03:30:42.386049,3,gating,mfbe_only,train_raw,hubert,8.320000000000002,0.48520000000000096,9,2220.9298732000025,2095.864539899998,114.72045810000054,232.87383776666644,12.746717566666726,0.0112208670234375,26071.81917936131,9928.91162109375,13948.0,107008833,12328257,408.20630264282227,47.028568267822266,True,estimated_from_precomputed:hubert_base,94680576,0,361.177734375,0.0
Mode3_gating_train_raw_hubert_mfbe_pitch_bdrop0p3_aug_aam_B_augOn_ap0p2_fn0p005_en0p002_m0p25_s30,./outputs\experiments_final\Mode3_gating_train_raw_hubert_mfbe_pitch_bdrop0p3_aug_aam_B_augOn_ap0p2_fn0p005_en0p002_m0p25_s30,2026-05-04T08:09:23.918809,3,gating,mfbe_pitch,train_raw,hubert,8.940000000000001,0.474799999999999,9,2344.2074102999977,2216.877228700003,117.7572741999902,246.3196920777781,13.08414157777669,0.0112208670234375,26071.81917936131,9936.298828125,13948.0,107010113,12329537,408.21118545532227,47.033451080322266,True,estimated_from_precomputed:hubert_base,94680576,0,361.177734375,0.0
Mode3_gating_train_raw_hubert_mfcc_only_bdrop0p3_aug_aam_B_augOn_ap0p2_fn0p005_en0p002_m0p25_s30,./outputs\experiments_final\Mode3_gating_train_raw_hubert_mfcc_only_bdrop0p3_aug_aam_B_augOn_ap0p2_fn0p005_en0p002_m0p25_s30,2026-05-04T06:37:15.391546,3,gating,mfcc_only,train_raw,hubert,8.579999999999998,0.5360000000000007,8,1098.829770000004,1020.1776107999976,70.0391141,127.5222013499997,8.7548892625,0.0112208670234375,23174.950381654497,9985.01904296875,13630.0,106957633,12277057,408.01099014282227,46.833255767822266,True,estimated_from_precomputed:hubert_base,94680576,0,361.177734375,0.0
Mode3_gating_train_raw_hubert_mfcc_pitch_bdrop0p3_aug_aam_B_augOn_ap0p2_fn0p005_en0p002_m0p25_s30,./outputs\experiments_final\Mode3_gating_train_raw_hubert_mfcc_pitch_bdrop0p3_aug_aam_B_augOn_ap0p2_fn0p005_en0p002_m0p25_s30,2026-05-04T10:10:34.676747,3,gating,mfcc_pitch,train_raw,hubert,8.479999999999999,0.4483000000000001,12,1652.5566333000024,1534.1120355000094,108.57723779999651,127.84266962500078,9.04810314999971,0.0112208670234375,34762.42557248175,9922.3955078125,13946.0,106958913,12278337,408.01587295532227,46.838138580322266,True,estimated_from_precomputed:hubert_base,94680576,0,361.177734375,0.0
Mode3_gating_train_raw_hubert_pitch_only_bdrop0p3_aug_aam_B_augOn_ap0p2_fn0p005_en0p002_m0p25_s30,./outputs\experiments_final\Mode3_gating_train_raw_hubert_pitch_only_bdrop0p3_aug_aam_B_augOn_ap0p2_fn0p005_en0p002_m0p25_s30,2026-05-04T05:20:09.606017,3,gating,pitch_only,train_raw,hubert,8.089999999999998,0.43219999999999964,11,1440.7981252999962,1340.6462837000217,91.50460840001324,121.87693488182016,8.318600763637567,0.0112208670234375,31865.556774774934,9835.677734375,13420.0,106907713,12227137,407.82056045532227,46.642826080322266,True,estimated_from_precomputed:hubert_base,94680576,0,361.177734375,0.0
Mode3_gating_train_raw_wav2vec2_fbank_only_bdrop0p3_aug_aam_B_augOn_ap0p2_fn0p005_en0p002_m0p25_s30,./outputs\experiments_final\Mode3_gating_train_raw_wav2vec2_fbank_only_bdrop0p3_aug_aam_B_augOn_ap0p2_fn0p005_en0p002_m0p25_s30,2026-05-05T08:59:01.130966,3,gating,fbank_only,train_raw,wav2vec2,9.860000000000001,0.4873999999999993,9,1300.2069918000198,1205.3728544999904,85.29287849998218,133.9303171666656,9.47698649999802,0.0112208670234375,26071.81917936131,9917.55712890625,13630.0,107372865,12328257,409.59497451782227,47.028568267822266,True,estimated_from_precomputed:wav2vec2_base,95044608,0,362.56640625,0.0
Mode3_gating_train_raw_wav2vec2_fbank_pitch_bdrop0p3_aug_aam_B_augOn_ap0p2_fn0p005_en0p002_m0p25_s30,./outputs\experiments_final\Mode3_gating_train_raw_wav2vec2_fbank_pitch_bdrop0p3_aug_aam_B_augOn_ap0p2_fn0p005_en0p002_m0p25_s30,2026-05-05T12:55:23.447007,3,gating,fbank_pitch,train_raw,wav2vec2,9.950000000000001,0.4454000000000003,15,2116.7318793,1968.3287269999996,138.87849619999997,131.2219151333333,9.258566413333332,0.0112208670234375,43453.03196560218,9947.65283203125,14180.0,107374145,12329537,409.59985733032227,47.033451080322266,True,estimated_from_precomputed:wav2vec2_base,95044608,0,362.56640625,0.0
Mode3_gating_train_raw_wav2vec2_mfbe_only_bdrop0p3_aug_aam_B_augOn_ap0p2_fn0p005_en0p002_m0p25_s30,./outputs\experiments_final\Mode3_gating_train_raw_wav2vec2_mfbe_only_bdrop0p3_aug_aam_B_augOn_ap0p2_fn0p005_en0p002_m0p25_s30,2026-05-05T00:56:22.231568,3,gating,mfbe_only,train_raw,wav2vec2,8.96,0.5263999999999998,8,2095.528366600003,1983.2892522000184,102.86948359999224,247.9111565250023,12.85868544999903,0.0112208670234375,23174.950381654497,9939.44287109375,14208.0,107372865,12328257,409.59497451782227,47.028568267822266,True,estimated_from_precomputed:wav2vec2_base,95044608,0,362.56640625,0.0
Mode3_gating_train_raw_wav2vec2_mfbe_pitch_bdrop0p3_aug_aam_B_augOn_ap0p2_fn0p005_en0p002_m0p25_s30,./outputs\experiments_final\Mode3_gating_train_raw_wav2vec2_mfbe_pitch_bdrop0p3_aug_aam_B_augOn_ap0p2_fn0p005_en0p002_m0p25_s30,2026-05-05T06:01:05.326162,3,gating,mfbe_pitch,train_raw,wav2vec2,8.730000000000002,0.4880999999999999,10,2670.1621772999933,2515.4455563000083,144.77080359999673,251.54455563000084,14.477080359999672,0.0112208670234375,28968.687977068123,9928.138671875,13630.0,107374145,12329537,409.59985733032227,47.033451080322266,True,estimated_from_precomputed:wav2vec2_base,95044608,0,362.56640625,0.0
Mode3_gating_train_raw_wav2vec2_mfcc_only_bdrop0p3_aug_aam_B_augOn_ap0p2_fn0p005_en0p002_m0p25_s30,./outputs\experiments_final\Mode3_gating_train_raw_wav2vec2_mfcc_only_bdrop0p3_aug_aam_B_augOn_ap0p2_fn0p005_en0p002_m0p25_s30,2026-05-05T04:22:10.790619,3,gating,mfcc_only,train_raw,wav2vec2,8.65,0.5096,10,1368.7683577999996,1272.661676799995,87.15680529999372,127.26616767999948,8.715680529999371,0.0112208670234375,28968.687977068123,9980.60498046875,13946.0,107321665,12277057,409.39966201782227,46.833255767822266,True,estimated_from_precomputed:wav2vec2_base,95044608,0,362.56640625,0.0
Mode3_gating_train_raw_wav2vec2_mfcc_pitch_bdrop0p3_aug_aam_B_augOn_ap0p2_fn0p005_en0p002_m0p25_s30,./outputs\experiments_final\Mode3_gating_train_raw_wav2vec2_mfcc_pitch_bdrop0p3_aug_aam_B_augOn_ap0p2_fn0p005_en0p002_m0p25_s30,2026-05-05T08:12:44.568122,3,gating,mfcc_pitch,train_raw,wav2vec2,8.430000000000001,0.492699999999999,11,1520.8638781000045,1411.6422031000257,100.16951109998627,128.3311093727296,9.106319190907842,0.0112208670234375,31865.556774774934,9912.62109375,13680.0,107322945,12278337,409.40454483032227,46.838138580322266,True,estimated_from_precomputed:wav2vec2_base,95044608,0,362.56640625,0.0
Mode3_gating_train_raw_wav2vec2_pitch_only_bdrop0p3_aug_aam_B_augOn_ap0p2_fn0p005_en0p002_m0p25_s30,./outputs\experiments_final\Mode3_gating_train_raw_wav2vec2_pitch_only_bdrop0p3_aug_aam_B_augOn_ap0p2_fn0p005_en0p002_m0p25_s30,2026-05-05T03:02:03.377045,3,gating,pitch_only,train_raw,wav2vec2,9.770000000000001,0.49190000000000095,15,1931.936584199997,1803.951808800004,118.9598669999832,120.26345392000027,7.9306577999988805,0.0112208670234375,43453.03196560218,9835.365234375,13420.0,107271745,12227137,409.20923233032227,46.642826080322266,True,estimated_from_precomputed:wav2vec2_base,95044608,0,362.56640625,0.0
Mode3_gating_train_raw_wavlm_fbank_only_bdrop0p3_aug_aam_B_augOn_ap0p2_fn0p005_en0p002_m0p25_s30,./outputs\experiments_final\Mode3_gating_train_raw_wavlm_fbank_only_bdrop0p3_aug_aam_B_augOn_ap0p2_fn0p005_en0p002_m0p25_s30,2026-05-04T22:06:55.742516,3,gating,fbank_only,train_raw,wavlm,8.870000000000001,0.40990000000000054,11,1567.397338499999,1454.4043157999695,103.42325520001759,132.21857416363358,9.402114109092508,0.0112208670234375,31865.556774774934,9915.03173828125,13948.0,107008833,12328257,408.20630264282227,47.028568267822266,True,estimated_from_precomputed:wavlm_base,94680576,0,361.177734375,0.0
Mode3_gating_train_raw_wavlm_fbank_pitch_bdrop0p3_aug_aam_B_augOn_ap0p2_fn0p005_en0p002_m0p25_s30,./outputs\experiments_final\Mode3_gating_train_raw_wavlm_fbank_pitch_bdrop0p3_aug_aam_B_augOn_ap0p2_fn0p005_en0p002_m0p25_s30,2026-05-04T23:25:50.179781,3,gating,fbank_pitch,train_raw,wavlm,10.360000000000001,0.4502999999999996,13,1840.0148973000032,1705.86496549999,124.68844829997397,131.2203819615377,9.591419099997998,0.0112208670234375,37659.29437018856,9936.734375,13630.0,107010113,12329537,408.21118545532227,47.033451080322266,True,estimated_from_precomputed:wavlm_base,94680576,0,361.177734375,0.0
Mode3_gating_train_raw_wavlm_mfbe_only_bdrop0p3_aug_aam_B_augOn_ap0p2_fn0p005_en0p002_m0p25_s30,./outputs\experiments_final\Mode3_gating_train_raw_wavlm_mfbe_only_bdrop0p3_aug_aam_B_augOn_ap0p2_fn0p005_en0p002_m0p25_s30,2026-05-04T14:09:57.291091,3,gating,mfbe_only,train_raw,wavlm,9.18,0.4481999999999999,10,2658.386998700007,2525.3877581999986,122.48972700002196,252.53877581999987,12.248972700002195,0.0112208670234375,28968.687977068123,9920.24658203125,13948.0,107008833,12328257,408.20630264282227,47.028568267822266,True,estimated_from_precomputed:wavlm_base,94680576,0,361.177734375,0.0
Mode3_gating_train_raw_wavlm_mfbe_pitch_bdrop0p3_aug_aam_B_augOn_ap0p2_fn0p005_en0p002_m0p25_s30,./outputs\experiments_final\Mode3_gating_train_raw_wavlm_mfbe_pitch_bdrop0p3_aug_aam_B_augOn_ap0p2_fn0p005_en0p002_m0p25_s30,2026-05-04T18:52:54.011677,3,gating,mfbe_pitch,train_raw,wavlm,8.260000000000002,0.4521999999999999,10,2594.161893599987,2447.895707399992,136.42432639999606,244.7895707399992,13.642432639999607,0.0112208670234375,28968.687977068123,9934.5751953125,13946.0,107010113,12329537,408.21118545532227,47.033451080322266,True,estimated_from_precomputed:wavlm_base,94680576,0,361.177734375,0.0
Mode3_gating_train_raw_wavlm_mfcc_only_bdrop0p3_aug_aam_B_augOn_ap0p2_fn0p005_en0p002_m0p25_s30,./outputs\experiments_final\Mode3_gating_train_raw_wavlm_mfcc_only_bdrop0p3_aug_aam_B_augOn_ap0p2_fn0p005_en0p002_m0p25_s30,2026-05-04T17:10:11.256653,3,gating,mfcc_only,train_raw,wavlm,8.19,0.4639000000000007,9,1242.532323099993,1153.7182010000106,78.61583550002251,128.1909112222234,8.735092833335834,0.0112208670234375,26071.81917936131,9989.16162109375,14262.0,106957633,12277057,408.01099014282227,46.833255767822266,True,estimated_from_precomputed:wavlm_base,94680576,0,361.177734375,0.0
Mode3_gating_train_raw_wavlm_mfcc_pitch_bdrop0p3_aug_aam_B_augOn_ap0p2_fn0p005_en0p002_m0p25_s30,./outputs\experiments_final\Mode3_gating_train_raw_wavlm_mfcc_pitch_bdrop0p3_aug_aam_B_augOn_ap0p2_fn0p005_en0p002_m0p25_s30,2026-05-04T20:51:23.052457,3,gating,mfcc_pitch,train_raw,wavlm,8.389999999999999,0.4623999999999995,11,1531.6487306999916,1422.4507184999675,100.07797170004051,129.31370168181522,9.09799742727641,0.0112208670234375,31865.556774774934,9917.5537109375,13630.0,106958913,12278337,408.01587295532227,46.838138580322266,True,estimated_from_precomputed:wavlm_base,94680576,0,361.177734375,0.0
Mode3_gating_train_raw_wavlm_pitch_only_bdrop0p3_aug_aam_B_augOn_ap0p2_fn0p005_en0p002_m0p25_s30,./outputs\experiments_final\Mode3_gating_train_raw_wavlm_pitch_only_bdrop0p3_aug_aam_B_augOn_ap0p2_fn0p005_en0p002_m0p25_s30,2026-05-04T16:00:43.886118,3,gating,pitch_only,train_raw,wavlm,8.440000000000001,0.442399999999999,11,1426.901348799991,1330.9388787000353,86.96942210000998,120.99444351818502,7.906311100000907,0.0112208670234375,31865.556774774934,9834.181640625,13102.0,106907713,12227137,407.82056045532227,46.642826080322266,True,estimated_from_precomputed:wavlm_base,94680576,0,361.177734375,0.0
Mode3_gating_train_vi_3s_hubert_fbank_only_bdrop0p3_aug_aam_B_augOn_ap0p2_fn0p005_en0p002_m0p25_s30,./outputs\experiments_final\Mode3_gating_train_vi_3s_hubert_fbank_only_bdrop0p3_aug_aam_B_augOn_ap0p2_fn0p005_en0p002_m0p25_s30,2026-05-07T15:38:13.818417,3,gating,fbank_only,train_vi_3s,hubert,5.610000000000002,0.24299999999999897,11,3717.5063855999906,3377.6820232000027,311.82741080003325,307.06200210909117,28.34794643636666,0.0110510820234375,68059.59158849504,11613.65087890625,15216.0,107008833,12328257,408.20630264282227,47.028568267822266,True,estimated_from_precomputed:hubert_base,94680576,0,361.177734375,0.0
Mode3_gating_train_vi_3s_hubert_fbank_pitch_bdrop0p3_aug_aam_B_augOn_ap0p2_fn0p005_en0p002_m0p25_s30,./outputs\experiments_final\Mode3_gating_train_vi_3s_hubert_fbank_pitch_bdrop0p3_aug_aam_B_augOn_ap0p2_fn0p005_en0p002_m0p25_s30,2026-05-07T22:27:20.288571,3,gating,fbank_pitch,train_vi_3s,hubert,4.549999999999999,0.23229999999999987,6,10515.6590058,9049.14539390002,1123.1684349999996,1508.1908989833366,187.1947391666666,0.0110510820234375,37123.41359372457,11718.146484375,15570.0,107010113,12329537,408.21118545532227,47.033451080322266,True,estimated_from_precomputed:hubert_base,94680576,0,361.177734375,0.0
Mode3_gating_train_vi_3s_hubert_mfbe_only_bdrop0p3_aug_aam_B_augOn_ap0p2_fn0p005_en0p002_m0p25_s30,./outputs\experiments_final\Mode3_gating_train_vi_3s_hubert_mfbe_only_bdrop0p3_aug_aam_B_augOn_ap0p2_fn0p005_en0p002_m0p25_s30,2026-05-06T16:10:05.552462,3,gating,mfbe_only,train_vi_3s,hubert,4.8000000000000025,0.23080000000000025,13,3997.7714657000033,3641.6839618999948,330.8101987999544,280.1295355307688,25.44693836922726,0.0110510820234375,80434.06278640323,11637.6181640625,15200.0,107008833,12328257,408.20630264282227,47.028568267822266,True,estimated_from_precomputed:hubert_base,94680576,0,361.177734375,0.0
Mode3_gating_train_vi_3s_hubert_mfbe_pitch_bdrop0p3_aug_aam_B_augOn_ap0p2_fn0p005_en0p002_m0p25_s30,./outputs\experiments_final\Mode3_gating_train_vi_3s_hubert_mfbe_pitch_bdrop0p3_aug_aam_B_augOn_ap0p2_fn0p005_en0p002_m0p25_s30,2026-05-07T05:07:44.111820,3,gating,mfbe_pitch,train_vi_3s,hubert,5.000000000000003,0.2314000000000009,16,5749.32923470001,4479.7591977999255,1194.989496300026,279.98494986249534,74.68684351875163,0.0110510820234375,98995.7695832655,11687.26025390625,15514.0,107010113,12329537,408.21118545532227,47.033451080322266,True,estimated_from_precomputed:hubert_base,94680576,0,361.177734375,0.0
Mode3_gating_train_vi_3s_hubert_mfcc_only_bdrop0p3_aug_aam_B_augOn_ap0p2_fn0p005_en0p002_m0p25_s30,./outputs\experiments_final\Mode3_gating_train_vi_3s_hubert_mfcc_only_bdrop0p3_aug_aam_B_augOn_ap0p2_fn0p005_en0p002_m0p25_s30,2026-05-07T00:19:43.910833,3,gating,mfcc_only,train_vi_3s,hubert,5.06,0.22620000000000023,11,5626.8194108000025,3230.0096151000034,2094.848694800021,293.63723773636394,190.44079043636555,0.0110510820234375,68059.59158849504,11822.6142578125,15516.0,106957633,12277057,408.01099014282227,46.833255767822266,True,estimated_from_precomputed:hubert_base,94680576,0,361.177734375,0.0
Mode3_gating_train_vi_3s_hubert_mfcc_pitch_bdrop0p3_aug_aam_B_augOn_ap0p2_fn0p005_en0p002_m0p25_s30,./outputs\experiments_final\Mode3_gating_train_vi_3s_hubert_mfcc_pitch_bdrop0p3_aug_aam_B_augOn_ap0p2_fn0p005_en0p002_m0p25_s30,2026-05-07T12:25:08.294950,3,gating,mfcc_pitch,train_vi_3s,hubert,4.749999999999999,0.22100000000000025,9,4497.5994214999955,2965.444598700007,1381.3291463999776,329.4938443000008,153.48101626666417,0.0110510820234375,55685.120390586846,11613.69921875,15606.0,106958913,12278337,408.01587295532227,46.838138580322266,True,estimated_from_precomputed:hubert_base,94680576,0,361.177734375,0.0
Mode3_gating_train_vi_3s_hubert_pitch_only_bdrop0p3_aug_aam_B_augOn_ap0p2_fn0p005_en0p002_m0p25_s30,./outputs\experiments_final\Mode3_gating_train_vi_3s_hubert_pitch_only_bdrop0p3_aug_aam_B_augOn_ap0p2_fn0p005_en0p002_m0p25_s30,2026-05-06T20:45:43.843281,3,gating,pitch_only,train_vi_3s,hubert,6.299999999999997,0.3298000000000009,10,4381.122174799995,2477.553287800052,1729.9243738999794,247.75532878000521,172.99243738999795,0.0110510820234375,61872.35598954094,11535.70166015625,15518.0,106907713,12227137,407.82056045532227,46.642826080322266,True,estimated_from_precomputed:hubert_base,94680576,0,361.177734375,0.0
Mode3_gating_train_vi_3s_wavlm_mfbe_only_bdrop0p3_aug_aam_B_augOn_ap0p2_fn0p005_en0p002_m0p25_s30,./outputs\experiments_final\Mode3_gating_train_vi_3s_wavlm_mfbe_only_bdrop0p3_aug_aam_B_augOn_ap0p2_fn0p005_en0p002_m0p25_s30,2026-05-08T08:00:00.450492,3,gating,mfbe_only,train_vi_3s,wavlm,4.949999999999999,0.23449999999999963,15,4657.275604499999,4235.1695932,395.42151630000444,282.34463954666666,26.361434420000297,0.0110510820234375,92808.5339843114,11731.38525390625,15254.0,107008833,12328257,408.20630264282227,47.028568267822266,True,estimated_from_precomputed:wavlm_base,94680576,0,361.177734375,0.0
Mode3_gating_train_vi_full_hubert_fbank_only_bdrop0p3_aug_aam_B_augOn_ap0p2_fn0p005_en0p002_m0p25_s30,./outputs\experiments_final\Mode3_gating_train_vi_full_hubert_fbank_only_bdrop0p3_aug_aam_B_augOn_ap0p2_fn0p005_en0p002_m0p25_s30,2026-05-05T20:39:32.250880,3,gating,fbank_only,train_vi_full,hubert,17.64,0.7384000000000008,9,1275.6579058999996,1137.227778600005,125.09235279999848,126.35864206666722,13.899150311110942,0.0111611850234375,24104.945229338253,9682.2880859375,13976.0,107008833,12328257,408.20630264282227,47.028568267822266,True,estimated_from_precomputed:hubert_base,94680576,0,361.177734375,0.0
Mode3_gating_train_vi_full_hubert_fbank_pitch_bdrop0p3_aug_aam_B_augOn_ap0p2_fn0p005_en0p002_m0p25_s30,./outputs\experiments_final\Mode3_gating_train_vi_full_hubert_fbank_pitch_bdrop0p3_aug_aam_B_augOn_ap0p2_fn0p005_en0p002_m0p25_s30,2026-05-05T21:34:59.450728,3,gating,fbank_pitch,train_vi_full,hubert,15.339999999999998,0.7077999999999997,8,1043.244136100002,929.990612900001,99.58987090000664,116.24882661250012,12.44873386250083,0.0111611850234375,21426.617981634,9698.86474609375,13976.0,107010113,12329537,408.21118545532227,47.033451080322266,True,estimated_from_precomputed:hubert_base,94680576,0,361.177734375,0.0
Mode3_gating_train_vi_full_hubert_mfbe_only_bdrop0p3_aug_aam_B_augOn_ap0p2_fn0p005_en0p002_m0p25_s30,./outputs\experiments_final\Mode3_gating_train_vi_full_hubert_mfbe_only_bdrop0p3_aug_aam_B_augOn_ap0p2_fn0p005_en0p002_m0p25_s30,2026-05-05T14:16:43.369452,3,gating,mfbe_only,train_vi_full,hubert,18.42,0.769999999999999,8,1759.0509318000004,1598.662182000001,146.28169389999948,199.83277275000012,18.285211737499935,0.0111611850234375,21426.617981634,9695.5439453125,13290.0,107008833,12328257,408.20630264282227,47.028568267822266,True,estimated_from_precomputed:hubert_base,94680576,0,361.177734375,0.0
Mode3_gating_train_vi_full_hubert_mfbe_pitch_bdrop0p3_aug_aam_B_augOn_ap0p2_fn0p005_en0p002_m0p25_s30,./outputs\experiments_final\Mode3_gating_train_vi_full_hubert_mfbe_pitch_bdrop0p3_aug_aam_B_augOn_ap0p2_fn0p005_en0p002_m0p25_s30,2026-05-05T17:49:11.391766,3,gating,mfbe_pitch,train_vi_full,hubert,17.32,0.7393000000000003,8,1816.3651231000003,1644.3267938000063,157.57185599999502,205.54084922500078,19.696481999999378,0.0111611850234375,21426.617981634,9684.87744140625,13452.0,107010113,12329537,408.21118545532227,47.033451080322266,True,estimated_from_precomputed:hubert_base,94680576,0,361.177734375,0.0
Mode3_gating_train_vi_full_hubert_mfcc_only_bdrop0p3_aug_aam_B_augOn_ap0p2_fn0p005_en0p002_m0p25_s30,./outputs\experiments_final\Mode3_gating_train_vi_full_hubert_mfcc_only_bdrop0p3_aug_aam_B_augOn_ap0p2_fn0p005_en0p002_m0p25_s30,2026-05-05T16:36:56.989230,3,gating,mfcc_only,train_vi_full,hubert,19.08,0.7693999999999996,8,1018.9016960000008,906.7062047000018,100.15960299999824,113.33827558750022,12.51995037499978,0.0111611850234375,21426.617981634,9746.4501953125,13136.0,106957633,12277057,408.01099014282227,46.833255767822266,True,estimated_from_precomputed:hubert_base,94680576,0,361.177734375,0.0
Mode3_gating_train_vi_full_hubert_mfcc_pitch_bdrop0p3_aug_aam_B_augOn_ap0p2_fn0p005_en0p002_m0p25_s30,./outputs\experiments_final\Mode3_gating_train_vi_full_hubert_mfcc_pitch_bdrop0p3_aug_aam_B_augOn_ap0p2_fn0p005_en0p002_m0p25_s30,2026-05-05T19:34:54.431579,3,gating,mfcc_pitch,train_vi_full,hubert,19.51,0.799700000000001,8,1171.9783647000004,1041.5067365000032,116.6561999000005,130.1883420625004,14.582024987500063,0.0111611850234375,21426.617981634,9675.11865234375,13136.0,106958913,12278337,408.01587295532227,46.838138580322266,True,estimated_from_precomputed:hubert_base,94680576,0,361.177734375,0.0
Mode3_gating_train_vi_full_hubert_pitch_only_bdrop0p3_aug_aam_B_augOn_ap0p2_fn0p005_en0p002_m0p25_s30,./outputs\experiments_final\Mode3_gating_train_vi_full_hubert_pitch_only_bdrop0p3_aug_aam_B_augOn_ap0p2_fn0p005_en0p002_m0p25_s30,2026-05-05T15:44:17.050664,3,gating,pitch_only,train_vi_full,hubert,11.360000000000001,0.7050999999999997,8,1108.1269008,988.6570256000014,107.38958790000106,123.58212820000017,13.423698487500133,0.0111611850234375,21426.617981634,9591.32080078125,13472.0,106907713,12227137,407.82056045532227,46.642826080322266,True,estimated_from_precomputed:hubert_base,94680576,0,361.177734375,0.0
Mode3_gating_train_vi_full_wav2vec2_fbank_only_bdrop0p3_aug_aam_B_augOn_ap0p2_fn0p005_en0p002_m0p25_s30,./outputs\experiments_final\Mode3_gating_train_vi_full_wav2vec2_fbank_only_bdrop0p3_aug_aam_B_augOn_ap0p2_fn0p005_en0p002_m0p25_s30,2026-05-06T13:25:33.893172,3,gating,fbank_only,train_vi_full,wav2vec2,16.969999999999995,0.7290999999999997,8,1027.1346586,912.4547565000103,102.0503660000104,114.05684456250128,12.7562957500013,0.0111611850234375,21426.617981634,9686.271484375,13660.0,107372865,12328257,409.59497451782227,47.028568267822266,True,estimated_from_precomputed:wav2vec2_base,95044608,0,362.56640625,0.0
Mode3_gating_train_vi_full_wav2vec2_fbank_pitch_bdrop0p3_aug_aam_B_augOn_ap0p2_fn0p005_en0p002_m0p25_s30,./outputs\experiments_final\Mode3_gating_train_vi_full_wav2vec2_fbank_pitch_bdrop0p3_aug_aam_B_augOn_ap0p2_fn0p005_en0p002_m0p25_s30,2026-05-06T14:21:59.774819,3,gating,fbank_pitch,train_vi_full,wav2vec2,14.32,0.7013999999999999,8,1034.4305806000048,914.2043069999927,107.59636510000564,114.27553837499909,13.449545637500705,0.0111611850234375,21426.617981634,9682.20556640625,13450.0,107374145,12329537,409.59985733032227,47.033451080322266,True,estimated_from_precomputed:wav2vec2_base,95044608,0,362.56640625,0.0
Mode3_gating_train_vi_full_wav2vec2_mfbe_only_bdrop0p3_aug_aam_B_augOn_ap0p2_fn0p005_en0p002_m0p25_s30,./outputs\experiments_final\Mode3_gating_train_vi_full_wav2vec2_mfbe_only_bdrop0p3_aug_aam_B_augOn_ap0p2_fn0p005_en0p002_m0p25_s30,2026-05-06T07:26:39.575933,3,gating,mfbe_only,train_vi_full,wav2vec2,15.629999999999999,0.7289000000000009,8,1633.48469930001,1478.183409400037,142.4037616999849,184.7729261750046,17.800470212498112,0.0111611850234375,21426.617981634,9676.875,13660.0,107372865,12328257,409.59497451782227,47.028568267822266,True,estimated_from_precomputed:wav2vec2_base,95044608,0,362.56640625,0.0
Mode3_gating_train_vi_full_wav2vec2_mfbe_pitch_bdrop0p3_aug_aam_B_augOn_ap0p2_fn0p005_en0p002_m0p25_s30,./outputs\experiments_final\Mode3_gating_train_vi_full_wav2vec2_mfbe_pitch_bdrop0p3_aug_aam_B_augOn_ap0p2_fn0p005_en0p002_m0p25_s30,2026-05-06T10:56:17.145028,3,gating,mfbe_pitch,train_vi_full,wav2vec2,16.790000000000003,0.7453999999999996,8,1741.91021680001,1586.9258310000005,141.4745751999726,198.36572887500006,17.684321899996576,0.0111611850234375,21426.617981634,9692.63720703125,13976.0,107374145,12329537,409.59985733032227,47.033451080322266,True,estimated_from_precomputed:wav2vec2_base,95044608,0,362.56640625,0.0
Mode3_gating_train_vi_full_wav2vec2_mfcc_only_bdrop0p3_aug_aam_B_augOn_ap0p2_fn0p005_en0p002_m0p25_s30,./outputs\experiments_final\Mode3_gating_train_vi_full_wav2vec2_mfcc_only_bdrop0p3_aug_aam_B_augOn_ap0p2_fn0p005_en0p002_m0p25_s30,2026-05-06T09:44:05.834444,3,gating,mfcc_only,train_vi_full,wav2vec2,16.900000000000006,0.7317999999999991,8,1049.9915888999967,934.2760952999961,103.13368660002016,116.78451191249951,12.89171082500252,0.0111611850234375,21426.617981634,9732.4765625,13660.0,107321665,12277057,409.39966201782227,46.833255767822266,True,estimated_from_precomputed:wav2vec2_base,95044608,0,362.56640625,0.0
Mode3_gating_train_vi_full_wav2vec2_mfcc_pitch_bdrop0p3_aug_aam_B_augOn_ap0p2_fn0p005_en0p002_m0p25_s30,./outputs\experiments_final\Mode3_gating_train_vi_full_wav2vec2_mfcc_pitch_bdrop0p3_aug_aam_B_augOn_ap0p2_fn0p005_en0p002_m0p25_s30,2026-05-06T12:28:57.687388,3,gating,mfcc_pitch,train_vi_full,wav2vec2,18.010000000000005,0.7670000000000007,8,1002.9677622000017,889.5258233999921,101.37366789998487,111.19072792499901,12.671708487498108,0.0111611850234375,21426.617981634,9671.97216796875,13136.0,107322945,12278337,409.40454483032227,46.838138580322266,True,estimated_from_precomputed:wav2vec2_base,95044608,0,362.56640625,0.0
Mode3_gating_train_vi_full_wav2vec2_pitch_only_bdrop0p3_aug_aam_B_augOn_ap0p2_fn0p005_en0p002_m0p25_s30,./outputs\experiments_final\Mode3_gating_train_vi_full_wav2vec2_pitch_only_bdrop0p3_aug_aam_B_augOn_ap0p2_fn0p005_en0p002_m0p25_s30,2026-05-06T08:50:40.884785,3,gating,pitch_only,train_vi_full,wav2vec2,11.939999999999998,0.7233999999999998,8,962.1849497999938,855.4593351000076,95.28936119997525,106.93241688750095,11.911170149996906,0.0111611850234375,21426.617981634,9600.33056640625,13186.0,107271745,12227137,409.20923233032227,46.642826080322266,True,estimated_from_precomputed:wav2vec2_base,95044608,0,362.56640625,0.0
Mode3_gating_train_vi_full_wavlm_fbank_only_bdrop0p3_aug_aam_B_augOn_ap0p2_fn0p005_en0p002_m0p25_s30,./outputs\experiments_final\Mode3_gating_train_vi_full_wavlm_fbank_only_bdrop0p3_aug_aam_B_augOn_ap0p2_fn0p005_en0p002_m0p25_s30,2026-05-06T05:08:14.907243,3,gating,fbank_only,train_vi_full,wavlm,15.790000000000004,0.720200000000001,9,1343.4888968000014,1196.8862918999948,131.87660389999655,132.9873657666661,14.652955988888506,0.0111611850234375,24104.945229338253,9688.2607421875,13660.0,107008833,12328257,408.20630264282227,47.028568267822266,True,estimated_from_precomputed:wavlm_base,94680576,0,361.177734375,0.0
Mode3_gating_train_vi_full_wavlm_fbank_pitch_bdrop0p3_aug_aam_B_augOn_ap0p2_fn0p005_en0p002_m0p25_s30,./outputs\experiments_final\Mode3_gating_train_vi_full_wavlm_fbank_pitch_bdrop0p3_aug_aam_B_augOn_ap0p2_fn0p005_en0p002_m0p25_s30,2026-05-06T06:13:37.823047,3,gating,fbank_pitch,train_vi_full,wavlm,14.739999999999998,0.7293999999999997,8,1203.882779200001,1065.8405559000093,123.52726609997626,133.23006948750117,15.440908262497032,0.0111611850234375,21426.617981634,9686.97509765625,13450.0,107010113,12329537,408.21118545532227,47.033451080322266,True,estimated_from_precomputed:wavlm_base,94680576,0,361.177734375,0.0
Mode3_gating_train_vi_full_wavlm_mfbe_only_bdrop0p3_aug_aam_B_augOn_ap0p2_fn0p005_en0p002_m0p25_s30,./outputs\experiments_final\Mode3_gating_train_vi_full_wavlm_mfbe_only_bdrop0p3_aug_aam_B_augOn_ap0p2_fn0p005_en0p002_m0p25_s30,2026-05-05T22:44:14.969669,3,gating,mfbe_only,train_vi_full,wavlm,16.73,0.7535999999999993,8,1621.8167384000044,1472.1530806999872,136.7309832999963,184.0191350874984,17.091372912499537,0.0111611850234375,21426.617981634,9688.6474609375,13660.0,107008833,12328257,408.20630264282227,47.028568267822266,True,estimated_from_precomputed:wavlm_base,94680576,0,361.177734375,0.0
Mode3_gating_train_vi_full_wavlm_mfbe_pitch_bdrop0p3_aug_aam_B_augOn_ap0p2_fn0p005_en0p002_m0p25_s30,./outputs\experiments_final\Mode3_gating_train_vi_full_wavlm_mfbe_pitch_bdrop0p3_aug_aam_B_augOn_ap0p2_fn0p005_en0p002_m0p25_s30,2026-05-06T02:24:23.578898,3,gating,mfbe_pitch,train_vi_full,wavlm,16.15,0.7518999999999992,8,1857.0165761000026,1688.7311469000051,153.98223970000254,211.09139336250064,19.247779962500317,0.0111611850234375,21426.617981634,9688.48095703125,13134.0,107010113,12329537,408.21118545532227,47.033451080322266,True,estimated_from_precomputed:wavlm_base,94680576,0,361.177734375,0.0
Mode3_gating_train_vi_full_wavlm_mfcc_only_bdrop0p3_aug_aam_B_augOn_ap0p2_fn0p005_en0p002_m0p25_s30,./outputs\experiments_final\Mode3_gating_train_vi_full_wavlm_mfcc_only_bdrop0p3_aug_aam_B_augOn_ap0p2_fn0p005_en0p002_m0p25_s30,2026-05-06T01:07:43.127741,3,gating,mfcc_only,train_vi_full,wavlm,17.490000000000002,0.7490000000000002,8,1121.7061697000026,999.363333500005,109.46003679999558,124.92041668750062,13.682504599999447,0.0111611850234375,21426.617981634,9737.404296875,13660.0,106957633,12277057,408.01099014282227,46.833255767822266,True,estimated_from_precomputed:wavlm_base,94680576,0,361.177734375,0.0
Mode3_gating_train_vi_full_wavlm_mfcc_pitch_bdrop0p3_aug_aam_B_augOn_ap0p2_fn0p005_en0p002_m0p25_s30,./outputs\experiments_final\Mode3_gating_train_vi_full_wavlm_mfcc_pitch_bdrop0p3_aug_aam_B_augOn_ap0p2_fn0p005_en0p002_m0p25_s30,2026-05-06T04:02:50.324427,3,gating,mfcc_pitch,train_vi_full,wavlm,18.930000000000003,0.7936000000000005,8,1163.591009200005,1034.1611491999938,115.94140429999243,129.27014364999923,14.492675537499053,0.0111611850234375,21426.617981634,9657.55224609375,13452.0,106958913,12278337,408.01587295532227,46.838138580322266,True,estimated_from_precomputed:wavlm_base,94680576,0,361.177734375,0.0
Mode3_gating_train_vi_full_wavlm_pitch_only_bdrop0p3_aug_aam_B_augOn_ap0p2_fn0p005_en0p002_m0p25_s30,./outputs\experiments_final\Mode3_gating_train_vi_full_wavlm_pitch_only_bdrop0p3_aug_aam_B_augOn_ap0p2_fn0p005_en0p002_m0p25_s30,2026-05-06T00:11:39.724229,3,gating,pitch_only,train_vi_full,wavlm,10.929999999999998,0.6963999999999992,8,1034.6090930999999,928.8634787999981,93.85864929999661,116.10793484999976,11.732331162499577,0.0111611850234375,21426.617981634,9595.10791015625,13452.0,106907713,12227137,407.82056045532227,46.642826080322266,True,estimated_from_precomputed:wavlm_base,94680576,0,361.177734375,0.0
